Date,ticker,target,asset_class,model,used_ml,alpha,band_q_lo,band_q_hi,resid_q_lo,resid_q_hi,resid_fit_n,band_scale,band_scale_fallback,cap_lo,cap_hi,pred_pct_center,pred_pct_lo_uncapped,pred_pct_hi_uncapped,pred_pct_lo_capped,pred_pct_hi_capped,op_pct,y_true_pct,pred_price_center,pred_price_lo_uncapped,pred_price_hi_uncapped,pred_price_lo_capped,pred_price_hi_capped,op_price,abs_err_pct,mae_valid,p95_valid,covU_valid,covC_valid,mae_test,p95_test,covU_test,covC_test,touchC_valid,touchOp_valid,touchC_test,touchOp_test
2026-03-08,000001.SS,target_best_entry,other,"baseline_qroll_a0.12_cal(+0.012,0.846)",False,0.12,0.02,0.98,-0.054699111882551284,0.0731905743280975,757,1.1821184158325195,False,-0.21069876381275293,0.0,-0.1337374343079157,-0.2003207032563173,-0.04464517069969727,-0.2003207032563173,-0.04464517069969727,-0.08028207614298465,,3572.634743882212,3298.032435728373,3940.0685093289953,3298.032435728373,3940.0685093289953,3793.095003150282,,0.04604620093391611,0.07456330539747644,0.9666666666666667,0.9666666666666667,0.012021954514822658,0.025987499544423753,1.0,1.0,1.0,1.0,1.0,1.0
2026-03-08,000001.SS,target_best_sale,other,"baseline_qroll_a0.90_cal(-0.020,0.902)",False,0.9,0.02,0.98,-0.18728751061221455,0.10883232801728204,757,0.6557044982910156,False,0.0,0.25,0.24018577242587752,0.11372936621144877,0.31366929001884297,0.11372936621144877,0.25,0.16431192869722028,,5114.766532589619,4593.235800083351,5417.826803750666,4593.235800083351,5155.2423095703125,4801.848093085859,,0.03353049676556499,0.07937515088624107,0.8666666666666667,0.8666666666666667,0.021471043928463662,0.04750568186397745,1.0,1.0,0.9666666666666667,0.9555555555555556,1.0,1.0
2026-03-08,399001.SZ,target_best_entry,other,"baseline_qroll_a0.12_cal(+0.013,0.826)",False,0.12,0.02,0.98,-0.07186327980024294,0.12572188710695215,757,1.2214884757995605,False,-0.25,0.0,-0.16838593402484298,-0.24625256664741363,-0.032161425163221985,-0.24625256664741363,-0.032161425163221985,-0.08665122870787038,,11786.158362406715,10682.58339802609,13716.817907470382,10682.58339802609,13716.817907470382,12944.554089444917,,0.06683472286150892,0.12439823516568181,1.0,1.0,0.02446905223655623,0.04681354194155966,1.0,1.0,1.0,1.0,1.0,1.0
2026-03-08,399001.SZ,target_best_sale,other,"baseline_qroll_a0.92_cal(-0.026,0.897)",False,0.92,0.02,0.98,-0.19576484077476167,0.16906754859325718,757,0.6991984844207764,False,0.0,0.25,0.25,0.1285800193420948,0.3548614163750249,0.1285800193420948,0.25,0.1771480116052569,,17715.787353515625,15994.94690727288,19201.949396786345,15994.94690727288,17715.787353515625,16683.283085769977,,0.05533277677077211,0.11795597123375452,0.8444444444444444,0.7555555555555555,0.05943901199379948,0.15956995365987767,0.8888888888888888,0.8888888888888888,0.9888888888888889,0.9555555555555556,1.0,1.0
2026-03-08,ABCB4.SA,target_best_entry,equity_br,"baseline_qroll_a0.12_cal(+0.005,0.765)",False,0.12,0.02,0.98,-0.06155882687238583,0.06776405829467114,757,0.6507277488708496,False,-0.22774668121246067,0.0,-0.15179045104649522,-0.19951975570346833,-0.09924995364806109,-0.19951975570346833,-0.09924995364806109,-0.12026615260743474,,21.926217164014364,20.692414620424323,23.284389041806495,20.692414620424323,23.284389041806495,22.74112029068964,,0.02119586154833516,0.05225174539033281,0.8555555555555555,0.8555555555555555,0.03516874227512464,0.055657096646487575,0.5,0.5,1.0,1.0,1.0,1.0
2026-03-08,ABCB4.SA,target_best_sale,equity_br,"baseline_ewmgauss_a0.85_cal(+0.005,0.700)",False,0.85,0.02,0.98,-0.14270920997051345,0.11241930028303064,757,0.5323021411895752,False,0.0,0.26,0.14797505606182262,0.057463160371207744,0.21927587808257376,0.057463160371207744,0.21927587808257376,0.09366791864745369,,29.675155637115846,27.335423098985903,31.51828191355137,27.335423098985903,31.51828191355137,28.271316114237877,,0.03810662287848065,0.06519248512072366,0.9333333333333333,0.9333333333333333,0.0892523283895639,0.1733562671376748,0.26666666666666666,0.26666666666666666,1.0,1.0,0.6888888888888889,0.37777777777777777
2026-03-08,ABEV3.SA,target_best_entry,equity_br,"baseline_qroll_a0.12_cal(+0.008,0.757)",False,0.12,0.02,0.98,-0.07713301416023993,0.08056948080618713,757,1.2578794956207275,False,-0.17704079873135736,0.0,-0.11365789153840739,-0.17704079873135736,-0.01596002225296403,-0.17704079873135736,-0.01596002225296403,-0.05503916996714138,,13.498989906134836,12.533668258600601,14.986928410629604,12.533668258600601,14.986928410629604,14.391753008831698,,0.036342153276402604,0.0796739384176747,0.9888888888888889,0.9888888888888889,0.02513873884200457,0.04384466816968414,1.0,1.0,1.0,1.0,1.0,1.0
2026-03-08,ABEV3.SA,target_best_sale,equity_br,"baseline_ewmgauss_a0.82_cal(+0.003,0.700)",False,0.82,0.02,0.98,-0.13272111903882716,0.22566136322865632,757,2.6282846927642822,False,0.0,0.3,0.1872038639110483,0.0,0.4190675485932572,0.0,0.3,0.07488154556441932,,18.081114303906464,15.229999542236328,21.612398115477735,15.229999542236328,19.798999404907228,16.370445446904384,,0.09074790118531292,0.1409271675555851,1.0,1.0,0.16502241983852503,0.24058302465679565,1.0,0.2111111111111111,1.0,1.0,1.0,0.7111111111111111
2026-03-08,AGRO3.SA,target_best_entry,equity_br,"baseline_qroll_a0.12_cal(+0.010,0.837)",False,0.12,0.02,0.98,-0.058626885411076475,0.07026279155248431,757,0.5537278652191162,False,-0.23179264294174212,0.0,-0.16818885108434484,-0.21696303442909504,-0.10973426572703766,-0.21696303442909504,-0.10973426572703766,-0.13311609986996054,,17.642713706955195,16.60821332286714,18.882535408866907,16.60821332286714,18.882535408866907,18.386606728102223,,0.02024488459793738,0.0593420383677962,0.9222222222222223,0.9222222222222223,0.014250428952128736,0.04245977023667514,0.8222222222222222,0.8222222222222222,1.0,1.0,1.0,0.9777777777777777
2026-03-08,AGRO3.SA,target_best_sale,equity_br,"baseline_qroll_a0.82_cal(+0.005,0.704)",False,0.82,0.02,0.98,-0.1254859096208628,0.10146172069761825,757,0.500023365020752,False,0.0,0.26,0.15683731192853748,0.06256545398763987,0.23306088913289524,0.06256545398763987,0.23306088913289524,0.10027419716399891,,24.53651832688809,22.537012306270114,26.15322032960775,22.537012306270114,26.15322032960775,23.336814714517303,,0.029878230679183156,0.060923486216093135,0.9888888888888889,0.9888888888888889,0.030062317732648457,0.0835831167206114,0.6222222222222222,0.6222222222222222,1.0,1.0,0.8888888888888888,0.8
2026-03-08,ALUP11.SA,target_best_entry,equity_br,"baseline_qroll_a0.12_cal(-0.004,0.729)",False,0.12,0.02,0.98,-0.04263056506453285,0.060343518501142855,757,0.8669359683990479,False,-0.15447867391449605,0.0,-0.09666135824384975,-0.1437725793811781,-0.029975475943008187,-0.1437725793811781,-0.029975475943008187,-0.05664982886334481,,30.550912588515924,28.957611104028683,32.80622910757947,28.957611104028683,32.80622910757947,31.904102499954053,,0.015475485361827405,0.035595775781637175,1.0,1.0,0.018706870807303228,0.04645433107016144,0.8444444444444444,0.8444444444444444,1.0,1.0,1.0,0.9888888888888889
2026-03-08,ALUP11.SA,target_best_sale,equity_br,"baseline_qroll_a0.82_cal(+0.009,0.700)",False,0.82,0.02,0.98,-0.09302710302504054,0.06771438800028318,757,0.837437629699707,False,0.0,0.2528596002100187,0.10460117427487692,0.005294550080649316,0.17688642301444235,0.005294550080649316,0.17688642301444235,0.04501719975834036,,37.35761137687881,33.99906137693601,39.8022984671912,33.99906137693601,39.8022984671912,35.342481376913135,,0.034237672350638834,0.0768641307058478,0.9444444444444444,0.9444444444444444,0.01964977951724443,0.04223995960318772,1.0,1.0,1.0,1.0,1.0,1.0
2026-03-08,ASAI3.SA,target_best_entry,equity_br,"baseline_qroll_a0.10_cal(-0.006,0.780)",False,0.1,0.02,0.98,-0.21202836822305238,0.14867366549088382,757,0.7220728397369385,False,-0.18475617958292614,0.0,-0.15394297767253298,-0.30333316487282264,-0.04919101968891447,-0.18475617958292614,-0.04919101968891447,-0.09109180288236188,,6.9292066578423,5.705701087358546,7.787125149772464,6.676846547125914,7.787125149772464,7.443957753000399,,0.042770927160689365,0.08988434989185555,0.9888888888888889,0.9666666666666667,0.04964607989018763,0.10594584609951509,1.0,0.34444444444444444,1.0,1.0,0.9333333333333333,0.5222222222222223
2026-03-08,ASAI3.SA,target_best_sale,equity_br,"baseline_ewmgauss_a0.82_cal(+0.030,0.700)",False,0.82,0.02,0.98,-0.20398835587245157,0.23827696048795977,757,1.4155700206756592,False,0.0,0.3,0.2268556526192684,0.0,0.4190675485932572,0.0,0.3,0.09074226104770737,,10.047947280142688,8.1899995803833,11.622162627514335,8.1899995803833,10.64699945449829,8.933178660287055,,0.1329734262588816,0.22624843229862207,0.9666666666666667,0.4111111111111111,0.08867852360607456,0.19680541276696534,1.0,0.9777777777777777,1.0,0.6,1.0,1.0
2026-03-08,AXIA3.SA,target_best_entry,equity_br,"baseline_qroll_a0.08_cal(+0.030,1.049)",False,0.08,0.02,0.98,-0.07329605131850128,0.11369736875801723,757,0.500023365020752,False,-0.1891553741016255,0.0,-0.1891553741016255,-0.1891553741016255,-0.15337287489196338,-0.1891553741016255,-0.15337287489196338,-0.16768587457582823,,47.83172584272089,47.83172584272089,49.9425355311586,47.83172584272089,49.9425355311586,49.098211655783516,,0.02492102140764585,0.06523483550202214,0.7888888888888889,0.7888888888888889,0.0383113924558419,0.06494824164419322,0.4,0.4,0.9666666666666667,0.8555555555555555,0.8111111111111111,0.5555555555555556
2026-03-08,AXIA3.SA,target_best_sale,equity_br,"baseline_ewmgauss_a0.82_cal(-0.030,0.770)",False,0.82,0.02,0.98,-0.12095335003014525,0.15307433691389796,757,0.9061307907104492,False,0.0,0.3,0.20215988695688542,0.1331774159015136,0.2894616939167709,0.1331774159015136,0.2894616939167709,0.16077040432366232,,70.91541374937214,66.84613766603096,76.06534748846896,66.84613766603096,76.06534748846896,68.47384809936743,,0.04079519510749108,0.10077259184875702,0.9666666666666667,0.9666666666666667,0.11954422585490815,0.22235292471954937,0.5333333333333333,0.35555555555555557,1.0,1.0,1.0,0.7
2026-03-08,AXIA6.SA,target_best_entry,equity_br,"baseline_qroll_a0.12_cal(+0.010,0.860)",False,0.12,0.02,0.98,-0.07565957811247562,0.09185165829299298,757,0.5505034923553467,False,-0.2124970598989644,0.0,-0.20885815584093476,-0.2124970598989644,-0.1450190491059356,-0.2124970598989644,-0.1450190491059356,-0.17055469179993527,,50.862509885298294,50.62856474007605,54.96672611573784,50.62856474007605,54.96672611573784,53.32503962356203,,0.02312471498439793,0.069650608905971,0.7666666666666667,0.7666666666666667,0.013382533734221895,0.051081818279168634,0.9,0.9,0.9666666666666667,0.8777777777777778,0.9444444444444444,0.9
2026-03-08,AXIA6.SA,target_best_sale,equity_br,"baseline_qroll_a0.88_cal(-0.010,0.821)",False,0.88,0.02,0.98,-0.15529830447518822,0.10338096572997779,757,0.5643355846405029,False,0.0,0.3,0.3,0.18935192269693418,0.37365763023886556,0.18935192269693418,0.3,0.23361115361816048,,83.57700119018556,76.4634361990701,88.3124503056778,76.4634361990701,83.57700119018556,79.30886219551628,,0.05222997595015553,0.09581638248627677,0.7666666666666667,0.7666666666666667,0.04189948312774323,0.11906754859325719,0.6777777777777778,0.35555555555555557,1.0,1.0,0.9333333333333333,0.6444444444444445
2026-03-08,BBAS3.SA,target_best_entry,equity_br,"baseline_qroll_a0.08_cal(+0.030,1.187)",False,0.08,0.02,0.98,-0.1513743315426046,0.0607769203723649,757,25.0,False,-0.14201299668489792,0.0,-0.14201299668489792,-0.14201299668489792,0.0,-0.14201299668489792,0.0,-0.05680519867395917,,21.235178332048775,21.235178332048775,24.75,21.235178332048775,24.75,23.34407133281951,,0.11357503350597745,0.22308111957662996,0.0,0.0,0.033310436049703414,0.08063639697777845,1.0,1.0,0.8222222222222222,0.12222222222222222,1.0,1.0
2026-03-08,BBAS3.SA,target_best_sale,equity_br,"baseline_qroll_a0.92_cal(-0.030,0.919)",False,0.92,0.02,0.98,-0.15892517451778637,0.08077196084612526,757,0.5648496150970459,False,0.0,0.3,0.3,0.20148942832471822,0.34941781189576465,0.20148942832471822,0.3,0.24089365699483092,,32.175000000000004,29.736863351036774,33.398090844420175,29.736863351036774,32.175000000000004,30.712118010622067,,0.022979555554540995,0.04908136906915079,1.0,1.0,0.06541604316104636,0.11451984315857305,0.45555555555555555,0.45555555555555555,1.0,1.0,0.8888888888888888,0.6333333333333333
2026-03-08,BBDC4.SA,target_best_entry,equity_br,"baseline_qroll_a0.12_cal(+0.007,0.807)",False,0.12,0.02,0.98,-0.08522512609505262,0.15102705590867904,757,0.500023365020752,False,-0.19350536092183826,0.0,-0.1643130901873334,-0.19350536092183826,-0.06197773169423747,-0.19350536092183826,-0.06197773169423747,-0.10291187509147584,,16.33767844925912,15.766969578671484,18.338334629723462,15.766969578671484,18.338334629723462,17.538072157537723,,0.017862816948862208,0.04266345337252266,1.0,1.0,0.0229181761260964,0.05773428051339473,0.7444444444444445,0.7444444444444445,1.0,1.0,0.9777777777777777,0.9222222222222223
2026-03-08,BBDC4.SA,target_best_sale,equity_br,"baseline_qroll_a0.82_cal(+0.012,0.703)",False,0.82,0.02,0.98,-0.1928020476803967,0.16436736638160443,757,1.0718121528625488,False,0.0,0.3,0.1891192832647012,0.0,0.4190675485932572,0.0,0.3,0.07564771330588049,,23.247281080598896,19.549999237060547,27.742769492335558,19.549999237060547,25.41499900817871,21.02891197447589,,0.09938054564034228,0.18899588171334814,1.0,0.5111111111111111,0.03915036898395124,0.09070907646202775,1.0,1.0,1.0,0.8333333333333334,1.0,1.0
2026-03-08,BBSE3.SA,target_best_entry,equity_br,"baseline_qroll_a0.18_cal(-0.005,0.833)",False,0.18,0.02,0.98,-0.06527396581450343,0.08387203979805061,757,13.25769853591919,False,-0.143266968970677,0.0,-0.10902515565675625,-0.143266968970677,0.0,-0.143266968970677,0.0,-0.043610062262702504,,30.471340356298796,29.300270314838276,34.20000076293945,29.300270314838276,34.20000076293945,32.70853660028319,,0.033648290406763245,0.07613436275662087,0.4777777777777778,0.4777777777777778,0.017590526530048542,0.035367482841012085,1.0,1.0,1.0,0.8555555555555555,1.0,1.0
2026-03-08,BBSE3.SA,target_best_sale,equity_br,"baseline_qroll_a0.88_cal(+0.000,0.737)",False,0.88,0.02,0.98,-0.0967209814539178,0.08153815120447297,757,0.5640435218811035,False,0.0,0.3,0.1399869354339718,0.06568321002062494,0.20262679192359706,0.06568321002062494,0.20262679192359706,0.09540470018596368,,38.98755406158284,36.446366595757134,41.129837201318445,36.446366595757134,41.129837201318445,37.46284158208742,,0.04740429091316199,0.07234998947755544,0.6555555555555556,0.6555555555555556,0.033940189596804365,0.062396663380524665,0.5444444444444444,0.5444444444444444,1.0,1.0,0.9777777777777777,0.8222222222222222
2026-03-08,BEEF3.SA,target_best_entry,equity_br,"baseline_ewmgauss_a0.18_cal(-0.026,0.700)",False,0.18,0.02,0.98,-0.14059995427847288,0.1777438913395611,757,0.9170539379119873,False,-0.3,0.0,-0.1942877971374914,-0.30875832058317243,-0.049576254482124826,-0.3,-0.049576254482124826,-0.10746087154427145,,3.6257049128812886,3.110587557375724,4.276906854830439,3.15,4.276906854830439,4.016426078050778,,0.10196899070188105,0.17112326095539046,0.9111111111111111,0.7888888888888889,0.046483230135085034,0.08783192115182782,0.8666666666666667,0.8666666666666667,1.0,0.9333333333333333,1.0,1.0
2026-03-08,BEEF3.SA,target_best_sale,equity_br,"baseline_ewmgauss_a0.82_cal(+0.006,0.700)",False,0.82,0.02,0.98,-0.17306274239223704,0.2501343484168305,757,1.1058316230773926,False,0.0,0.3,0.21591723575391425,0.04601222161999427,0.4190675485932572,0.04601222161999427,0.3,0.11397422727356227,,5.471627560892614,4.7070549972899745,6.3858039686696575,4.7070549972899745,5.8500000000000005,5.01288402273103,,0.09904753151160388,0.20708797728441009,0.9888888888888889,0.8555555555555555,0.12481896188202109,0.19283679812054128,0.7777777777777778,0.7777777777777778,1.0,0.9666666666666667,0.9666666666666667,1.0
2026-03-08,BRCO11.SA,target_best_entry,equity_br,"baseline_qroll_a0.12_cal(-0.005,0.728)",False,0.12,0.02,0.98,-0.09450328051366566,0.03885994082340982,757,0.9551272392272949,False,-0.04549019813266275,0.0,-0.04549019813266275,-0.14336464367993296,0.0,-0.04549019813266275,0.0,-0.0181960792530651,,115.95385393507014,104.06406596142975,121.4800033569336,115.95385393507014,121.4800033569336,119.26954358818821,,0.014219174931417852,0.025586118077449396,1.0,0.9555555555555556,0.011673718424581158,0.020596119392461042,1.0,1.0,1.0,1.0,1.0,1.0
2026-03-08,BRCO11.SA,target_best_sale,equity_br,"baseline_qroll_a0.82_cal(+0.011,0.700)",False,0.82,0.02,0.98,-0.06359444943913774,0.11139897268460504,757,0.7586507797241211,False,0.0,0.11408383200186926,0.0491926205727471,0.0,0.1655589597905127,0.0,0.11408383200186926,0.01967704822909884,,127.45592306924728,121.4800033569336,141.59210634805552,121.4800033569336,135.33890765149252,123.87037124185908,,0.03330117250550103,0.07524288906549803,0.6666666666666666,0.6666666666666666,0.014401040162286747,0.03293714674357266,1.0,1.0,0.8888888888888888,0.9555555555555556,1.0,1.0
2026-03-08,BRCR11.SA,target_best_entry,equity_br,"baseline_qroll_a0.12_cal(+0.000,0.833)",False,0.12,0.02,0.98,-0.06146395823129091,0.09940263822418816,757,0.6223275661468506,False,-0.16070363665070325,0.0,-0.11127241664538962,-0.14971391866427333,-0.049102865123858176,-0.14971391866427333,-0.049102865123858176,-0.07397068573247076,,43.00552721609333,41.14534295686238,46.01391177627495,41.14534295686238,46.01391177627495,44.8105579522023,,0.011716197560646515,0.03383288668608675,0.9,0.9,0.0447072716824294,0.07718661406420947,0.8444444444444444,0.8444444444444444,1.0,0.9555555555555556,1.0,1.0
2026-03-08,BRCR11.SA,target_best_sale,equity_br,"baseline_qroll_a0.88_cal(+0.004,0.700)",False,0.88,0.02,0.98,-0.1329527290831397,0.07243106522479266,757,0.6533679962158203,False,0.0,0.18271370234289602,0.08500124938181074,0.0,0.1325614321424299,0.0,0.1325614321424299,0.034000499752724296,,52.50320979535361,48.38999938964844,54.804647010111545,48.38999938964844,54.804647010111545,50.03528355193051,,0.04993272580407159,0.08681846733397482,0.6,0.6,0.06396322413552595,0.11437217744902387,0.35555555555555557,0.2777777777777778,1.0,0.9888888888888889,0.9222222222222223,0.37777777777777777
2026-03-08,BRKM5.SA,target_best_entry,equity_br,"baseline_ewmgauss_a0.18_cal(-0.026,0.700)",False,0.18,0.02,0.98,-0.17620839548983758,0.19590885567560645,757,0.6667211055755615,False,-0.3,0.0,-0.2486514294404833,-0.38803359427397704,-0.08595698870814655,-0.3,-0.08595698870814655,-0.15103476500108126,,9.391857131993959,7.649580071575287,11.425537641148168,8.75,11.425537641148168,10.612065437486484,,0.053242569762849606,0.15108376405659169,0.9333333333333333,0.8222222222222222,0.16359403416669302,0.2384495827308235,0.3333333333333333,0.28888888888888886,0.9777777777777777,1.0,0.6333333333333333,1.0
2026-03-08,BRKM5.SA,target_best_sale,equity_br,"baseline_ewmgauss_a0.85_cal(-0.001,0.700)",False,0.85,0.02,0.98,-0.2300406829987404,0.19435002167911286,757,0.6349563598632812,False,0.0,0.3,0.21694922846551415,0.03501141622633386,0.3706595082821006,0.03501141622633386,0.3,0.10778654112200599,,15.211865355818926,12.937642702829171,17.13324385352626,12.937642702829171,16.25,13.847331764025075,,0.07046470435993481,0.15472220123777936,0.9666666666666667,0.9666666666666667,0.17736269680141498,0.23122114606950983,0.15555555555555556,0.12222222222222222,1.0,0.9888888888888889,1.0,0.4666666666666667
2026-03-08,BRL=X,target_best_entry,fx,"baseline_ewmgauss_a0.12_cal(+0.001,0.700)",False,0.12,0.02,0.98,-0.04110852972117311,0.0582970623077054,757,1.6585195064544678,False,-0.11862978215593084,0.0,-0.04785915404460194,-0.11862978215593084,0.0,-0.11862978215593084,0.0,-0.019143661617840778,,5.011498202697076,4.639004073188549,5.263400077819824,4.639004073188549,5.263400077819824,5.162639327770725,,0.01087545214055756,0.02999986220954405,1.0,1.0,0.01889886295759788,0.03788727192694782,1.0,1.0,1.0,1.0,1.0,1.0
2026-03-08,BRL=X,target_best_sale,fx,"baseline_qroll_a0.88_cal(-0.005,0.769)",False,0.88,0.02,0.98,-0.06115266465843013,0.05872852126941972,757,0.8256382942199707,False,0.0,0.15,0.10930534510001824,0.05637647561250705,0.16013606940002847,0.05637647561250705,0.15,0.07754802340751152,,5.838717839725383,5.560132023945902,6.106260277961694,5.560132023945902,6.052910089492797,5.671566350257693,,0.02601955828109441,0.05464179552950007,1.0,1.0,0.014498722357272236,0.03024292335898092,0.9777777777777777,0.9777777777777777,1.0,1.0,1.0,1.0
2026-03-08,BRSR6.SA,target_best_entry,equity_br,"baseline_qroll_a0.12_cal(+0.009,0.879)",False,0.12,0.02,0.98,-0.08569106794747929,0.12355356138824193,757,0.500023365020752,False,-0.21972679113493837,0.0,-0.21972679113493837,-0.21972679113493837,-0.1487377564146116,-0.21972679113493837,-0.1487377564146116,-0.1771333703027423,,14.060523580929141,14.060523580929141,15.339746019085629,14.060523580929141,15.339746019085629,14.828057043823035,,0.02780865918277969,0.058379965160405056,0.8555555555555555,0.8555555555555555,0.012723327723941568,0.029667409597280474,1.0,1.0,1.0,0.9666666666666667,1.0,1.0
2026-03-08,BRSR6.SA,target_best_sale,equity_br,"baseline_ewmgauss_a0.82_cal(-0.005,0.700)",False,0.82,0.02,0.98,-0.18353987488740578,0.1530080079085914,757,0.5083062648773193,False,0.0,0.3,0.21097537308101375,0.10377369149574146,0.3003440497997706,0.10377369149574146,0.3,0.1466543641298504,,21.8217767772604,19.890002426020757,23.432200372642132,19.890002426020757,23.426000595092773,20.662712166516616,,0.08045295904361448,0.14449024532245744,0.5222222222222223,0.5222222222222223,0.20217259924971936,0.24635058820999134,0.0,0.0,1.0,0.9444444444444444,0.3111111111111111,0.022222222222222223
2026-03-08,BTC-USD,target_best_entry,crypto,"baseline_qroll_a0.12_cal(+0.001,0.749)",False,0.12,0.02,0.98,-0.09885195648896668,0.16029846450420165,757,0.8462462425231934,False,-0.257899975080186,0.0,-0.257899975080186,-0.38190396786929215,-0.056814934960596114,-0.257899975080186,-0.056814934960596114,-0.13724895100843207,,48956.17630957968,40775.66003115577,62221.7124189165,48956.17630957968,62221.7124189165,56915.497975181774,,0.06501435572921675,0.1565808780712269,0.9555555555555556,0.9555555555555556,0.06435702973019168,0.14594313559379507,0.6777777777777778,0.07777777777777778,1.0,1.0,0.9222222222222223,0.4777777777777778
2026-03-08,BTC-USD,target_best_sale,crypto,"baseline_ewmgauss_a0.82_cal(+0.004,0.859)",False,0.82,0.02,0.98,-0.3144905671712174,0.12361651965443282,757,0.8227293491363525,False,0.0,0.35,0.2577994072402298,0.0,0.4085597613107801,0.0,0.35,0.10311976289609193,,82976.75175201763,65969.78125,92922.37933122438,65969.78125,89059.20468750001,72772.56945080706,,0.09091220714339282,0.1824497882880216,0.9888888888888889,0.7555555555555555,0.20539143304201793,0.26426047065870406,0.6444444444444445,0.6444444444444445,1.0,1.0,1.0,1.0
2026-03-08,BTLG11.SA,target_best_entry,equity_br,"baseline_qroll_a0.12_cal(+0.001,0.826)",False,0.12,0.02,0.98,-0.03490731710689914,0.06408638259761654,757,0.8493187427520752,False,-0.1504941220262601,0.0,-0.08300808419495072,-0.10646161777180274,-0.039949715616544014,-0.10646161777180274,-0.039949715616544014,-0.057173063047906696,,95.36715924372513,92.92799175173252,99.84522957587942,92.92799175173252,99.84522957587942,98.0540014430177,,0.008484426709273032,0.015952212775851897,1.0,1.0,0.003467821242577015,0.009432579845811622,1.0,1.0,1.0,1.0,1.0,1.0
2026-03-08,BTLG11.SA,target_best_sale,equity_br,"baseline_qroll_a0.88_cal(+0.003,0.703)",False,0.88,0.02,0.98,-0.054337214350759444,0.04766759418472619,757,0.993994951248169,False,0.0,0.09077063257507341,0.08160327001421025,0.038876245167725844,0.11908576714694127,0.038876245167725844,0.09077063257507341,0.05596705510631961,,112.48674008147786,108.04312949744349,116.38491978328189,108.04312949744349,113.44014578780764,109.82057373105724,,0.02542508097599737,0.04532362486324116,0.45555555555555555,0.4222222222222222,0.02399205696586392,0.04178625691968968,0.9222222222222223,0.9222222222222223,0.9666666666666667,1.0,1.0,1.0
2026-03-08,BZ=F,target_best_entry,future,"baseline_ewmgauss_a0.18_cal(-0.017,0.700)",False,0.18,0.02,0.98,-0.10686233206616853,0.15737799858192605,757,1.4942634105682373,False,-0.23821860351640023,0.0,-0.1406706829182583,-0.23821860351640023,0.0,-0.23821860351640023,0.0,-0.05626827316730332,,79.6512364982786,70.60951949988272,92.69000244140625,70.60951949988272,92.69000244140625,87.47449606415519,,0.08017675839343993,0.1429872326634052,1.0,1.0,0.051595692067060564,0.09179378421033488,1.0,1.0,1.0,1.0,1.0,1.0
2026-03-08,BZ=F,target_best_sale,future,"baseline_qroll_a0.92_cal(-0.012,0.756)",False,0.92,0.02,0.98,-0.09182334274986034,0.12431360244738504,757,1.2170374393463135,False,0.0,0.28,0.2258920580675118,0.06752758071125212,0.4190675485932572,0.06752758071125212,0.28,0.13087337165375598,,113.6279378551782,98.94913406239446,131.53337454362938,98.94913406239446,118.643203125,104.82065557950796,,0.06097008553400255,0.1585933788290584,0.9555555555555556,0.8777777777777778,0.05799622633945818,0.2274801004591618,0.8777777777777778,0.8777777777777778,1.0,1.0,0.8888888888888888,0.8777777777777778
2026-03-08,CL=F,target_best_entry,future,"baseline_qroll_a0.15_cal(+0.022,0.898)",False,0.15,0.02,0.98,-0.12717055714877848,0.14761523516583538,757,0.7789199352264404,False,-0.24183359166547608,0.0,-0.18324420028412078,-0.24183359166547608,-0.020182658554571214,-0.24183359166547608,-0.020182658554571214,-0.08540727524639105,,66.165389079762,61.41906235879796,79.37500492360984,61.41906235879796,79.37500492360984,74.0911585860707,,0.0736531941334199,0.15450288866248246,0.9333333333333333,0.9333333333333333,0.019119611943089535,0.048286816770517216,1.0,1.0,1.0,1.0,1.0,1.0
2026-03-08,CL=F,target_best_sale,future,"baseline_qroll_a0.90_cal(-0.016,0.790)",False,0.9,0.02,0.98,-0.11188510844012936,0.14783014297491795,757,1.2849478721618652,False,0.0,0.28,0.2430751011226911,0.03919007128260432,0.4190675485932572,0.03919007128260432,0.28,0.12074408321863904,,100.70151659744411,84.18478989455328,114.95866514299509,84.18478989455328,103.69280273437501,90.79148057570961,,0.06669405842375116,0.1597688044953223,1.0,0.6444444444444445,0.06048550607772928,0.22560825424673317,0.8777777777777778,0.8777777777777778,1.0,0.9444444444444444,0.9111111111111111,0.8777777777777778
2026-03-08,CMIG4.SA,target_best_entry,equity_br,"baseline_ewmgauss_a0.15_cal(+0.021,0.700)",False,0.15,0.02,0.98,-0.09172396910633375,0.08369102341267351,757,0.6522347927093506,False,-0.19659135369697597,0.0,-0.04165415926612773,-0.10945541517383284,0.0,-0.10945541517383284,0.0,-0.016661663706451092,,11.078478321021482,10.294695774277871,11.5600004196167,10.294695774277871,11.5600004196167,11.367391580178612,,0.035237114032783665,0.057041319533518896,0.8444444444444444,0.8444444444444444,0.01964896335054397,0.04366803092701896,0.9666666666666667,0.9666666666666667,1.0,1.0,1.0,1.0
2026-03-08,CMIG4.SA,target_best_sale,equity_br,"baseline_ewmgauss_a0.82_cal(+0.030,0.700)",False,0.82,0.02,0.98,-0.15467499647620672,0.08643186704801646,757,0.8092126846313477,False,0.0,0.22,0.15600409679933075,0.014152661735063021,0.23527020092321949,0.014152661735063021,0.22,0.07089323576077011,,13.363407844078887,11.72360519521272,14.279724041012422,11.72360519521272,14.103200511932373,12.379526254759186,,0.05351344536426494,0.10212232143364498,0.9888888888888889,0.9111111111111111,0.036291809615656936,0.09495259899403931,0.9444444444444444,0.9444444444444444,1.0,1.0,1.0,1.0
2026-03-08,COPX,target_best_entry,other,"baseline_ewmgauss_a0.18_cal(-0.010,0.700)",False,0.18,0.02,0.98,-0.1150493019061227,0.14550682267000858,757,1.686861276626587,False,-0.25,0.0,-0.12392171510587131,-0.33336593253194097,0.0,-0.25,0.0,-0.04956868604234853,,70.04245620370683,53.2973916596656,79.94999694824219,59.96249771118164,79.94999694824219,75.98698065042805,,0.12053704599131379,0.1486017645222804,1.0,0.8888888888888888,0.08149271241753056,0.12467485614596324,1.0,1.0,1.0,1.0,1.0,1.0
2026-03-08,COPX,target_best_sale,other,"baseline_ewmgauss_a0.92_cal(+0.005,0.700)",False,0.92,0.02,0.98,-0.20691917894033912,0.20153811736104807,757,0.9285612106323242,False,0.0,0.25,0.25,0.0,0.4190675485932572,0.0,0.25,0.1,,99.93749618530273,79.94999694824219,113.45444617938043,79.94999694824219,99.93749618530273,87.94499664306642,,0.06337513465395672,0.23263885251755365,0.9444444444444444,0.7444444444444445,0.12511183759922653,0.16906754859325718,1.0,0.044444444444444446,1.0,0.8888888888888888,1.0,0.16666666666666666
2026-03-08,CPFE3.SA,target_best_entry,equity_br,"baseline_ewmgauss_a0.18_cal(-0.007,0.700)",False,0.18,0.02,0.98,-0.04449301542464736,0.08791427613405577,757,0.6803312301635742,False,-0.20000404067757438,0.0,-0.06486072421985274,-0.10123064452724771,0.0,-0.10123064452724771,0.0,-0.0259442896879411,,44.32560309888827,42.60166882082166,47.400001525878906,42.60166882082166,47.400001525878906,46.170242155082654,,0.01979740652050391,0.040573223399349115,1.0,1.0,0.04574393229969058,0.06432505712782324,0.5444444444444444,0.5444444444444444,1.0,1.0,1.0,1.0
2026-03-08,CPFE3.SA,target_best_sale,equity_br,"baseline_qroll_a0.88_cal(+0.003,0.700)",False,0.88,0.02,0.98,-0.10164014395020529,0.10173702709505371,757,0.5507605075836182,False,0.0,0.3,0.17522005108933178,0.10795984947250381,0.24254436497127982,0.10795984947250381,0.24254436497127982,0.134863930119235,,55.70543221487782,52.517298555609244,58.8966047956109,52.517298555609244,58.8966047956109,53.792552019316666,,0.03716052912697794,0.05582735488518571,0.9888888888888889,0.9888888888888889,0.1053156604733921,0.15855360904564786,0.1111111111111111,0.044444444444444446,1.0,1.0,0.2222222222222222,0.25555555555555554
2026-03-08,CPTS11.SA,target_best_entry,equity_br,"baseline_qroll_a0.12_cal(-0.004,0.700)",False,0.12,0.02,0.98,-0.16377939444745918,0.04435283129749741,757,0.8485944271087646,False,-0.04857885662885241,0.0,-0.026507122274195914,-0.10652611009984916,0.0,-0.04857885662885241,0.0,-0.010602848909678365,,7.953436885291431,7.2996817486508805,8.170000076293945,7.773110813929948,8.170000076293945,8.08337479989294,,0.009746168022703157,0.025724890412858633,0.9888888888888889,0.9444444444444444,0.007536470959123348,0.014468773657137182,1.0,1.0,1.0,1.0,1.0,1.0
2026-03-08,CPTS11.SA,target_best_sale,equity_br,"baseline_qroll_a0.82_cal(-0.000,1.300)",False,0.82,0.02,0.98,-0.19927458338052706,0.19906754859325718,757,13.07311487197876,False,0.0,0.22,0.22,0.0,0.24654911128389087,0.0,0.22,0.08800000000000001,,9.967400093078613,8.170000076293945,10.184306334293538,8.170000076293945,9.967400093078613,8.888960083007813,,0.11038685298773407,0.1906210614384645,1.0,1.0,0.03512320130748001,0.06833370172519247,1.0,1.0,1.0,1.0,1.0,1.0
2026-03-08,CSAN3.SA,target_best_entry,equity_br,"baseline_qroll_a0.18_cal(+0.015,0.927)",False,0.18,0.02,0.98,-0.14772460693237735,0.10190874867109459,757,25.0,False,-0.24103419710642224,0.0,-0.21186161647330196,-0.24103419710642224,0.0,-0.24103419710642224,0.0,-0.0847446465893208,,4.500270200002539,4.333694763474576,5.710000038146973,4.333694763474576,5.710000038146973,5.226108102889199,,0.07046593061837704,0.13753722822121603,0.4222222222222222,0.4222222222222222,0.043113899503260396,0.09906847374865707,0.8,0.8,1.0,0.7444444444444445,1.0,0.9555555555555556
2026-03-08,CSAN3.SA,target_best_sale,equity_br,"baseline_qroll_a0.88_cal(-0.021,0.833)",False,0.88,0.02,0.98,-0.15957261561221295,0.10629394505004237,757,0.6304352283477783,False,0.0,0.3,0.2430139060581766,0.14598856116818806,0.3076440848556502,0.14598856116818806,0.3,0.18479869912418348,,7.097609451009406,6.543594727986348,7.466647774408426,6.543594727986348,7.423000049591065,6.765200617195571,,0.05722837037426816,0.12161165654695846,0.7777777777777778,0.7777777777777778,0.11240980684061892,0.2983125150203705,0.5111111111111111,0.5111111111111111,0.9888888888888889,1.0,0.5666666666666667,0.8111111111111111
2026-03-08,CSMG3.SA,target_best_entry,equity_br,"baseline_ewmgauss_a0.18_cal(-0.019,0.700)",False,0.18,0.02,0.98,-0.08062127887468525,0.11623362630024305,757,1.167456865310669,False,-0.26,0.0,-0.1031931737289938,-0.20790182337445462,0.0,-0.20790182337445462,0.0,-0.04127726949159752,,46.784782066299215,41.32232213555935,52.168182373046875,41.32232213555935,52.168182373046875,50.01482225034781,,0.08922137743864676,0.11546034149288473,0.9888888888888889,0.9888888888888889,0.08447782463459028,0.1028356153748648,0.9111111111111111,0.9111111111111111,1.0,1.0,1.0,1.0
2026-03-08,CSMG3.SA,target_best_sale,equity_br,"baseline_ewmgauss_a0.92_cal(+0.007,0.700)",False,0.92,0.02,0.98,-0.22582327888804896,0.19557813594997348,757,0.8667840957641602,False,0.0,0.26,0.26,0.042243225263377815,0.4190675485932572,0.042243225263377815,0.26,0.1293459351580267,,65.73190979003907,54.37193465261247,74.0301746746856,54.37193465261247,65.73190979003907,58.9159247075831,,0.12222902754549396,0.207467581716514,0.9222222222222223,0.2222222222222222,0.11727176942573811,0.15906754859325717,0.6111111111111112,0.0,1.0,0.4222222222222222,0.6333333333333333,0.1111111111111111
2026-03-08,CSNA3.SA,target_best_entry,equity_br,"baseline_ewmgauss_a0.18_cal(-0.030,0.700)",False,0.18,0.02,0.98,-0.13156232726247874,0.20689105006273367,757,0.5391948223114014,False,-0.3,0.0,-0.18676851852368656,-0.27900773025734493,-0.04171584448226312,-0.27900773025734493,-0.04171584448226312,-0.0997369140988325,,5.847134398348172,5.183934460705198,6.890063133005987,5.183934460705198,6.890063133005987,6.472891639142862,,0.03751087477509829,0.09355428511402729,0.9666666666666667,0.9666666666666667,0.14100814950453688,0.19509231219055526,0.15555555555555556,0.15555555555555556,1.0,1.0,0.43333333333333335,0.8555555555555555
2026-03-08,CSNA3.SA,target_best_sale,equity_br,"baseline_qroll_a0.85_cal(-0.024,0.922)",False,0.85,0.02,0.98,-0.26350178729855306,0.172339054163142,757,0.607163667678833,False,0.0,0.3,0.3,0.09196918838134577,0.4190675485932572,0.09196918838134577,0.3,0.17518151302880747,,9.347000074386598,7.8512585269448545,10.203095755585215,7.8512585269448545,9.347000074386598,8.44955514592155,,0.07722827528991262,0.16036391610243447,0.9666666666666667,0.9666666666666667,0.057902443698313606,0.12539777248872241,0.8111111111111111,0.6555555555555556,1.0,1.0,0.9777777777777777,0.8222222222222222
2026-03-08,CURY3.SA,target_best_entry,equity_br,"baseline_qroll_a0.18_cal(-0.027,0.700)",False,0.18,0.02,0.98,-0.19079551246082313,0.07231833844832279,757,0.8457438945770264,False,-0.08213542742141774,0.0,-0.08087928608561094,-0.27093150151084855,-0.0088426838578827,-0.08213542742141774,-0.0088426838578827,-0.037657324748974,,32.794227352958785,26.01316424858697,35.364493342427956,32.74940822971385,35.364493342427956,34.33638694664029,,0.03134761156208648,0.06709167553556059,0.9555555555555556,0.9555555555555556,0.03178699656904018,0.06624338903414642,0.7666666666666667,0.2777777777777778,0.9666666666666667,1.0,0.6666666666666666,0.7111111111111111
2026-03-08,CURY3.SA,target_best_sale,equity_br,"baseline_ewmgauss_a0.82_cal(+0.009,0.700)",False,0.82,0.02,0.98,-0.18406802980175915,0.21702762592400965,757,0.8785367012023926,False,0.0,0.3,0.20909689862934477,0.01863672223008339,0.4190675485932572,0.01863672223008339,0.3,0.09482079278978796,,43.14057771208211,36.34495856003263,50.63233056687246,36.34495856003263,46.38400039672852,39.06320622085242,,0.07204315883461286,0.13097491742821343,1.0,0.9,0.03458339728048057,0.08005668786689404,1.0,0.9666666666666667,1.0,1.0,1.0,1.0
2026-03-08,CXSE3.SA,target_best_entry,equity_br,"baseline_qroll_a0.08_cal(-0.000,0.700)",False,0.08,0.02,0.98,-0.06642383278309953,0.07396850817766917,757,0.7952520847320557,False,-0.1611328302512272,0.0,-0.06627156441466894,-0.13345423506300524,0.0,-0.13345423506300524,0.0,-0.02650862576586758,,16.44295832056029,15.25987144943804,17.610000610351562,15.25987144943804,17.610000610351562,17.143183694435052,,0.022835639812019,0.07374182645880747,0.9333333333333333,0.9333333333333333,0.010894459043285435,0.023603327529787263,1.0,1.0,1.0,0.9555555555555556,1.0,1.0
2026-03-08,CXSE3.SA,target_best_sale,equity_br,"baseline_qroll_a0.88_cal(+0.005,0.777)",False,0.88,0.02,0.98,-0.09276735618399355,0.22378933692738773,757,0.8778941631317139,False,0.0,0.1232957929252581,0.12183693531068036,0.01825933209686509,0.37170460533216665,0.01825933209686509,0.1232957929252581,0.0596903733823912,,19.755549115536006,17.93154745972197,24.155718937121502,17.93154745972197,19.781239599019138,18.661148122047585,,0.046543334273898264,0.08696390277094714,0.9222222222222223,0.8888888888888888,0.0650945710942958,0.11257184356049359,1.0,0.0,1.0,1.0,0.5666666666666667,0.1
2026-03-08,CYRE3.SA,target_best_entry,equity_br,"baseline_qroll_a0.12_cal(+0.011,0.765)",False,0.12,0.02,0.98,-0.10244076677817311,0.146882508713945,757,0.6526203155517578,False,-0.3,0.0,-0.20698444392513524,-0.26393957354151554,-0.12532054599378634,-0.26393957354151554,-0.12532054599378634,-0.15798610516632589,,22.212365907163818,20.617052713573013,24.499771706912284,20.617052713573013,24.499771706912284,23.5848093870129,,0.024103634471306448,0.061489710116419516,0.9333333333333333,0.9333333333333333,0.06033014887898596,0.1181088160767011,0.5666666666666667,0.5666666666666667,1.0,0.9777777777777777,0.9666666666666667,0.8111111111111111
2026-03-08,CYRE3.SA,target_best_sale,equity_br,"baseline_qroll_a0.82_cal(-0.015,0.854)",False,0.82,0.02,0.98,-0.22019530011864344,0.18594451926238248,757,0.7584755420684814,False,0.0,0.3,0.3,0.15771829487126338,0.4190675485932572,0.15771829487126338,0.3,0.214630976922758,,36.41300029754639,32.42768970432478,39.74808236089592,32.42768970432478,36.41300029754639,34.021813941613416,,0.09353770160274127,0.15274812627728648,0.8444444444444444,0.8444444444444444,0.07718743451783887,0.20329197217185174,0.8,0.5777777777777777,1.0,1.0,0.9666666666666667,1.0
2026-03-08,DIRR3.SA,target_best_entry,equity_br,"baseline_qroll_a0.18_cal(+0.003,0.794)",False,0.18,0.02,0.98,-0.0913711650058875,0.12532596638677446,757,0.5020911693572998,False,-0.22,0.0,-0.16726748379324252,-0.22191238999711227,-0.09231576704897924,-0.22,-0.09231576704897924,-0.12229645374668455,,12.50764277462019,11.686876258423615,13.633417594429199,11.715600357055665,13.633417594429199,13.183107666505597,,0.021592004413318763,0.05263745891000566,0.9888888888888889,0.9888888888888889,0.04964298935443694,0.09480917972018567,0.4444444444444444,0.43333333333333335,1.0,1.0,0.9333333333333333,0.6
2026-03-08,DIRR3.SA,target_best_sale,equity_br,"baseline_ewmgauss_a0.88_cal(+0.006,0.700)",False,0.88,0.02,0.98,-0.2071486909998981,0.19906754859325718,757,0.6723170280456543,False,0.0,0.22,0.22,0.05411227792712989,0.3794162242366381,0.05411227792712989,0.22,0.12046736675627795,,18.32440055847168,15.832766896999798,20.718832319480942,15.832766896999798,18.32440055847168,16.82942036158855,,0.06486171565466521,0.142578405328281,0.8555555555555555,0.4666666666666667,0.09074025534562917,0.1961507357307658,0.6666666666666666,0.3888888888888889,0.9222222222222223,0.6333333333333333,0.6666666666666666,0.7666666666666667
2026-03-08,ECOR3.SA,target_best_entry,equity_br,"baseline_qroll_a0.08_cal(+0.004,0.745)",False,0.08,0.02,0.98,-0.1597755979190676,0.2720429807393984,757,0.66748046875,False,-0.3,0.0,-0.22702131315030458,-0.34876062268793323,-0.01974107091614022,-0.3,-0.01974107091614022,-0.10265316780980598,,7.389676570637853,6.225848720374277,9.371275773374716,6.692000293731689,9.371275773374716,8.578636092279972,,0.03785354194310457,0.10438798180842196,0.9444444444444444,0.9444444444444444,0.04272523377988815,0.07532850744843896,0.9888888888888889,0.9888888888888889,1.0,1.0,1.0,1.0
2026-03-08,ECOR3.SA,target_best_sale,equity_br,"baseline_ewmgauss_a0.90_cal(+0.009,0.700)",False,0.9,0.02,0.98,-0.2507875166052902,0.18481908804858274,757,0.7967708110809326,False,0.0,0.3,0.3,0.07190217128481793,0.4190675485932572,0.07190217128481793,0.3,0.16314130277089076,,12.428000545501709,10.247385207270911,13.56628636001598,10.247385207270911,12.428000545501709,11.11963134256323,,0.07870029387963859,0.15146331079222888,0.8111111111111111,0.7,0.10991642734148242,0.15582250798371738,0.26666666666666666,0.2222222222222222,1.0,0.8111111111111111,0.7444444444444445,0.3333333333333333
2026-03-08,EGIE3.SA,target_best_entry,equity_br,"baseline_qroll_a0.12_cal(+0.005,0.744)",False,0.12,0.02,0.98,-0.06222718758447883,0.06800059664374283,757,0.5361106395721436,False,-0.18459950449207155,0.0,-0.10814656704238947,-0.1435795895070841,-0.06942608549693446,-0.1435795895070841,-0.06942608549693446,-0.08491427811511647,,28.655251753530266,27.516788703893074,29.89934086694367,27.516788703893074,29.89934086694367,29.40170522157831,,0.011642244407797929,0.03285885140371561,0.9666666666666667,0.9666666666666667,0.012689890212730582,0.02841151490949069,0.9444444444444444,0.9444444444444444,1.0,1.0,1.0,1.0
2026-03-08,EGIE3.SA,target_best_sale,equity_br,"baseline_qroll_a0.88_cal(-0.000,0.727)",False,0.88,0.02,0.98,-0.08807145689281407,0.09117489219448835,757,0.7006354331970215,False,0.0,0.3,0.16355335545415267,0.09801419438799182,0.23140196561166193,0.09801419438799182,0.23140196561166193,0.12422985881445615,,37.384970553550986,35.27919723849186,39.5649464703819,35.27919723849186,39.5649464703819,36.121506564515514,,0.04644999211834203,0.13270867991133337,0.7111111111111111,0.7111111111111111,0.026102338512670985,0.08310982658308638,0.8777777777777778,0.8777777777777778,0.9444444444444444,0.8222222222222222,0.9777777777777777,0.9111111111111111
2026-03-08,ENGI11.SA,target_best_entry,equity_br,"baseline_qroll_a0.12_cal(+0.000,0.707)",False,0.12,0.02,0.98,-0.0694046890304203,0.08274967716345184,757,0.6098506450653076,False,-0.24230777967938608,0.0,-0.11068138152470904,-0.1551547649514657,-0.057656749149834485,-0.1551547649514657,-0.057656749149834485,-0.0788666020997843,,47.04495627433541,44.692314223198984,49.84995940787544,44.692314223198984,49.84995940787544,48.72795815445943,,0.0159606281681364,0.03155359186930584,0.9777777777777777,0.9777777777777777,0.01950985486427531,0.03617155100344424,0.9888888888888889,0.9888888888888889,1.0,1.0,1.0,1.0
2026-03-08,ENGI11.SA,target_best_sale,equity_br,"baseline_qroll_a0.88_cal(+0.000,0.706)",False,0.88,0.02,0.98,-0.10490490712099487,0.11374339939850249,757,1.1283555030822754,False,0.0,0.3,0.1566150200825119,0.032241013335088414,0.2914678378629779,0.032241013335088414,0.2914678378629779,0.08199061603405781,,61.18493632721934,54.60555118050096,68.31865059357507,54.60555118050096,68.31865059357507,57.237305239188316,,0.05395324220719817,0.10961215501350087,0.9444444444444444,0.9444444444444444,0.023852878303483784,0.07094230154906499,1.0,1.0,1.0,1.0,1.0,1.0
2026-03-08,EQTL3.SA,target_best_entry,equity_br,"baseline_qroll_a0.12_cal(+0.011,0.826)",False,0.12,0.02,0.98,-0.070318001157894,0.1309586610287589,757,0.9099392890930176,False,-0.2945197313681878,0.0,-0.12985926177955817,-0.19893751576946306,-0.0012094779438453773,-0.19893751576946306,-0.0012094779438453773,-0.0526693914781305,,35.2145967379648,32.418999714669305,40.42105364683929,32.418999714669305,40.42105364683929,38.33847088328949,,0.021386175889947803,0.05002368821535478,0.9666666666666667,0.9666666666666667,0.017583843376305995,0.034559117751092217,1.0,1.0,1.0,1.0,1.0,1.0
2026-03-08,EQTL3.SA,target_best_sale,equity_br,"baseline_qroll_a0.82_cal(+0.003,0.758)",False,0.82,0.02,0.98,-0.1194429075676561,0.10233446762374082,757,1.0891139507293701,False,0.0,0.3,0.1667987615356092,0.026357052635027134,0.2871242610163439,0.026357052635027134,0.2871242610163439,0.08253373619525996,,47.220347303661,41.53667117301681,52.08992041452805,41.53667117301681,52.08992041452805,43.81014162527449,,0.07093548296349769,0.11801432572109953,0.8333333333333334,0.8333333333333334,0.04903211667863883,0.07881300125963112,1.0,1.0,1.0,1.0,1.0,1.0
2026-03-08,FLRY3.SA,target_best_entry,equity_br,"baseline_qroll_a0.18_cal(-0.004,0.812)",False,0.18,0.02,0.98,-0.0908747554372189,0.08378650873659794,757,0.7850532531738281,False,-0.21090254361614907,0.0,-0.138421290162875,-0.19353726444896655,-0.0876043714396322,-0.19353726444896655,-0.0876043714396322,-0.10793113892892933,,13.811107310288264,12.92759820463708,14.625702552315056,12.92759820463708,14.625702552315056,14.299864455504338,,0.01960869770712947,0.04414576180294596,1.0,1.0,0.038683261291957774,0.09944012696591369,0.7666666666666667,0.7666666666666667,1.0,1.0,0.9333333333333333,1.0
2026-03-08,FLRY3.SA,target_best_sale,equity_br,"baseline_qroll_a0.88_cal(-0.006,0.766)",False,0.88,0.02,0.98,-0.13160593063747028,0.1104698957219169,757,0.8815624713897705,False,0.0,0.3,0.16772898633952418,0.07809686594620287,0.24296610479781158,0.07809686594620287,0.24296610479781158,0.1139497141035314,,18.718696452838437,17.281893501388,19.924747513386013,17.281893501388,19.924747513386013,17.85661468196818,,0.03832343274819872,0.0843849824796146,1.0,1.0,0.06315289904905644,0.1647505964357191,0.6222222222222222,0.6222222222222222,1.0,1.0,0.9333333333333333,0.8888888888888888
2026-03-08,GC=F,target_best_entry,future,"baseline_qroll_a0.12_cal(+0.006,0.741)",False,0.12,0.02,0.98,-0.037692396401648474,0.0388433675920338,757,0.763195276260376,False,-0.16856024157329885,0.0,-0.07181988124969381,-0.11694666094029299,-0.02531511479525826,-0.11694666094029299,-0.02531511479525826,-0.04391702137703248,,4776.50779974354,4544.2808743708365,5015.825982936192,4544.2808743708365,5015.825982936192,4920.098709659132,,0.018011522299233362,0.03846963603372112,0.9222222222222223,0.9222222222222223,0.019198041045960165,0.05777261214174311,0.9,0.9,1.0,0.9777777777777777,0.9,0.9
2026-03-08,GC=F,target_best_sale,future,"baseline_ewmgauss_a0.82_cal(+0.003,0.700)",False,0.82,0.02,0.98,-0.08186679886421888,0.12262586063914616,757,1.0002100467681885,False,0.0,0.28,0.17676084581998078,0.04830793772372338,0.3691666638736436,0.04830793772372338,0.28,0.09968910096222634,,6055.729103592254,5394.697580693875,7045.868702667839,5394.697580693875,6587.008125,5659.110189853226,,0.05054575148217463,0.08808422417039538,1.0,1.0,0.11517737646355333,0.24942704874000404,0.5444444444444444,0.5,1.0,1.0,0.8888888888888888,0.5444444444444444
2026-03-08,GGBR4.SA,target_best_entry,equity_br,"baseline_qroll_a0.15_cal(+0.012,0.844)",False,0.15,0.02,0.98,-0.09663709172227916,0.13525841557972748,757,0.8767960071563721,False,-0.2428278005118161,0.0,-0.19541764100531672,-0.2428278005118161,-0.05433870903250576,-0.2428278005118161,-0.05433870903250576,-0.11077028182163015,,15.125934423202745,14.234636030102344,17.77818083360449,14.234636030102344,17.77818083360449,16.717282269443793,,0.08275409479678682,0.1535916158916621,0.7666666666666667,0.7666666666666667,0.012790667540358533,0.028342859278333778,1.0,1.0,1.0,1.0,1.0,1.0
2026-03-08,GGBR4.SA,target_best_sale,equity_br,"baseline_qroll_a0.92_cal(-0.030,0.925)",False,0.92,0.02,0.98,-0.12344845836216946,0.08628132690486437,757,0.8079392910003662,False,0.0,0.3,0.3,0.1813511034213381,0.3829267887863891,0.1813511034213381,0.3,0.22881066205280284,,24.43965435028076,22.209086641492522,25.99865593052544,22.209086641492522,24.43965435028076,23.101313725007817,,0.046598362393663294,0.13383613133999847,0.8,0.8,0.047078612973404335,0.09765541003774562,0.5777777777777777,0.5333333333333333,0.9666666666666667,0.9222222222222223,1.0,0.9111111111111111
2026-03-08,GLD,target_best_entry,other,"baseline_qroll_a0.12_cal(+0.005,0.737)",False,0.12,0.02,0.98,-0.0360933076972399,0.03746056374687471,757,0.8093411922454834,False,-0.170391519038448,0.0,-0.07044296774439493,-0.11721620524053597,-0.021897906162081412,-0.11721620524053597,-0.021897906162081412,-0.041315930795006825,,440.15455942105694,418.0069632774893,463.1411320049711,418.0069632774893,463.1411320049711,453.94650297140544,,0.014584264279689016,0.032105431535526655,0.9444444444444444,0.9444444444444444,0.01894695115415658,0.058773222959269567,0.9,0.9,1.0,1.0,0.9111111111111111,0.9
2026-03-08,GLD,target_best_sale,other,"baseline_ewmgauss_a0.82_cal(+0.003,0.700)",False,0.82,0.02,0.98,-0.0803920486159819,0.13066738161178534,757,0.943152666091919,False,0.0,0.25,0.17371543246491558,0.05231109721764972,0.3710432388361285,0.05231109721764972,0.25,0.10087283131655607,,555.7660058885269,498.27983792000487,649.2026974103893,498.27983792000487,591.8875122070312,521.2743051074137,,0.050696885030200284,0.09024539723957117,0.9777777777777777,0.9777777777777777,0.11264491852524319,0.23571338912639872,0.6444444444444445,0.4666666666666667,1.0,1.0,0.7666666666666667,0.4888888888888889
2026-03-08,GOAU4.SA,target_best_entry,equity_br,"baseline_qroll_a0.12_cal(+0.027,0.930)",False,0.12,0.02,0.98,-0.10055834478728808,0.13093574386328327,757,0.7608003616333008,False,-0.26640204633481757,0.0,-0.2621058960281864,-0.26640204633481757,-0.13502644099809807,-0.26640204633481757,-0.13502644099809807,-0.1858582230101334,,6.2648502565906945,6.2283751875991165,7.343777100113847,6.2283751875991165,7.343777100113847,6.912206362704586,,0.07748714787362425,0.14173468166931436,0.6,0.6,0.012598334699240968,0.03241908935220858,1.0,1.0,1.0,1.0,1.0,1.0
2026-03-08,GOAU4.SA,target_best_sale,equity_br,"baseline_qroll_a0.92_cal(-0.030,0.908)",False,0.92,0.02,0.98,-0.1303882469041248,0.09364265571732776,757,0.7723894119262695,False,0.0,0.3,0.3,0.17152424709390074,0.39226913455057527,0.17152424709390074,0.3,0.22291454825634044,,11.037227821350099,9.946446164162328,11.820608943591255,9.946446164162328,11.037227821350099,10.382758827037437,,0.04147775077974203,0.13297247369341686,0.8888888888888888,0.8888888888888888,0.048732764269723165,0.09328714101194478,0.6222222222222222,0.5,0.9444444444444444,0.9444444444444444,1.0,0.8666666666666667
2026-03-08,GRND3.SA,target_best_entry,equity_br,"baseline_qroll_a0.12_cal(+0.026,0.983)",False,0.12,0.02,0.98,-0.05444741123413363,0.0914642852346677,757,0.5520455837249756,False,-0.1654188072747986,0.0,-0.1654188072747986,-0.1654188072747986,-0.11191593116605321,-0.1654188072747986,-0.11191593116605321,-0.13331708160955136,,3.772306975199537,3.772306975199537,4.01413997419058,3.772306975199537,4.01413997419058,3.917406774594163,,0.01867661904781217,0.036198263628266975,0.9333333333333333,0.9333333333333333,0.04585786913856538,0.10594599147536318,0.5666666666666667,0.5666666666666667,1.0,1.0,0.9777777777777777,1.0
2026-03-08,GRND3.SA,target_best_sale,equity_br,"baseline_qroll_a0.88_cal(-0.023,0.897)",False,0.88,0.02,0.98,-0.10857145174499676,0.08344553010459613,757,0.5600714683532715,False,0.0,0.22,0.22,0.15556679447623467,0.26952188540222555,0.15556679447623467,0.22,0.18134007668574081,,5.514399976730346,5.223161888991894,5.738238897803851,5.223161888991894,5.514399976730346,5.339657124087275,,0.01543248012981225,0.038595096382204146,1.0,1.0,0.08539898470439135,0.21436229141206845,0.23333333333333334,0.15555555555555556,1.0,1.0,0.5555555555555556,0.35555555555555557
2026-03-08,HE=F,target_best_entry,future,"baseline_qroll_a0.18_cal(+0.005,0.776)",False,0.18,0.02,0.98,-0.1582541010401575,0.11630651022167895,757,0.579254150390625,False,-0.28,0.0,-0.189511998751676,-0.24128522469876604,-0.15146203231638888,-0.24128522469876604,-0.15146203231638888,-0.1666820188905037,,77.50291511937098,72.5521003881805,81.14144315974531,72.5521003881805,81.14144315974531,79.68603194359558,,0.0401473458324904,0.09015605897532386,0.9222222222222223,0.9222222222222223,0.08588859365821358,0.1619826797161194,0.4444444444444444,0.4444444444444444,1.0,1.0,1.0,1.0
2026-03-08,HE=F,target_best_sale,future,"baseline_ewmgauss_a0.92_cal(+0.022,0.700)",False,0.92,0.02,0.98,-0.23846399270044855,0.11095822974745334,757,1.0057358741760254,False,0.0,0.28,0.19504712730266968,0.059594369504001765,0.2580738260069495,0.059594369504001765,0.2580738260069495,0.11377547262346893,,114.27638154831779,101.32371158382017,120.30330961191454,101.32371158382017,120.30330961191454,106.50477956961922,,0.07237253918047347,0.11947064694400654,0.7444444444444445,0.6777777777777778,0.10381373655594586,0.19681614172283415,0.9888888888888889,0.9888888888888889,1.0,1.0,0.9888888888888889,1.0
2026-03-08,HG=F,target_best_entry,future,"baseline_ewmgauss_a0.18_cal(-0.017,0.700)",False,0.18,0.02,0.98,-0.09096590103354708,0.10716393470141458,757,12.944151639938354,False,-0.18837255054196791,0.0,-0.09970812625774651,-0.18837255054196791,0.0,-0.18837255054196791,0.0,-0.039883250503098606,,5.17937895388175,4.669292540253617,5.752999782562256,4.669292540253617,5.752999782562256,5.523551451090054,,0.04893456561467251,0.1000587103722043,0.8888888888888888,0.8888888888888888,0.0934598365332619,0.10847754483626057,1.0,1.0,1.0,1.0,1.0,1.0
2026-03-08,HG=F,target_best_sale,future,"baseline_qroll_a0.92_cal(-0.021,0.843)",False,0.92,0.02,0.98,-0.16605259492799046,0.12098376298874015,757,0.9142618179321289,False,0.0,0.26,0.23320164290312762,0.14587547364305653,0.29682635511588545,0.14587547364305653,0.26,0.18080594134708497,,7.09460878347711,6.5922213507119265,7.460641739002692,6.5922213507119265,7.248779726028443,6.793176323818,,0.06932059793397906,0.1747497962741704,0.9,0.5111111111111111,0.055980643472423125,0.11026306358921276,0.5777777777777777,0.4666666666666667,1.0,0.9555555555555556,0.9888888888888889,0.7111111111111111
2026-03-08,HGBS11.SA,target_best_entry,equity_br,"baseline_qroll_a0.12_cal(-0.001,0.802)",False,0.12,0.02,0.98,-0.03332154376185927,0.056159235201930655,757,0.9273579120635986,False,-0.12973200935327978,0.0,-0.10120899397796894,-0.1164492443501704,-0.07552348518805396,-0.1164492443501704,-0.07552348518805396,-0.08579768870401996,,18.42521562345164,18.112790490821506,18.951768553644893,18.112790490821506,18.951768553644893,18.74114738156759,,0.014713208355921551,0.03317175274915529,0.8888888888888888,0.8888888888888888,0.012041343619265543,0.021753833401376498,1.0,1.0,1.0,1.0,1.0,1.0
2026-03-08,HGBS11.SA,target_best_sale,equity_br,"baseline_ewmgauss_a0.82_cal(-0.000,0.700)",False,0.82,0.02,0.98,-0.10028391172539067,0.09177464746299287,757,0.7981259822845459,False,0.0,0.25437361233509737,0.07203237902142488,0.032557362407508665,0.10815787184482356,0.032557362407508665,0.10815787184482356,0.04834736905307516,,21.976663769939208,21.167425929353925,22.71723637281888,21.167425929353925,22.71723637281888,21.49112106558804,,0.0341180114774861,0.06812999740980413,1.0,1.0,0.034079234091080095,0.050252867789099286,1.0,1.0,1.0,1.0,1.0,1.0
2026-03-08,HGLG11.SA,target_best_entry,equity_br,"baseline_qroll_a0.12_cal(+0.001,0.762)",False,0.12,0.02,0.98,-0.025404695402040676,0.0359506122680219,757,0.9684219360351562,False,-0.12029579631292683,0.0,-0.07285592702836126,-0.08392703596589371,-0.05718901433795011,-0.08392703596589371,-0.05718901433795011,-0.06345577941411457,,146.79472277125106,145.04183407289975,149.27526508621082,145.04183407289975,149.27526508621082,148.2830481602269,,0.009119989948069009,0.017395282427494857,0.9777777777777777,0.9777777777777777,0.006193047095132304,0.01342234936727298,1.0,1.0,1.0,1.0,1.0,1.0
2026-03-08,HGLG11.SA,target_best_sale,equity_br,"baseline_qroll_a0.88_cal(+0.001,0.718)",False,0.88,0.02,0.98,-0.04787549401906247,0.038365466170590494,757,1.199852466583252,False,0.0,0.2737010341415944,0.08896686435993573,0.063117276045487,0.10968166900731542,0.063117276045487,0.10968166900731542,0.0734571113712665,,172.4161256280665,168.32336026290784,175.69590068581607,168.32336026290784,175.69590068581607,169.9604664089713,,0.02635063181824643,0.052363169456964787,0.7111111111111111,0.7111111111111111,0.015107554413478962,0.03604206020850846,1.0,1.0,1.0,1.0,1.0,1.0
2026-03-08,HGRE11.SA,target_best_entry,equity_br,"baseline_qroll_a0.12_cal(+0.002,0.774)",False,0.12,0.02,0.98,-0.05084338253567778,0.07596039748817877,757,0.5798966884613037,False,-0.17016256973397892,0.0,-0.09700521584193315,-0.1229797052234064,-0.05819913254122687,-0.1229797052234064,-0.05819913254122687,-0.07372156586150938,,117.9582130637225,114.56516538899209,123.02745191477658,114.56516538899209,123.02745191477658,120.99975637435494,,0.013634124057047968,0.03863270291716404,0.9111111111111111,0.9111111111111111,0.020819436858827332,0.04150492092853538,0.8888888888888888,0.8888888888888888,1.0,0.9444444444444444,0.9444444444444444,0.9444444444444444
2026-03-08,HGRE11.SA,target_best_sale,equity_br,"baseline_ewmgauss_a0.82_cal(+0.004,0.700)",False,0.82,0.02,0.98,-0.10930856532411518,0.17850914664749462,757,0.8244583606719971,False,0.0,0.2701424722130547,0.10545321898515929,0.02605973232477872,0.23510878175913263,0.02605973232477872,0.23510878175913263,0.05781712698893095,,144.40535939375215,134.0341878436431,161.3422661920001,134.0341878436431,161.3422661920001,138.18265646368673,,0.03354195319477638,0.07776576261384158,1.0,1.0,0.015366145961701013,0.04278738340732822,1.0,1.0,1.0,1.0,1.0,1.0
2026-03-08,HO=F,target_best_entry,future,"baseline_qroll_a0.12_cal(+0.023,0.925)",False,0.12,0.02,0.98,-0.10635147624644975,0.12621427824804268,757,12.89212942123413,False,-0.22,0.0,-0.21129005405548246,-0.22343189525795867,0.0,-0.22,0.0,-0.08451602162219299,,2.857022943992827,2.8130403378697997,3.6224000453948975,2.82547203540802,3.6224000453948975,3.3162492048340697,,0.06271977291826479,0.11053496708097899,1.0,1.0,0.034196915801176495,0.0684091834821608,0.9666666666666667,0.9555555555555556,1.0,1.0,1.0,1.0
2026-03-08,HO=F,target_best_sale,future,"baseline_qroll_a0.90_cal(-0.016,0.796)",False,0.9,0.02,0.98,-0.14833779139081887,0.19522570058105193,757,0.7844340801239014,False,0.0,0.22,0.22,0.044170648200195284,0.4190675485932572,0.044170648200195284,0.22,0.11450238892011717,,4.419328055381775,3.782403803440407,5.140430352442641,3.782403803440407,4.419328055381775,4.037173504216954,,0.0857425267783754,0.15467393429481865,0.9555555555555556,0.2222222222222222,0.07232359117066206,0.2447476729753061,0.8555555555555555,0.7666666666666667,0.9333333333333333,0.3888888888888889,0.8888888888888888,0.8777777777777778
2026-03-08,IGTI11.SA,target_best_entry,equity_br,"baseline_qroll_a0.18_cal(-0.013,0.735)",False,0.18,0.02,0.98,-0.11143977272886257,0.0833898810469267,757,0.6656463146209717,False,-0.10152319023410034,0.0,-0.04692075628888756,-0.1182965644600739,0.0,-0.10152319023410034,0.0,-0.018768302515555026,,26.12390192469324,24.16749103361211,27.40999984741211,24.62724921858663,27.40999984741211,26.89556067832456,,0.026915633112822187,0.04931739744950623,1.0,1.0,0.02653576185526698,0.054852975689220915,0.7666666666666667,0.7444444444444445,1.0,1.0,1.0,1.0
2026-03-08,IGTI11.SA,target_best_sale,equity_br,"baseline_ewmgauss_a0.85_cal(+0.026,0.700)",False,0.85,0.02,0.98,-0.14605139895131433,0.14037585895692112,757,1.091158390045166,False,0.0,0.3,0.17430872679247914,0.020966838599419613,0.3216917674462173,0.020966838599419613,0.3,0.08230359387664343,,32.187802022196564,27.984700890222918,36.227571144026655,27.984700890222918,35.63299980163574,29.665941343012374,,0.08259954322262604,0.13584866262461032,1.0,0.9111111111111111,0.02798229288558158,0.05842651450413033,1.0,1.0,1.0,1.0,1.0,1.0
2026-03-08,ISAE4.SA,target_best_entry,equity_br,"baseline_qroll_a0.12_cal(+0.004,0.712)",False,0.12,0.02,0.98,-0.06429890402144778,0.07135964021654542,757,0.7849481105804443,False,-0.22116485905645336,0.0,-0.09718412854196253,-0.16071959204323535,-0.0266717631223288,-0.16071959204323535,-0.0266717631223288,-0.05487670929018229,,25.179534103929587,23.407530065658058,27.14612393244584,23.407530065658058,27.14612393244584,26.359488001039338,,0.026588263647970893,0.04835807498233022,0.9444444444444444,0.9444444444444444,0.015644923896468575,0.03739312027463902,1.0,1.0,1.0,0.9555555555555556,1.0,1.0
2026-03-08,ISAE4.SA,target_best_sale,equity_br,"baseline_qroll_a0.88_cal(-0.016,0.856)",False,0.88,0.02,0.98,-0.13995386801917384,0.1185911708153659,757,0.500023365020752,False,0.0,0.26,0.26,0.17190588680626195,0.3346473403947327,0.17190588680626195,0.26,0.2071435320837572,,35.141399230957035,32.684454467752055,37.22331350900501,32.684454467752055,35.141399230957035,33.66723237303405,,0.034550724380881435,0.05980907402146455,0.9666666666666667,0.9666666666666667,0.025800185972727038,0.051501785228220236,1.0,1.0,1.0,1.0,1.0,1.0
2026-03-08,ITSA4.SA,target_best_entry,equity_br,"baseline_qroll_a0.12_cal(+0.013,0.840)",False,0.12,0.02,0.98,-0.05512886387597852,0.0859998320317651,757,0.7325987815856934,False,-0.18629365632925102,0.0,-0.16098211448954222,-0.18629365632925102,-0.07315787930700633,-0.18629365632925102,-0.07315787930700633,-0.10828757338002068,,11.175717978951358,10.838568249370908,12.345536764780908,10.838568249370908,12.345536764780908,11.877609250449087,,0.019563504031023755,0.04786646059833687,0.9,0.9,0.01511946284197847,0.028747606925358056,0.9888888888888889,0.9888888888888889,1.0,1.0,0.9888888888888889,0.9888888888888889
2026-03-08,ITSA4.SA,target_best_sale,equity_br,"baseline_ewmgauss_a0.82_cal(-0.030,0.827)",False,0.82,0.02,0.98,-0.1093008767340049,0.15066106108945151,757,1.0264606475830078,False,0.0,0.22,0.16233426137480558,0.005941542099631519,0.3779070338604622,0.005941542099631519,0.22,0.06849862980970116,,15.482292006796143,13.399141033778097,18.3537212705175,13.399141033778097,16.250399627685546,14.232401422985316,,0.06472005281094516,0.11021435723780935,0.9222222222222223,0.8888888888888888,0.13696226976340078,0.2500980270767074,0.4666666666666667,0.43333333333333335,1.0,1.0,0.6,0.4444444444444444
2026-03-08,ITUB4.SA,target_best_entry,equity_br,"baseline_qroll_a0.12_cal(+0.022,1.012)",False,0.12,0.02,0.98,-0.05237585428874813,0.09299992925323569,757,0.7099230289459229,False,-0.14288464226217892,0.0,-0.14288464226217892,-0.14288464226217892,-0.047651629106942886,-0.14288464226217892,-0.047651629106942886,-0.08574483436903729,,36.79596256925551,36.79596256925551,40.8843158530726,36.79596256925551,40.8843158530726,39.24897453954576,,0.02119803394249593,0.046330549689447234,0.8666666666666667,0.8666666666666667,0.012765860336575246,0.02549024340215161,0.9777777777777777,0.9777777777777777,0.9666666666666667,0.9111111111111111,0.9888888888888889,0.9888888888888889
2026-03-08,ITUB4.SA,target_best_sale,equity_br,"baseline_ewmgauss_a0.88_cal(-0.030,0.753)",False,0.88,0.02,0.98,-0.12382433187898712,0.16311918049252133,757,1.0467298030853271,False,0.0,0.3,0.1635600694035661,0.0,0.35210404033664433,0.0,0.3,0.06542402776142645,,49.95163413458545,42.93000030517578,58.04582686428155,42.93000030517578,55.809000396728514,45.73865383693965,,0.06918911847064968,0.12372119080294458,1.0,1.0,0.10588611971936886,0.20603499450014498,0.5111111111111111,0.5111111111111111,1.0,1.0,0.9,0.7444444444444445
2026-03-08,JHSF3.SA,target_best_entry,equity_br,"baseline_qroll_a0.12_cal(+0.014,0.834)",False,0.12,0.02,0.98,-0.10836440302256373,0.1314350158089946,757,0.500023365020752,False,-0.26,0.0,-0.26,-0.3156045586988646,-0.18877159790010556,-0.26,-0.18877159790010556,-0.21726295874006335,,6.637800197601318,6.139027291224484,7.276718983457407,6.637800197601318,7.276718983457407,7.021151469114971,,0.021700383997205395,0.05298515870901889,0.9888888888888889,0.9888888888888889,0.024752129715413837,0.0487457616551703,0.9777777777777777,0.9777777777777777,1.0,1.0,1.0,0.9888888888888889
2026-03-08,JHSF3.SA,target_best_sale,equity_br,"baseline_qroll_a0.82_cal(-0.008,0.839)",False,0.82,0.02,0.98,-0.2109064524106003,0.16462304583505216,757,0.9235961437225342,False,0.0,0.26,0.26,0.048882711616975605,0.4190675485932572,0.048882711616975605,0.26,0.13332962697018536,,11.302200336456298,9.408478203286172,12.729036289813433,9.408478203286172,11.302200336456298,10.165967056554223,,0.11109990437734532,0.17902965629079742,0.9111111111111111,0.6777777777777778,0.12417602766631756,0.15906754859325717,0.4888888888888889,0.0,1.0,0.8,1.0,0.2111111111111111
2026-03-08,KC=F,target_best_entry,future,"baseline_qroll_a0.08_cal(+0.015,0.700)",False,0.08,0.02,0.98,-0.1071534413887212,0.08858319163614345,757,1.6028523445129395,False,-0.28,0.0,-0.14678085002483893,-0.29164307644309534,-0.012985103629899575,-0.28,-0.012985103629899575,-0.06650340218787532,,249.99321094272221,207.54857860217308,289.1953646364394,210.95999999999998,289.1953646364394,273.51450315895255,,0.05056347440975387,0.12063673554061544,0.9444444444444444,0.8333333333333334,0.0665554587270627,0.14050233170754195,0.7333333333333333,0.7111111111111111,1.0,1.0,1.0,0.9444444444444444
2026-03-08,KC=F,target_best_sale,future,"baseline_qroll_a0.82_cal(-0.004,0.814)",False,0.82,0.02,0.98,-0.19928824317741678,0.1798298709244332,757,1.263685703277588,False,0.0,0.28,0.2311622106862667,0.0,0.4190675485932572,0.0,0.28,0.09246488427450668,,360.73052773107617,293.0,415.78679173782433,293.0,375.04,320.09221109243043,,0.06905948469705932,0.1456317262137805,1.0,1.0,0.08162974107844866,0.14931135259343747,1.0,1.0,1.0,1.0,1.0,1.0
2026-03-08,KFOF11.SA,target_best_entry,equity_br,"baseline_qroll_a0.10_cal(-0.000,0.769)",False,0.1,0.02,0.98,-0.10125217837045535,0.04804324194604574,757,0.7406129837036133,False,-0.07912469126110404,0.0,-0.07912469126110404,-0.14601795345779303,-0.04738444396965851,-0.07912469126110404,-0.04738444396965851,-0.060080542886236724,,75.83408026950387,70.32542022967756,78.44788958552265,75.83408026950387,78.44788958552265,77.40236585911514,,0.0135802842612265,0.02859116472206276,1.0,0.9777777777777777,0.013183069177280357,0.024962370774423176,0.9888888888888889,0.9888888888888889,1.0,1.0,1.0,1.0
2026-03-08,KFOF11.SA,target_best_sale,equity_br,"baseline_qroll_a0.82_cal(+0.002,0.731)",False,0.82,0.02,0.98,-0.10242424329620801,0.11804577831285226,757,0.771630048751831,False,0.0,0.18811048198326916,0.06371501557046955,0.0,0.1449693000659925,0.0,0.1449693000659925,0.02548600622818782,,87.59692990912787,82.3499984741211,94.28822011335,82.3499984741211,94.28822011335,84.4487710481238,,0.04563577523559741,0.08518888141570509,0.9333333333333333,0.9333333333333333,0.021488535370379737,0.04625846976010087,1.0,1.0,1.0,1.0,1.0,1.0
2026-03-08,KLBN11.SA,target_best_entry,equity_br,"baseline_ewmgauss_a0.18_cal(-0.001,0.700)",False,0.18,0.02,0.98,-0.1010921831907472,0.08911350722749006,757,1.4371709823608398,False,-0.1979524134009984,0.0,-0.08288911642195024,-0.1979524134009984,0.0,-0.1979524134009984,0.0,-0.033155646568780096,,17.911176186009378,15.663989917000873,19.530000686645508,15.663989917000873,19.530000686645508,18.882470886391058,,0.03997444778527795,0.08895384147084419,1.0,1.0,0.05857264062754688,0.08303656761149067,1.0,1.0,1.0,1.0,1.0,1.0
2026-03-08,KLBN11.SA,target_best_sale,equity_br,"baseline_qroll_a0.88_cal(-0.000,0.745)",False,0.88,0.02,0.98,-0.1305049426369456,0.08388309010160645,757,0.5524778366088867,False,0.0,0.3,0.15376167770215682,0.06795562867895784,0.2089141983350284,0.06795562867895784,0.2089141983350284,0.10227804828823743,,22.532966357748396,20.85717416140698,23.61009512357861,20.85717416140698,23.61009512357861,21.52749103994355,,0.03273081560587299,0.07062542522754425,0.9111111111111111,0.9111111111111111,0.05788699150620916,0.12269092999098764,0.3,0.3,1.0,0.9888888888888889,0.8666666666666667,0.5444444444444444
2026-03-08,LEVE3.SA,target_best_entry,equity_br,"baseline_qroll_a0.10_cal(+0.004,0.795)",False,0.1,0.02,0.98,-0.14381215385809323,0.1547490304834831,757,0.500023365020752,False,-0.19374800405327708,0.0,-0.1638624045113619,-0.19374800405327708,-0.09470578945940218,-0.19374800405327708,-0.09470578945940218,-0.12236843548018607,,29.348428325806477,28.29944382748706,31.77582540860564,28.29944382748706,31.77582540860564,30.804866575485978,,0.02620085895503158,0.0861917172054033,0.9,0.9,0.023274077817267147,0.04047153468034312,1.0,1.0,1.0,0.9777777777777777,1.0,1.0
2026-03-08,LEVE3.SA,target_best_sale,equity_br,"baseline_qroll_a0.88_cal(-0.004,0.755)",False,0.88,0.02,0.98,-0.13389107644001266,0.09764887681852533,757,0.7414424419403076,False,0.0,0.3,0.19161892553609988,0.10289421963655779,0.2563272549297018,0.10289421963655779,0.2563272549297018,0.13838410199637463,,41.82582246805092,38.71158542636016,44.09708473102928,38.71158542636016,44.09708473102928,39.957280243036465,,0.052422685834976494,0.13046873809204396,0.8666666666666667,0.8666666666666667,0.08911793079607097,0.16104436575173162,0.37777777777777777,0.37777777777777777,1.0,1.0,1.0,0.6555555555555556
2026-03-08,LREN3.SA,target_best_entry,equity_br,"baseline_qroll_a0.18_cal(+0.012,0.843)",False,0.18,0.02,0.98,-0.12938317159431603,0.18962084521833275,757,0.5849668979644775,False,-0.3,0.0,-0.1740617696310039,-0.24075106479772343,-0.07632355251433698,-0.24075106479772343,-0.07632355251433698,-0.11541883936100375,,12.157810971580925,11.176144528918849,13.596517553637181,11.176144528918849,13.596517553637181,13.021034920814678,,0.05762246547850749,0.12913747269272685,0.8111111111111111,0.8111111111111111,0.029156112631861623,0.06319149726890047,0.9555555555555556,0.9555555555555556,1.0,1.0,1.0,1.0
2026-03-08,LREN3.SA,target_best_sale,equity_br,"baseline_qroll_a0.88_cal(-0.011,0.812)",False,0.88,0.02,0.98,-0.2727655657999861,0.20856237843513478,757,0.9127547740936279,False,0.0,0.3,0.3,0.08062319839558613,0.4190675485932572,0.08062319839558613,0.3,0.16837391903735166,,19.13600034713745,15.906773768940552,20.88867469422466,15.906773768940552,19.13600034713745,17.19846440021931,,0.13194326954744906,0.2107670694328973,0.9666666666666667,0.36666666666666664,0.04071610683669549,0.08018685692561292,1.0,1.0,0.9666666666666667,0.8888888888888888,1.0,1.0
2026-03-08,LTC-USD,target_best_entry,crypto,"baseline_qroll_a0.12_cal(+0.004,0.799)",False,0.12,0.02,0.98,-0.21795422323898395,0.25636000065679226,757,13.014235019683838,False,-0.26,0.0,-0.26,-0.47562858072022923,0.0,-0.26,0.0,-0.10400000000000001,,39.6369246673584,28.087122221227137,53.563411712646484,39.6369246673584,53.563411712646484,47.99281689453125,,0.09577581522170035,0.26,1.0,0.8666666666666667,0.13482055188753062,0.21795422323898395,0.8777777777777778,0.12222222222222222,1.0,1.0,1.0,0.3111111111111111
2026-03-08,LTC-USD,target_best_sale,crypto,"baseline_qroll_a0.88_cal(+0.000,1.000)",False,0.88,0.02,0.98,-0.23618390336172668,0.15906754859325717,757,0.9872775077819824,False,0.0,0.26,0.26,0.019459148294321105,0.4190675485932572,0.019459148294321105,0.26,0.11567548897659267,,67.48989875793457,54.60571008431265,76.01009935335661,54.60571008431265,67.48989875793457,59.75938555376142,,0.12800477464415497,0.15906754859325717,0.5888888888888889,0.15555555555555556,0.10682406069835601,0.2348253981357826,1.0,0.8111111111111111,0.9777777777777777,0.26666666666666666,1.0,1.0
2026-03-08,MBRF3.SA,target_best_entry,equity_br,"baseline_qroll_a0.12_cal(+0.015,0.809)",False,0.12,0.02,0.98,-0.09784259840971089,0.11685086573534523,757,0.9169137477874756,False,-0.3,0.0,-0.2632826773602401,-0.31822378639390786,-0.19766794247594147,-0.3,-0.19766794247594147,-0.2239138364296609,,13.312481795272177,12.319695971800495,14.498140034607426,12.648999786376953,14.498140034607426,14.023876738873327,,0.044847739049949945,0.0984381215242583,1.0,1.0,0.13589825510058,0.27072524363270095,0.5333333333333333,0.4777777777777778,1.0,1.0,0.5555555555555556,0.6333333333333333
2026-03-08,MBRF3.SA,target_best_sale,equity_br,"baseline_qroll_a0.82_cal(-0.005,0.841)",False,0.82,0.02,0.98,-0.25450889074777744,0.23007727067969666,757,0.7924482822418213,False,0.0,0.3,0.3,0.17648638123034222,0.41165690996020177,0.17648638123034222,0.3,0.22589182873820532,,23.490999603271487,21.25910854979713,25.508639932177342,21.25910854979713,23.490999603271487,22.15186497118687,,0.12638840303277585,0.25846794970251374,0.8777777777777778,0.5555555555555556,0.15033360232624488,0.23988351710904982,0.9555555555555556,0.4,0.9,0.7888888888888889,0.9666666666666667,0.5333333333333333
2026-03-08,MDIA3.SA,target_best_entry,equity_br,"baseline_qroll_a0.08_cal(+0.012,0.815)",False,0.08,0.02,0.98,-0.08402460066916022,0.1491176445303989,757,0.531425952911377,False,-0.2638641818531841,0.0,-0.21466883543699744,-0.25666411065544714,-0.14014022748040525,-0.25666411065544714,-0.14014022748040525,-0.16995167066304212,,17.897697959382985,16.940625598706692,19.5962050029467,16.940625598706692,19.5962050029467,18.91680218552121,,0.04857359294072133,0.08603011845102691,0.5444444444444444,0.5444444444444444,0.04501737445180773,0.09333693605973861,0.6444444444444445,0.6444444444444445,1.0,0.9444444444444444,1.0,0.9333333333333333
2026-03-08,MDIA3.SA,target_best_sale,equity_br,"baseline_qroll_a0.88_cal(-0.013,0.831)",False,0.88,0.02,0.98,-0.20407382253207926,0.11065387622002489,757,0.587700605392456,False,0.0,0.3,0.2570433875235131,0.14424713993386185,0.31820430401933925,0.14424713993386185,0.3,0.18936563896972236,,28.64801995251846,26.077393366682255,30.041877295452824,26.077393366682255,29.62700119018555,27.10564400101674,,0.061633063036827036,0.13270202946411835,0.6,0.6,0.06540869235842851,0.12835416978139688,0.9222222222222223,0.9222222222222223,0.9888888888888889,0.8666666666666667,0.9777777777777777,0.9666666666666667
2026-03-08,MGLU3.SA,target_best_entry,equity_br,"baseline_ewmgauss_a0.12_cal(+0.005,0.700)",False,0.12,0.02,0.98,-0.21795422323898395,0.26,757,0.8045163154602051,False,-0.26,0.0,-0.26,-0.41977913477917983,-0.06360538834905122,-0.26,-0.06360538834905122,-0.14216323300943073,,6.77839988708496,5.3148230368880345,8.577374499840213,6.77839988708496,8.577374499840213,7.857784654738112,,0.04973864231446154,0.10209879198821013,1.0,0.6111111111111112,0.1335467760328957,0.26,0.8222222222222222,0.6777777777777778,1.0,1.0,0.8222222222222222,1.0
2026-03-08,MGLU3.SA,target_best_sale,equity_br,"baseline_qroll_a0.82_cal(-0.005,0.913)",False,0.82,0.02,0.98,-0.23040321442264997,0.2080920264244094,757,0.8969600200653076,False,0.0,0.26,0.26,0.06596370037574284,0.4190675485932572,0.06596370037574284,0.26,0.1435782202254457,,11.541599807739258,9.764227332788652,12.99865852858171,9.764227332788652,11.541599807739258,10.475176322768894,,0.0960282774032583,0.21304603559111213,0.9888888888888889,0.9888888888888889,0.10929732747116283,0.1656693737053368,0.9888888888888889,0.4222222222222222,0.9888888888888889,1.0,0.9888888888888889,0.6222222222222222
2026-03-08,MULT3.SA,target_best_entry,equity_br,"baseline_qroll_a0.12_cal(+0.005,0.813)",False,0.12,0.02,0.98,-0.06910979386444988,0.1284877053235886,757,0.6222574710845947,False,-0.22380009867502015,0.0,-0.16886470226134054,-0.21694877742679763,-0.07946764093115745,-0.21694877742679763,-0.07946764093115745,-0.11522646546323068,,26.928784914944387,25.3708608062131,29.82524983845141,25.3708608062131,29.82524983845141,28.666663869048598,,0.025429142101416443,0.053611995579180186,0.9888888888888889,0.9888888888888889,0.027115826233615376,0.04250777758095144,0.8222222222222222,0.8222222222222222,1.0,1.0,1.0,1.0
2026-03-08,MULT3.SA,target_best_sale,equity_br,"baseline_ewmgauss_a0.82_cal(+0.007,0.700)",False,0.82,0.02,0.98,-0.1290867583390739,0.1349763571396745,757,0.9598937034606934,False,0.0,0.3,0.13488327344204826,0.0,0.2797512505709452,0.0,0.2797512505709452,0.0539533093768193,,36.77021979121681,32.400001525878906,41.46394247124406,32.400001525878906,41.46394247124406,34.14808883201407,,0.0545011024649029,0.0878311037698094,1.0,1.0,0.051091267937601575,0.11115474908922238,0.9777777777777777,0.9777777777777777,1.0,1.0,1.0,1.0
2026-03-08,MXN=X,target_best_entry,fx,"baseline_qroll_a0.12_cal(-0.002,0.700)",False,0.12,0.02,0.98,-0.033523654563969954,0.03296921126911869,757,1.076204776763916,False,-0.11020648778704782,0.0,-0.050171720440615485,-0.10269816718866007,0.0,-0.10269816718866007,0.0,-0.020068688176246196,,16.814430556815363,15.884575855446643,17.702600479125977,15.884575855446643,17.702600479125977,17.34733251020173,,0.017993154959858867,0.04100999600703855,0.9111111111111111,0.9111111111111111,0.013146824936801107,0.03722133982031599,0.8,0.8,1.0,0.9666666666666667,1.0,0.8888888888888888
2026-03-08,MXN=X,target_best_sale,fx,"baseline_qroll_a0.88_cal(-0.002,0.729)",False,0.88,0.02,0.98,-0.055095353599927545,0.07375430141765141,757,0.5350942611694336,False,0.0,0.15,0.08004148507794065,0.03711977479579503,0.1374993386112491,0.03711977479579503,0.1374993386112491,0.054288458908653275,,19.119542911216683,18.359717022211065,20.13669633670498,18.359717022211065,20.13669633670498,18.663647377813312,,0.02031367466971114,0.03472693106402769,0.8333333333333334,0.8333333333333334,0.006635876286882883,0.012748292791642513,1.0,1.0,1.0,1.0,1.0,1.0
2026-03-08,MXRF11.SA,target_best_entry,equity_br,"baseline_qroll_a0.12_cal(-0.002,0.700)",False,0.12,0.02,0.98,-0.03313336058866383,0.03364163212526938,757,1.1109602451324463,False,-0.06552110500848458,0.0,-0.048076247738768264,-0.0876159408197718,-0.007930008862163496,-0.06552110500848458,-0.007930008862163496,-0.023988504412805405,,9.290776039947678,8.904868626427167,9.682603340572086,9.120514229002435,9.682603340572086,9.525872420322322,,0.0060346946665074145,0.019038693155883017,0.9444444444444444,0.9444444444444444,0.006596595053983265,0.01231539415203644,1.0,1.0,1.0,0.9666666666666667,1.0,1.0
2026-03-08,MXRF11.SA,target_best_sale,equity_br,"baseline_qroll_a0.88_cal(+0.002,0.700)",False,0.88,0.02,0.98,-0.04286974974525712,0.034316263837785924,757,1.2763612270355225,False,0.0,0.09676504498777631,0.06309027946405589,0.004315116797444722,0.11013846614957201,0.004315116797444722,0.09676504498777631,0.02782518186408919,,10.375761370891242,9.802115769812549,10.834951683710353,9.802115769812549,10.704427090110295,10.031574010244025,,0.017015684238559998,0.02976630429298226,0.8555555555555555,0.8555555555555555,0.019486928861732068,0.03430734715780615,1.0,1.0,1.0,1.0,1.0,1.0
2026-03-08,NEOE3.SA,target_best_entry,equity_br,"baseline_qroll_a0.12_cal(-0.009,0.700)",False,0.12,0.02,0.98,-0.10970880222383572,0.060195957794748574,757,0.6506459712982178,False,-0.07141974487312153,0.0,-0.07141974487312153,-0.10354146045542278,-0.05379492903070571,-0.07141974487312153,-0.05379492903070571,-0.060844855367672035,,30.522431994189777,29.46659123730923,31.101759672104652,30.522431994189777,31.101759672104652,30.870028600938703,,0.016964915478209417,0.03444135135890515,0.9666666666666667,0.9333333333333333,0.0331409397931416,0.05407387018700249,0.45555555555555555,0.2777777777777778,1.0,1.0,0.6555555555555556,0.8888888888888888
2026-03-08,NEOE3.SA,target_best_sale,equity_br,"baseline_qroll_a0.88_cal(+0.005,0.700)",False,0.88,0.02,0.98,-0.23393552513201246,0.12456494936029198,757,0.8608260154724121,False,0.0,0.3,0.12325156900093301,0.03263156531135654,0.17150450606233733,0.03263156531135654,0.17150450606233733,0.06887956678718712,,36.92127787329856,33.94259844881478,38.50735186296721,33.94259844881478,38.50735186296721,35.134070218608294,,0.05675051036079045,0.10724782629113638,1.0,0.8666666666666667,0.04093353483747859,0.0917333181371713,0.9888888888888889,0.9888888888888889,1.0,1.0,1.0,1.0
2026-03-08,NG=F,target_best_entry,future,"baseline_ewmgauss_a0.18_cal(+0.003,0.700)",False,0.18,0.02,0.98,-0.20858110339472619,0.25583680992637037,757,0.5251991748809814,False,-0.26,0.0,-0.22304613812584764,-0.42042369697636484,0.0,-0.26,0.0,-0.08921845525033906,,2.3331924635092203,1.7404676501399712,3.003000020980835,2.222220015525818,3.003000020980835,2.735076997992189,,0.06737900604961289,0.2010256544799221,0.8666666666666667,0.6444444444444445,0.14300500330656168,0.21480474888161002,0.4,0.2222222222222222,0.8888888888888888,0.9777777777777777,0.6444444444444445,0.6111111111111112
2026-03-08,NG=F,target_best_sale,future,"baseline_qroll_a0.82_cal(-0.010,0.883)",False,0.82,0.02,0.98,-0.22243696964718163,0.1689335280699167,757,0.8482439517974854,False,0.0,0.26,0.26,0.0,0.4190675485932572,0.0,0.26,0.10400000000000001,,3.783780026435852,3.003000020980835,4.261459878198774,3.003000020980835,3.783780026435852,3.315312023162842,,0.1019976154458864,0.20001998728513404,0.8111111111111111,0.6444444444444445,0.1590675485932571,0.15906754859325717,0.36666666666666664,0.0,0.8444444444444444,0.8666666666666667,0.7666666666666667,0.0
2026-03-08,ODPV3.SA,target_best_entry,equity_br,"baseline_qroll_a0.15_cal(-0.003,0.726)",False,0.15,0.02,0.98,-0.07579557232051923,0.09801222663085246,757,0.7044205665588379,False,-0.24466956914638976,0.0,-0.13106737732539558,-0.2195222247249525,-0.016685279737146216,-0.2195222247249525,-0.016685279737146216,-0.06243811877244596,,11.93044451155653,10.71595949725203,13.500910659083226,10.71595949725203,13.500910659083226,12.872724200072547,,0.02390450060440575,0.05707768591467265,0.9444444444444444,0.9444444444444444,0.04639074781134593,0.0777155311013487,0.6888888888888889,0.6888888888888889,1.0,1.0,1.0,0.8888888888888888
2026-03-08,ODPV3.SA,target_best_sale,equity_br,"baseline_qroll_a0.90_cal(-0.011,0.795)",False,0.9,0.02,0.98,-0.13592335637821576,0.0967714824460663,757,0.6599102020263672,False,0.0,0.3,0.22595998412149274,0.07735796642131468,0.3317581186768836,0.07735796642131468,0.3,0.13679877350138592,,16.832430020788152,14.792124385789311,18.285038359803124,14.792124385789311,17.84899940490723,15.608246639788847,,0.05544739528068078,0.10385390314193495,0.5333333333333333,0.5333333333333333,0.07741678789997701,0.32811580297810605,0.5888888888888889,0.5888888888888889,0.9555555555555556,0.7222222222222222,0.7777777777777778,0.7888888888888889
2026-03-08,PETR4.SA,target_best_entry,equity_br,"baseline_qroll_a0.15_cal(+0.021,0.920)",False,0.15,0.02,0.98,-0.07534377060451536,0.12519112270892502,757,0.9721486568450928,False,-0.23193082504277873,0.0,-0.21506639514368514,-0.23193082504277873,-0.06760098158276678,-0.23193082504277873,-0.06760098158276678,-0.12658714700713414,,33.09280066097087,32.381796298998395,39.309942474197754,32.381796298998395,39.309942474197754,36.823085748907,,0.0673346668354925,0.13347791076230728,1.0,1.0,0.020238124588695207,0.03919558752694477,1.0,1.0,1.0,1.0,1.0,1.0
2026-03-08,PETR4.SA,target_best_sale,equity_br,"baseline_qroll_a0.85_cal(-0.021,0.855)",False,0.85,0.02,0.98,-0.12576099967048587,0.11139015995000599,757,0.5019626617431641,False,0.0,0.26,0.26,0.18351058261831485,0.32774889241460303,0.18351058261831485,0.26,0.2141063495709889,,53.12159980773926,49.896805982598764,55.97789310160126,49.896805982598764,53.12159980773926,51.186723512654964,,0.031523445709683975,0.06569885280696186,0.9666666666666667,0.9666666666666667,0.07288561802555857,0.18770008662383286,0.37777777777777777,0.37777777777777777,1.0,1.0,0.6888888888888889,0.5888888888888889
2026-03-08,POMO4.SA,target_best_entry,equity_br,"baseline_qroll_a0.12_cal(+0.008,0.738)",False,0.12,0.02,0.98,-0.10191340403378639,0.14441877564099062,757,1.031857967376709,False,-0.22,0.0,-0.1940915206631902,-0.2962109263294552,-0.04938082558505913,-0.22,-0.04938082558505913,-0.10726510361631156,,5.10945988196725,4.462022834460944,6.0269257108437,4.945200119018555,6.0269257108437,5.659939379293119,,0.08094567018431287,0.17213877788699247,0.9666666666666667,0.9666666666666667,0.07801582174838727,0.16449271304358443,0.8222222222222222,0.5666666666666667,1.0,1.0,0.9777777777777777,0.8777777777777778
2026-03-08,POMO4.SA,target_best_sale,equity_br,"baseline_ewmgauss_a0.85_cal(-0.005,0.700)",False,0.85,0.02,0.98,-0.20617629044264787,0.19906754859325718,757,0.8950908184051514,False,0.0,0.22,0.20109020503033012,0.021879943916726152,0.3741214846505558,0.021879943916726152,0.22,0.09356404836216774,,7.614912083164113,6.478719000358549,8.711930422358822,6.478719000358549,7.734800186157226,6.933196233480776,,0.0962198436699094,0.2017030783579628,0.9888888888888889,0.12222222222222222,0.11576956639584156,0.2001918616466296,0.4777777777777778,0.3888888888888889,0.9888888888888889,0.4,0.4777777777777778,0.9333333333333333
2026-03-08,PRIO3.SA,target_best_entry,equity_br,"baseline_ewmgauss_a0.18_cal(-0.022,0.700)",False,0.18,0.02,0.98,-0.07500235257273792,0.1492475469041614,757,0.6086940765380859,False,-0.28371118686627916,0.0,-0.13784002416075775,-0.19762905625645308,-0.018865537815109565,-0.19762905625645308,-0.018865537815109565,-0.06645533235336884,,51.203680438871906,47.65280985920089,58.26957511032369,47.65280985920089,58.26957511032369,55.44321724174298,,0.08056115231887498,0.14541501556058067,0.8111111111111111,0.8111111111111111,0.08632420244179745,0.13536369681455465,0.2777777777777778,0.2777777777777778,1.0,1.0,0.6111111111111112,0.9666666666666667
2026-03-08,PRIO3.SA,target_best_sale,equity_br,"baseline_ewmgauss_a0.90_cal(+0.015,0.700)",False,0.9,0.02,0.98,-0.26016052953162333,0.13787513667057424,757,0.6716744899749756,False,0.0,0.3,0.23248757178160948,0.0036392017648936015,0.3537684607377397,0.0036392017648936015,0.3,0.09517854977157995,,73.19743613585908,59.60613158024428,80.40030805693966,59.60613158024428,77.20699920654297,65.0426534024902,,0.08496236890966367,0.16554198602436374,0.8222222222222222,0.7,0.14092096919919236,0.22276091347468638,0.2,0.2,1.0,0.9777777777777777,0.9333333333333333,0.4666666666666667
2026-03-08,PSSA3.SA,target_best_entry,equity_br,"baseline_qroll_a0.15_cal(+0.011,0.826)",False,0.15,0.02,0.98,-0.052524395175987046,0.0712134501722865,757,0.5462627410888672,False,-0.21117926110253635,0.0,-0.14007405528172426,-0.17086965069488147,-0.0983208738860557,-0.17086965069488147,-0.0983208738860557,-0.11502214644432313,,42.33415386483786,40.818086716745235,44.38966296583353,40.818086716745235,44.38966296583353,43.567459325435266,,0.018229816321312722,0.03810147926560877,0.9444444444444444,0.9444444444444444,0.031008533911019785,0.06382555741252553,0.6111111111111112,0.6111111111111112,1.0,0.9888888888888889,0.9444444444444444,1.0
2026-03-08,PSSA3.SA,target_best_sale,equity_br,"baseline_qroll_a0.88_cal(-0.006,0.763)",False,0.88,0.02,0.98,-0.19922716573022844,0.13471353453510793,757,0.9911093711853027,False,0.0,0.3,0.2308447538299178,0.01891296461436512,0.37414890766321557,0.01891296461436512,0.3,0.1036856803005862,,60.594486667610845,50.161084781543856,67.64935009522466,50.161084781543856,63.99899940490723,54.334445535970644,,0.10450161351719643,0.19935289419481905,1.0,0.4111111111111111,0.037833771150593776,0.10721681014864859,1.0,1.0,1.0,0.7555555555555555,1.0,1.0
2026-03-08,RADL3.SA,target_best_entry,equity_br,"baseline_ewmgauss_a0.10_cal(-0.030,0.700)",False,0.1,0.02,0.98,-0.1271105449867938,0.12621074507825555,757,13.083512306213379,False,-0.2566363957229072,0.0,-0.19710313774272084,-0.2566363957229072,0.0,-0.2566363957229072,0.0,-0.07884125509708834,,19.052742173828218,17.64001798921056,23.729999542236328,17.64001798921056,23.729999542236328,21.859096594873087,,0.10863589087219563,0.15523609371279742,0.4444444444444444,0.4444444444444444,0.16527984215566982,0.2013654867778773,1.0,1.0,1.0,0.8666666666666667,1.0,1.0
2026-03-08,RADL3.SA,target_best_sale,equity_br,"baseline_qroll_a0.90_cal(-0.030,0.924)",False,0.9,0.02,0.98,-0.20057307716060868,0.1134377324959219,757,1.164477825164795,False,0.0,0.3,0.3,0.1106394002972646,0.40709631301685445,0.1106394002972646,0.3,0.18638364017835873,,30.84899940490723,26.355472460643718,33.39039486377238,26.355472460643718,30.84899940490723,28.152883238349123,,0.1062834978186155,0.20929368772034776,1.0,0.8777777777777778,0.08189460908780977,0.12957430893104863,0.9666666666666667,0.36666666666666664,1.0,1.0,0.9666666666666667,0.7666666666666667
2026-03-08,RAIL3.SA,target_best_entry,equity_br,"baseline_qroll_a0.15_cal(+0.030,1.148)",False,0.15,0.02,0.98,-0.07120795497646878,0.10560573654010988,757,0.9085373878479004,False,-0.26039983909735337,0.0,-0.19973378414222404,-0.2596915908324774,-0.11081270307837159,-0.2596915908324774,-0.11081270307837159,-0.14638113550391257,,12.38812065514557,11.459973835026954,13.764618949309167,11.459973835026954,13.764618949309167,13.214019631643726,,0.04307011255932894,0.10169843529334427,0.9333333333333333,0.9333333333333333,0.03846116721563494,0.12690252193058585,0.9111111111111111,0.9111111111111111,1.0,1.0,1.0,1.0
2026-03-08,RAIL3.SA,target_best_sale,equity_br,"baseline_ewmgauss_a0.88_cal(-0.000,0.700)",False,0.88,0.02,0.98,-0.12754775149291436,0.10157379173077773,757,0.6870837211608887,False,0.0,0.3,0.11835064921534769,0.03713178980673597,0.1830300137170413,0.03713178980673597,0.1830300137170413,0.06961933357018066,,17.312067537913283,16.05479963144702,18.313304070791638,16.05479963144702,18.313304070791638,16.557706794033525,,0.05345039724470067,0.09390530504252269,0.8888888888888888,0.8888888888888888,0.029170730802471265,0.08621713443537304,0.9888888888888889,0.9888888888888889,1.0,0.9777777777777777,1.0,1.0
2026-03-08,RANI3.SA,target_best_entry,equity_br,"baseline_qroll_a0.10_cal(+0.024,0.940)",False,0.1,0.02,0.98,-0.07844147252782167,0.09189959625853997,757,0.7253439426422119,False,-0.19393743586744214,0.0,-0.19393743586744214,-0.19393743586744214,-0.13489589953866993,-0.19393743586744214,-0.13489589953866993,-0.1585125140701788,,7.891352472108895,7.891352472108895,8.469369110515318,7.891352472108895,8.469369110515318,8.238162455152748,,0.019757705258271818,0.062066185113554294,0.9444444444444444,0.9444444444444444,0.016891414986777542,0.03257799193452697,1.0,1.0,1.0,0.9777777777777777,1.0,1.0
2026-03-08,RANI3.SA,target_best_sale,equity_br,"baseline_qroll_a0.88_cal(-0.022,0.933)",False,0.88,0.02,0.98,-0.19470133442668264,0.19906754859325718,757,0.5512394905090332,False,0.0,0.22,0.22,0.12493748312347051,0.3171943117567173,0.12493748312347051,0.22,0.1629624898740823,,11.943799953460694,11.013137916865816,12.895332261851287,11.013137916865816,11.943799953460694,11.385402731503767,,0.059955924883984976,0.1393431359078023,0.7666666666666667,0.7333333333333333,0.0689637349701676,0.13513184340007164,0.7888888888888889,0.7888888888888889,0.9888888888888889,1.0,0.9444444444444444,1.0
2026-03-08,RBRF11.SA,target_best_entry,equity_br,"baseline_qroll_a0.12_cal(-0.000,0.772)",False,0.12,0.02,0.98,-0.07072026749452907,0.06831578211527486,757,0.6293954849243164,False,-0.0864678234951409,0.0,-0.07451006698262655,-0.09454002465678997,-0.05516112681703424,-0.0864678234951409,-0.05516112681703424,-0.06290070288327115,,6.154508142827131,6.021308922383739,6.283178596773579,6.07498906087853,6.283178596773579,6.231710415195001,,0.015375042481706869,0.034803775438822,0.9666666666666667,0.9555555555555556,0.011324150312312108,0.017168099986092176,1.0,1.0,1.0,0.9777777777777777,1.0,1.0
2026-03-08,RBRF11.SA,target_best_sale,equity_br,"baseline_qroll_a0.82_cal(+0.001,0.700)",False,0.82,0.02,0.98,-0.08204851778828662,0.0918728605294048,757,0.7131590843200684,False,0.0,0.15203733761268817,0.04592392432730129,0.019592783710230294,0.07540790861735834,0.019592783710230294,0.07540790861735834,0.030125239957058694,,6.955394196523632,6.780292108908977,7.151462694864323,6.780292108908977,7.151462694864323,6.850332943954839,,0.03430042889257308,0.06587471935873362,0.6777777777777778,0.6777777777777778,0.013029936639671034,0.03787448940196442,1.0,1.0,0.9888888888888889,1.0,1.0,1.0
2026-03-08,RBRP11.SA,target_best_entry,equity_br,"baseline_qroll_a0.12_cal(-0.000,0.806)",False,0.12,0.02,0.98,-0.16826265081701727,0.04256603759485146,757,0.7493281364440918,False,-0.052440277667099515,0.0,-0.052440277667099515,-0.14711206352536843,-0.028490798822877916,-0.052440277667099515,-0.028490798822877916,-0.03807059036056656,,50.817625306162945,45.74037769060781,52.10203579079934,50.817625306162945,52.10203579079934,51.58827159694478,,0.016845488343446804,0.035939164264219677,0.9666666666666667,0.9111111111111111,0.01318450516236126,0.025202752474454075,0.8777777777777778,0.8555555555555555,1.0,1.0,1.0,0.9888888888888889
2026-03-08,RBRP11.SA,target_best_sale,equity_br,"baseline_ewmgauss_a0.82_cal(+0.000,0.700)",False,0.82,0.02,0.98,-0.1384961281332711,0.2116723553889005,757,0.6031448841094971,False,0.0,0.2607046915314988,0.11603986591601485,0.05331783913428975,0.21190188980507124,0.05331783913428975,0.21190188980507124,0.07840664984697979,,59.853214943780834,56.4894328197481,64.99429502165802,56.4894328197481,64.99429502165802,57.8349456693612,,0.05744218619374837,0.08461707409911462,0.9333333333333333,0.9333333333333333,0.016697130047922674,0.04284322414780657,0.9888888888888889,0.9888888888888889,1.0,1.0,1.0,1.0
2026-03-08,RCRB11.SA,target_best_entry,equity_br,"baseline_qroll_a0.18_cal(-0.006,0.811)",False,0.18,0.02,0.98,-0.062129922922242786,0.07060043997962383,757,0.9167385101318359,False,-0.09451207913496805,0.0,-0.0542095614726027,-0.10671675927335801,0.0,-0.09451207913496805,0.0,-0.021683824589041084,,135.1345424749119,127.63231379675719,142.8800048828125,129.37611855452352,142.8800048828125,139.78181991965226,,0.023230817133172814,0.047243860178155905,1.0,0.9777777777777777,0.013448461875292021,0.03209003138454846,1.0,1.0,1.0,1.0,1.0,1.0
2026-03-08,RCRB11.SA,target_best_sale,equity_br,"baseline_qroll_a0.82_cal(+0.012,0.700)",False,0.82,0.02,0.98,-0.08804580032851372,0.09686205533146167,757,0.821526050567627,False,0.0,0.14058311273116814,0.05791285033196882,0.0,0.1312708652690262,0.0,0.1312708652690262,0.02316514013278753,,151.1545932210218,142.8800048828125,161.63598675342197,142.8800048828125,161.63598675342197,146.1898402180962,,0.03822440436807601,0.09501371020769146,0.7777777777777778,0.7333333333333333,0.03715030528895558,0.08028627783910429,0.7555555555555555,0.2777777777777778,0.8444444444444444,1.0,0.8666666666666667,0.4444444444444444
2026-03-08,RENT3.SA,target_best_entry,equity_br,"baseline_qroll_a0.08_cal(+0.015,0.780)",False,0.08,0.02,0.98,-0.10589833716678186,0.1478956277905809,757,1.0373954772949219,False,-0.3,0.0,-0.21586842919262061,-0.3212553941507112,-0.04612602041964359,-0.3,-0.04612602041964359,-0.1140229839288344,,36.775771867355914,31.833123050013718,44.7366910978149,32.83000106811523,44.7366910978149,41.552323405631306,,0.06382816737299671,0.09542219983444408,0.9444444444444444,0.9444444444444444,0.044046605107380274,0.08221164288727989,0.9666666666666667,0.9666666666666667,1.0,1.0,1.0,1.0
2026-03-08,RENT3.SA,target_best_sale,equity_br,"baseline_ewmgauss_a0.88_cal(-0.030,0.763)",False,0.88,0.02,0.98,-0.14968113875492944,0.269180558797179,757,1.5214602947235107,False,0.0,0.3,0.20086650341474654,0.0,0.4190675485932572,0.0,0.3,0.08034660136589862,,56.320640842528476,46.900001525878906,66.554270194349,46.900001525878906,60.97000198364258,50.66825725253874,,0.1092122498574726,0.19434361479744658,1.0,0.8222222222222222,0.07468281224211393,0.16336416493774472,1.0,0.7888888888888889,1.0,0.9,1.0,0.9666666666666667
2026-03-08,SANB11.SA,target_best_entry,equity_br,"baseline_qroll_a0.12_cal(+0.005,0.780)",False,0.12,0.02,0.98,-0.0694080747642139,0.08674568625084844,757,0.872356653213501,False,-0.18627796950939993,0.0,-0.13917140864483224,-0.18627796950939993,-0.033472176850362884,-0.18627796950939993,-0.033472176850362884,-0.07575186956815062,,27.133317593570943,25.6485187735561,30.464957428117888,25.6485187735561,30.464957428117888,29.13230149429911,,0.026215785851402253,0.0633595780349992,0.8777777777777778,0.8777777777777778,0.02709583968010242,0.050242200061354714,1.0,1.0,1.0,1.0,1.0,1.0
2026-03-08,SANB11.SA,target_best_sale,equity_br,"baseline_qroll_a0.88_cal(+0.007,0.733)",False,0.88,0.02,0.98,-0.13158031666689998,0.08780766307168633,757,0.7929623126983643,False,0.0,0.3,0.20838569777339974,0.06264751819857059,0.3056413458289017,0.06264751819857059,0.3,0.12094279002850225,,38.088317746972635,33.494650260060375,41.153815818202155,33.494650260060375,40.97600059509278,35.33211725482528,,0.05955757971165987,0.11421663403379381,0.6555555555555556,0.6555555555555556,0.05036036084952865,0.08969016515504377,0.8111111111111111,0.8111111111111111,1.0,1.0,1.0,0.9888888888888889
2026-03-08,SB=F,target_best_entry,future,"baseline_qroll_a0.15_cal(+0.017,0.874)",False,0.15,0.02,0.98,-0.1055713762791421,0.16986665298502857,757,0.9673120975494385,False,-0.2467115406994677,0.0,-0.18002417942950386,-0.2467115406994677,-0.015887555940097248,-0.2467115406994677,-0.015887555940097248,-0.0815422053358599,,11.561659382839947,10.621367563494248,13.875985836653733,10.621367563494248,13.875985836653733,12.95025525512822,,0.025203264586505583,0.05935217424431947,0.9666666666666667,0.9666666666666667,0.028315721802762213,0.09419339455840835,1.0,1.0,1.0,1.0,1.0,1.0
2026-03-08,SB=F,target_best_sale,future,"baseline_qroll_a0.85_cal(-0.013,0.831)",False,0.85,0.02,0.98,-0.20585051964713505,0.11753327690177251,757,0.5465314388275146,False,0.0,0.28,0.20321909791315915,0.0908368115323911,0.26738535994974344,0.0908368115323911,0.26738535994974344,0.13578972608469833,,16.965389739567204,15.380799458727937,17.870134058760527,15.380799458727937,17.870134058760527,16.014635571063643,,0.02782500425082527,0.07912991173192098,1.0,1.0,0.025421479663051662,0.0458221818494147,0.9666666666666667,0.9666666666666667,1.0,1.0,1.0,1.0
2026-03-08,SBSP3.SA,target_best_entry,equity_br,"baseline_qroll_a0.12_cal(+0.007,0.739)",False,0.12,0.02,0.98,-0.06365881281389049,0.06882382075860409,757,0.8001937866210938,False,-0.249653602543145,0.0,-0.1561026159862602,-0.20642076466889703,-0.10170186465646265,-0.20642076466889703,-0.10170186465646265,-0.12346216518838168,,122.1625806741622,114.87852574726953,130.03763313783142,114.87852574726953,130.03763313783142,126.88761215236373,,0.022954297187664792,0.04916629387157251,0.9777777777777777,0.9777777777777777,0.02396897192598718,0.05204128785644851,0.8888888888888888,0.8888888888888888,1.0,1.0,1.0,0.9666666666666667
2026-03-08,SBSP3.SA,target_best_sale,equity_br,"baseline_qroll_a0.88_cal(-0.008,0.769)",False,0.88,0.02,0.98,-0.17633448667896762,0.13811705999566243,757,0.8079860210418701,False,0.0,0.3,0.2306088470402974,0.08987062859788789,0.34084450953825296,0.08987062859788789,0.3,0.14616591597485168,,178.14292993761717,157.76966620899208,194.10064383527865,157.76966620899208,188.18799285888673,165.9189717004421,,0.06650621505832856,0.14302518748488102,0.9444444444444444,0.9444444444444444,0.037386349247874394,0.08054053029882893,0.9777777777777777,0.9777777777777777,1.0,1.0,1.0,1.0
2026-03-08,SEK=X,target_best_entry,fx,"baseline_qroll_a0.12_cal(+0.005,0.820)",False,0.12,0.02,0.98,-0.07125678224040714,0.0577682018130796,757,25.0,False,-0.08870503061780351,0.0,-0.06351953738346762,-0.08870503061780351,0.0,-0.08870503061780351,0.0,-0.02540781495338705,,8.587937631526662,8.356975583998842,9.170439720153809,8.356975583998842,9.170439720153809,8.93743888470295,,0.027190431504150785,0.05161063056620803,0.7777777777777778,0.7777777777777778,0.015639147468080653,0.035045072790555444,1.0,1.0,1.0,1.0,1.0,1.0
2026-03-08,SEK=X,target_best_sale,fx,"baseline_qroll_a0.88_cal(-0.006,0.833)",False,0.88,0.02,0.98,-0.05430591340813826,0.04735525730214673,757,0.500023365020752,False,0.0,0.15,0.08023442698474742,0.047752578143999004,0.10855889872215799,0.047752578143999004,0.10855889872215799,0.060745317680298366,,9.906224696298517,9.608351859505285,10.16597255697164,9.608351859505285,10.16597255697164,9.727500994222577,,0.008602987898487366,0.022385223306738655,1.0,1.0,0.007029701168182228,0.015383524063379304,0.9888888888888889,0.9888888888888889,1.0,1.0,1.0,1.0
2026-03-08,SI=F,target_best_entry,future,"baseline_qroll_a0.12_cal(+0.015,0.776)",False,0.12,0.02,0.98,-0.08564442576686783,0.11182614570062195,757,0.9501972198486328,False,-0.26130353492686936,0.0,-0.13089499884521058,-0.26130353492686936,0.0,-0.26130353492686936,0.0,-0.05235799953808423,,70.99457715266563,60.341895527414486,81.68699645996094,60.341895527414486,81.68699645996094,77.41002873704281,,0.07402229698440695,0.12038749491223853,0.9111111111111111,0.9111111111111111,0.022404143065259646,0.07253411059398342,0.9777777777777777,0.9777777777777777,1.0,1.0,0.9888888888888889,0.9888888888888889
2026-03-08,SI=F,target_best_sale,future,"baseline_qroll_a0.92_cal(-0.019,0.830)",False,0.92,0.02,0.98,-0.1619324338006494,0.13906754859325715,757,0.500023365020752,False,0.0,0.28,0.28,0.13639181210560958,0.40333068910073194,0.13639181210560958,0.28,0.19383508726336576,,104.55935546875,92.82843393259952,114.63386903272604,92.82843393259952,104.55935546875,97.52080254705972,,0.02860707960190735,0.15450699134235754,0.9,0.9,0.13906754859325712,0.13906754859325715,0.0,0.0,0.9444444444444444,0.9333333333333333,0.0,0.0
2026-03-08,SLCE3.SA,target_best_entry,equity_br,"baseline_qroll_a0.12_cal(+0.006,0.769)",False,0.12,0.02,0.98,-0.0713182060402385,0.06621851604333436,757,0.5992896556854248,False,-0.22,0.0,-0.1585228705260132,-0.20701827548892,-0.11349518503218017,-0.20701827548892,-0.11349518503218017,-0.13150625922971337,,13.791809638481762,12.996969980738966,14.529813376242968,12.996969980738966,14.529813376242968,14.234611881138486,,0.026324521797681674,0.050288603115782204,0.9333333333333333,0.9333333333333333,0.03434897195031476,0.06342967952264174,0.4666666666666667,0.4666666666666667,1.0,0.9888888888888889,0.7111111111111111,0.9888888888888889
2026-03-08,SLCE3.SA,target_best_sale,equity_br,"baseline_qroll_a0.88_cal(-0.013,0.864)",False,0.88,0.02,0.98,-0.17530666768093844,0.07520606671179116,757,0.5031075477600098,False,0.0,0.22,0.22,0.11992567582375856,0.26293160322819925,0.11992567582375856,0.22,0.15995540549425513,,19.995799255371093,18.35558114320302,20.699448206077907,18.35558114320302,19.995799255371093,19.011668388070248,,0.049536966838960673,0.10179109595342671,0.9777777777777777,0.9777777777777777,0.0439483456966205,0.07825221215286537,0.24444444444444444,0.24444444444444444,1.0,1.0,0.9444444444444444,0.6222222222222222
2026-03-08,SMTO3.SA,target_best_entry,equity_br,"baseline_qroll_a0.12_cal(+0.002,0.781)",False,0.12,0.02,0.98,-0.1101370817202163,0.09982453171908504,757,0.500023365020752,False,-0.2602361467278141,0.0,-0.198169081196133,-0.2602361467278141,-0.13068633563347115,-0.2602361467278141,-0.13068633563347115,-0.1576794338585359,,15.138567074093723,13.966740928944338,16.412641253683006,13.966740928944338,16.412641253683006,15.903011581847291,,0.025297788504980392,0.06119204600968957,0.9888888888888889,0.9888888888888889,0.09399699281241228,0.17238425964950999,0.12222222222222222,0.12222222222222222,1.0,1.0,0.4,0.5333333333333333
2026-03-08,SMTO3.SA,target_best_sale,equity_br,"baseline_qroll_a0.85_cal(-0.008,0.794)",False,0.85,0.02,0.98,-0.20861851723847452,0.1038251155822926,757,0.500023365020752,False,0.0,0.3,0.22080686129086524,0.07977789700700655,0.29099405613361634,0.07977789700700655,0.29099405613361634,0.13618948272055004,,23.04883251662965,20.386205789306608,24.37396669635735,20.386205789306608,24.37396669635735,21.451256480235823,,0.03888556630461691,0.0704953702914036,0.9444444444444444,0.9444444444444444,0.08234743902722474,0.20333611194665158,0.4111111111111111,0.4111111111111111,1.0,0.9666666666666667,0.8,0.5888888888888889
2026-03-08,SUZB3.SA,target_best_entry,equity_br,"baseline_qroll_a0.12_cal(-0.000,0.730)",False,0.12,0.02,0.98,-0.09185530462615547,0.1603040385863348,757,0.5860650539398193,False,-0.293673879100909,0.0,-0.1251727033148095,-0.20490283050108826,0.0,-0.20490283050108826,0.0,-0.0500690813259238,,48.045513532094034,43.666735093013834,54.91999816894531,43.666735093013834,54.91999816894531,52.1702043142048,,0.044163346326511484,0.09198606765684661,0.9444444444444444,0.9444444444444444,0.034387216075814714,0.062278341591339735,1.0,1.0,1.0,1.0,1.0,1.0
2026-03-08,SUZB3.SA,target_best_sale,equity_br,"baseline_qroll_a0.88_cal(-0.000,0.801)",False,0.88,0.02,0.98,-0.10697966093015954,0.175432494102425,757,0.500023365020752,False,0.0,0.11607062829395923,0.11607062829395923,0.03684532604619033,0.24598964512855326,0.03684532604619033,0.11607062829395923,0.0685354469452979,,61.29459686231788,56.943543407936275,68.42974902898496,56.943543407936275,61.29459686231788,58.68396478968892,,0.02616047541670023,0.05762290493871634,1.0,0.9555555555555556,0.06294785600154926,0.1602652548309795,0.6666666666666666,0.4111111111111111,1.0,1.0,0.6444444444444445,0.6
2026-03-08,SYNE3.SA,target_best_entry,equity_br,"baseline_qroll_a0.18_cal(+0.012,0.824)",False,0.18,0.02,0.98,-0.257954223238984,0.12120970213820684,757,0.7515945434570312,False,-0.22,0.0,-0.16135114765780434,-0.2878070634783541,-0.10193097729671462,-0.22,-0.10193097729671462,-0.12569904544115051,,3.899717243370997,3.3116972227456647,4.1760210412168135,3.6270000743865967,4.1760210412168135,4.065499522078486,,0.04056140646634188,0.07953830501593345,0.7888888888888889,0.7888888888888889,0.02205572367317182,0.046469986523400265,1.0,1.0,1.0,1.0,1.0,1.0
2026-03-08,SYNE3.SA,target_best_sale,equity_br,"baseline_qroll_a0.88_cal(-0.023,0.875)",False,0.88,0.02,0.98,-0.12844859945016338,0.19906754859325718,757,1.8536174297332764,False,0.0,0.22,0.22,0.06470324968960856,0.4190675485932572,0.06470324968960856,0.22,0.12682194981376516,,5.673000116348266,4.950870212594694,6.598664236291473,4.950870212594694,5.673000116348266,5.239722174096123,,0.12577563137401804,0.19906754859325718,0.8111111111111111,0.14444444444444443,0.04326562094677501,0.0973179130458718,1.0,0.9555555555555556,0.5111111111111111,0.2222222222222222,1.0,1.0
2026-03-08,TAEE11.SA,target_best_entry,equity_br,"baseline_qroll_a0.12_cal(+0.007,0.862)",False,0.12,0.02,0.98,-0.032402223899126684,0.05136653295639346,757,0.8263275623321533,False,-0.1372456396753955,0.0,-0.1250468028068375,-0.1372456396753955,-0.06973341309604272,-0.1372456396753955,-0.06973341309604272,-0.09185876898036063,,37.33425132214509,36.81372697530046,39.69447355982286,36.81372697530046,39.69447355982286,38.750384664751756,,0.015631338829107923,0.02923402707959884,0.8444444444444444,0.8444444444444444,0.016867122921956447,0.08930374867420449,0.8666666666666667,0.8666666666666667,0.9888888888888889,0.9666666666666667,0.9222222222222223,0.9
2026-03-08,TAEE11.SA,target_best_sale,equity_br,"baseline_qroll_a0.88_cal(-0.003,0.782)",False,0.88,0.02,0.98,-0.07887874720531236,0.059518482766035684,757,1.0490546226501465,False,0.0,0.3,0.17419734762880953,0.06636330490689962,0.2555642410028932,0.06636330490689962,0.2555642410028932,0.1094969219956636,,50.10299867330174,45.50172026780788,53.57492386458667,45.50172026780788,53.57492386458667,47.34223163000543,,0.034114338440238264,0.07618699455122156,0.9555555555555556,0.9555555555555556,0.0666494743518342,0.1891981414569019,0.6555555555555556,0.6111111111111112,1.0,1.0,0.9222222222222223,0.9777777777777777
2026-03-08,TGMA3.SA,target_best_entry,equity_br,"baseline_qroll_a0.12_cal(+0.025,1.020)",False,0.12,0.02,0.98,-0.06458322880364403,0.1156827639831858,757,0.7657420635223389,False,-0.22527073061068312,0.0,-0.22527073061068312,-0.22527073061068312,-0.14609040936836748,-0.22527073061068312,-0.14609040936836748,-0.17776253786529372,,30.330652078734804,30.330652078734804,33.43056177619105,30.330652078734804,33.43056177619105,32.19059789720855,,0.023292458849469105,0.046696865116357206,0.9111111111111111,0.9111111111111111,0.04068634496621006,0.07284868241648215,0.7,0.7,1.0,0.9777777777777777,1.0,1.0
2026-03-08,TGMA3.SA,target_best_sale,equity_br,"baseline_qroll_a0.88_cal(-0.019,0.855)",False,0.88,0.02,0.98,-0.17074696517484914,0.10974225703640778,757,0.615142822265625,False,0.0,0.3,0.3,0.20611525030789915,0.36034147852618453,0.20611525030789915,0.3,0.24366915018473947,,50.89500198364258,47.21941388994007,53.25737096001649,47.21941388994007,50.89500198364258,48.68964912742107,,0.03786907193289715,0.08568031086282107,0.9111111111111111,0.9111111111111111,0.04294803649349305,0.10193849523354905,0.7222222222222222,0.7222222222222222,1.0,1.0,1.0,0.8666666666666667
2026-03-08,TIMS3.SA,target_best_entry,equity_br,"baseline_qroll_a0.12_cal(+0.022,0.913)",False,0.12,0.02,0.98,-0.06391295540186977,0.08539878527834105,757,0.6014859676361084,False,-0.22419366154393183,0.0,-0.19311794789581357,-0.22419366154393183,-0.13011047686738528,-0.22419366154393183,-0.13011047686738528,-0.1553134652787566,,21.511475385977178,20.682996864860126,23.1912545539809,20.682996864860126,23.1912545539809,22.51934288677941,,0.015535296660025235,0.03371307847441111,0.9444444444444444,0.9444444444444444,0.029605451322197683,0.058615379604535105,0.6555555555555556,0.6555555555555556,1.0,0.9666666666666667,0.8333333333333334,0.7555555555555555
2026-03-08,TIMS3.SA,target_best_sale,equity_br,"baseline_qroll_a0.90_cal(-0.005,0.756)",False,0.9,0.02,0.98,-0.10626755046073388,0.12673325892345869,757,0.6864879131317139,False,0.0,0.3,0.2675262778412705,0.17804165330337657,0.37424444384830385,0.17804165330337657,0.3,0.21383550311853414,,33.79225037383911,31.40659029731313,36.63735666330272,31.40659029731313,34.65799980163575,32.36085432792352,,0.053654256992868396,0.0843562158139616,0.8222222222222222,0.5,0.04859221678626333,0.12126868730066656,0.7,0.7,0.9666666666666667,0.8111111111111111,1.0,0.8888888888888888
2026-03-08,UGPA3.SA,target_best_entry,equity_br,"baseline_qroll_a0.12_cal(+0.004,0.808)",False,0.12,0.02,0.98,-0.08746040731426254,0.15182153636969414,757,0.6182153224945068,False,-0.25727357152053326,0.0,-0.18234196192067814,-0.22442879478053374,-0.10928390260066616,-0.22442879478053374,-0.10928390260066616,-0.13850712632867096,,21.61070219596591,20.498347190636043,23.541626726089376,20.498347190636043,23.541626726089376,22.769256914039985,,0.02763355210506013,0.05617292578073641,0.9111111111111111,0.9111111111111111,0.0183664233982358,0.0452967163868918,0.9666666666666667,0.9666666666666667,1.0,1.0,1.0,1.0
2026-03-08,UGPA3.SA,target_best_sale,equity_br,"baseline_qroll_a0.92_cal(-0.008,0.751)",False,0.92,0.02,0.98,-0.1570677275431941,0.14597447004371963,757,0.6032617092132568,False,0.0,0.3,0.25550450401206415,0.18175014288410457,0.32404979939176753,0.18175014288410457,0.3,0.2112518873352884,,33.182984424188426,31.233656637068407,34.99463660199235,31.233656637068407,34.35900039672852,32.01338775191641,,0.06306512356643146,0.1529370248351185,0.7555555555555555,0.7555555555555555,0.11108983166735456,0.16272853320271702,0.14444444444444443,0.14444444444444443,0.9666666666666667,0.8888888888888888,0.8333333333333334,0.7555555555555555
2026-03-08,UNIP6.SA,target_best_entry,equity_br,"baseline_qroll_a0.12_cal(+0.019,0.845)",False,0.12,0.02,0.98,-0.07550949738103073,0.10170806343585974,757,0.6219186782836914,False,-0.22,0.0,-0.20072801182477532,-0.2510166002333588,-0.1329914340781333,-0.22,-0.1329914340781333,-0.1600860651767901,,55.173744368061946,51.70232317160487,59.84960024722639,53.84339904785156,59.84960024722639,57.979257895560615,,0.02338579553841012,0.061709275433255835,0.8555555555555555,0.8555555555555555,0.072301301601977,0.15119247111199502,0.3,0.3,0.9888888888888889,0.9555555555555556,0.7666666666666667,0.7333333333333333
2026-03-08,UNIP6.SA,target_best_sale,equity_br,"baseline_ewmgauss_a0.88_cal(-0.030,0.700)",False,0.88,0.02,0.98,-0.13671755239352992,0.22903001450178134,757,1.3188738822937012,False,0.0,0.22,0.18413476548009244,0.0,0.4190675485932572,0.0,0.22,0.07365390619203697,,81.74082141561377,69.02999877929688,97.95823114713235,69.02999877929688,84.21659851074219,74.11432783382364,,0.03575390272211643,0.085843609809495,1.0,0.9444444444444444,0.11048793307224931,0.17497239489667074,0.7333333333333333,0.4666666666666667,1.0,0.9777777777777777,0.9888888888888889,0.8666666666666667
2026-03-08,USIM5.SA,target_best_entry,equity_br,"baseline_ewmgauss_a0.08_cal(-0.030,0.700)",False,0.08,0.02,0.98,-0.08695141269870794,0.2115832641626372,757,1.2234511375427246,False,-0.3,0.0,-0.22698120238802952,-0.3412645934582498,0.0,-0.3,0.0,-0.09079248095521181,,5.032352549383889,4.2883676473593635,6.510000228881836,4.557000160217285,6.510000228881836,5.918941157082657,,0.03499023540989976,0.07423386611086534,0.9666666666666667,0.7888888888888889,0.18568404321298437,0.22710465921149062,1.0,1.0,1.0,1.0,1.0,1.0
2026-03-08,USIM5.SA,target_best_sale,equity_br,"baseline_qroll_a0.82_cal(-0.021,0.900)",False,0.82,0.02,0.98,-0.2048477412580385,0.1626071862382668,757,0.9343674182891846,False,0.0,0.3,0.3,0.09437841019717946,0.4190675485932572,0.09437841019717946,0.3,0.17662704611830768,,8.463000297546387,7.124403700866978,9.23813006614089,7.124403700866978,8.463000297546387,7.659842339538741,,0.05093801702623738,0.1044484657796225,0.9888888888888889,0.9888888888888889,0.07526754777507429,0.11906754859325719,1.0,0.2222222222222222,1.0,1.0,1.0,0.4666666666666667
2026-03-08,USO,target_best_entry,other,"baseline_ewmgauss_a0.18_cal(-0.011,0.700)",False,0.18,0.02,0.98,-0.10685175539414356,0.1384184884153872,757,1.4443440437316895,False,-0.23819148951970573,0.0,-0.12396180270827553,-0.23819148951970573,0.0,-0.23819148951970573,0.0,-0.04958472108331022,,95.28667177861882,82.86190912760102,108.7699966430664,82.86190912760102,108.7699966430664,103.37666669728736,,0.0781669865091265,0.13514982415329665,1.0,1.0,0.04314753299523353,0.08578987947156111,1.0,1.0,1.0,1.0,1.0,1.0
2026-03-08,USO,target_best_sale,other,"baseline_ewmgauss_a0.92_cal(+0.010,0.700)",False,0.92,0.02,0.98,-0.19065072108746217,0.10741563301619719,757,1.214771032333374,False,0.0,0.25,0.1682935028705937,0.0,0.35965566875398913,0.0,0.25,0.06731740114823748,,127.07528038535077,108.7699966430664,147.88974252609762,108.7699966430664,135.962495803833,116.09211013998014,,0.06074556882495015,0.1314892067218777,1.0,0.8333333333333334,0.09639216405514313,0.25528201247375404,0.8888888888888888,0.8888888888888888,1.0,1.0,0.9222222222222223,0.8888888888888888
2026-03-08,VALE3.SA,target_best_entry,equity_br,"baseline_qroll_a0.12_cal(+0.030,1.037)",False,0.12,0.02,0.98,-0.06761312319166979,0.11671421836805657,757,0.6917333602905273,False,-0.20314303846431864,0.0,-0.20314303846431864,-0.20314303846431864,-0.08304545782769128,-0.20314303846431864,-0.08304545782769128,-0.13108449008234221,,64.77650313277987,64.77650313277987,74.53923557268394,64.77650313277987,74.53923557268394,70.63414259672231,,0.03968053366026233,0.0720945715492417,0.9444444444444444,0.9444444444444444,0.013056473352066236,0.028689209426428938,0.9333333333333333,0.9333333333333333,1.0,1.0,0.9333333333333333,0.9333333333333333
2026-03-08,VALE3.SA,target_best_sale,equity_br,"baseline_qroll_a0.88_cal(-0.023,0.825)",False,0.88,0.02,0.98,-0.09251611340818315,0.10872062245014116,757,0.6152713298797607,False,0.0,0.3,0.2713542394821915,0.18667911766719547,0.3708604942375239,0.18667911766719547,0.3,0.22054916639319389,,103.34838729146692,96.46514656160349,111.43725083162857,96.46514656160349,105.67700119018555,99.21844285354888,,0.03498605786753869,0.059214444463386785,0.7777777777777778,0.7777777777777778,0.10995030650398736,0.14185630141474664,0.05555555555555555,0.0,1.0,1.0,0.12222222222222222,0.0
2026-03-08,VIVT3.SA,target_best_entry,equity_br,"baseline_qroll_a0.12_cal(+0.003,0.722)",False,0.12,0.02,0.98,-0.06609838100875266,0.06527014374720519,757,0.6405055522918701,False,-0.23057975973039255,0.0,-0.10699246586941585,-0.1575100960482427,-0.057107840357883945,-0.1575100960482427,-0.057107840357883945,-0.0770616905624967,,37.03302353049241,34.93805734530943,39.101739011349956,34.93805734530943,39.101739011349956,38.27425281900694,,0.017030613838609945,0.042759621882290384,1.0,1.0,0.018467965417772104,0.03810888096115959,0.9111111111111111,0.9111111111111111,1.0,1.0,1.0,1.0
2026-03-08,VIVT3.SA,target_best_sale,equity_br,"baseline_ewmgauss_a0.92_cal(+0.030,0.700)",False,0.92,0.02,0.98,-0.16951909946713328,0.11140132814590015,757,0.5218579769134521,False,0.0,0.3,0.20510342683007401,0.09954322517107578,0.2744734665549572,0.09954322517107578,0.2744734665549572,0.14176730583467506,,49.97564058171669,45.59805889006036,52.85241621378782,45.59805889006036,52.85241621378782,47.3490915667229,,0.04106124287841007,0.114955950008434,0.8333333333333334,0.8333333333333334,0.08127052806227018,0.13012861073669071,0.36666666666666664,0.36666666666666664,1.0,0.9555555555555556,0.6444444444444445,0.8666666666666667
2026-03-08,VULC3.SA,target_best_entry,equity_br,"baseline_qroll_a0.12_cal(+0.027,0.935)",False,0.12,0.02,0.98,-0.0767607654008129,0.08976184168021231,757,0.7848780155181885,False,-0.26,0.0,-0.26,-0.27319764885543013,-0.19217182132407343,-0.26,-0.19217182132407343,-0.21930309279444404,,12.839000282287598,12.610021069611381,14.01581920818932,12.839000282287598,14.01581920818932,13.545091637828632,,0.03704828093840942,0.08275737259182332,0.8777777777777778,0.8777777777777778,0.0305153422612333,0.05480216639395282,0.9555555555555556,0.9555555555555556,1.0,1.0,1.0,1.0
2026-03-08,VULC3.SA,target_best_sale,equity_br,"baseline_ewmgauss_a0.92_cal(-0.011,0.700)",False,0.92,0.02,0.98,-0.21918022151782882,0.18347603988378225,757,0.8599381446838379,False,0.0,0.26,0.19974644228666494,0.01828481072328003,0.35164820294526333,0.01828481072328003,0.26,0.090869463348634,,20.815601231340583,17.66724185449374,23.451096836713187,17.66724185449374,21.861000480651857,18.926585605232475,,0.1287377882372809,0.2015106675483288,0.7444444444444445,0.43333333333333335,0.09315582689530498,0.1751264815258313,0.9222222222222223,0.9222222222222223,1.0,0.5666666666666667,1.0,1.0
2026-03-08,WEGE3.SA,target_best_entry,equity_br,"baseline_ewmgauss_a0.08_cal(-0.003,0.700)",False,0.08,0.02,0.98,-0.09184233366365975,0.1318749886923574,757,2.090129852294922,False,-0.25861073126430617,0.0,-0.13602802987000787,-0.25861073126430617,0.0,-0.25861073126430617,0.0,-0.05441121194800315,,40.27837232463861,34.563566916568874,46.619998931884766,34.563566916568874,46.619998931884766,44.0833482889863,,0.03195744579770707,0.1241651759885852,0.9444444444444444,0.9444444444444444,0.12011287832051527,0.14253727579297906,1.0,1.0,1.0,1.0,1.0,1.0
2026-03-08,WEGE3.SA,target_best_sale,equity_br,"baseline_qroll_a0.90_cal(-0.015,0.831)",False,0.9,0.02,0.98,-0.170317919316479,0.15906754859325717,757,0.500023365020752,False,0.0,0.26,0.26,0.16249702759245815,0.35106240179346215,0.16249702759245815,0.26,0.2014982165554749,,58.7411986541748,54.195610184679616,62.986527728520876,54.195610184679616,58.7411986541748,56.013845572477685,,0.04847339149580481,0.0904322243781483,0.9222222222222223,0.9222222222222223,0.07448334677936547,0.1566731527531759,0.5666666666666667,0.16666666666666666,1.0,1.0,0.5777777777777777,0.4222222222222222
2026-03-08,WIZC3.SA,target_best_entry,equity_br,"baseline_qroll_a0.18_cal(-0.002,0.907)",False,0.18,0.02,0.98,-0.10964440856329315,0.13634948825157417,757,0.5222551822662354,False,-0.16396436089240743,0.0,-0.16396436089240743,-0.21827155911495635,-0.09643005811264564,-0.16396436089240743,-0.09643005811264564,-0.12344377922455035,,7.825293295017008,7.316977938298848,8.457414345849516,7.825293295017008,8.457414345849516,8.204565925516512,,0.034603556574580335,0.06640162509236379,0.9666666666666667,0.9666666666666667,0.016338386593069888,0.04174964923120401,1.0,1.0,1.0,1.0,1.0,1.0
2026-03-08,WIZC3.SA,target_best_sale,equity_br,"baseline_qroll_a0.92_cal(+0.005,0.700)",False,0.92,0.02,0.98,-0.22237507931830597,0.15918035696753743,757,0.9727795124053955,False,0.0,0.3,0.2392345243359409,0.03407641807877215,0.3860906409876405,0.03407641807877215,0.3,0.11613966058163964,,11.599234722326997,9.678954918195345,12.97380792376786,9.678954918195345,12.16799955368042,10.447066839848004,,0.11929537938451702,0.17627308092396815,0.9444444444444444,0.34444444444444444,0.07360593703531422,0.11846054044764084,0.9666666666666667,0.9111111111111111,1.0,0.6333333333333333,1.0,1.0
2026-03-08,XPML11.SA,target_best_entry,equity_br,"baseline_qroll_a0.12_cal(-0.001,0.789)",False,0.12,0.02,0.98,-0.10586715604133014,0.036752550269386626,757,0.6778311729431152,False,-0.043788118607517884,0.0,-0.043788118607517884,-0.14824414705831618,0.0,-0.043788118607517884,0.0,-0.017515247443007153,,105.55622900329068,94.02532808636195,110.38999938964844,105.55622900329068,110.38999938964844,108.45649123510533,,0.008550084069695978,0.019403974085562273,0.9444444444444444,0.9444444444444444,0.28531401575011756,0.4629980798947968,0.35555555555555557,0.35555555555555557,1.0,1.0,0.35555555555555557,0.35555555555555557
2026-03-08,XPML11.SA,target_best_sale,equity_br,"baseline_ewmgauss_a0.82_cal(+0.008,0.700)",False,0.82,0.02,0.98,-0.0727306580311688,0.06810414876594598,757,1.2174346446990967,False,0.0,0.10586774995143935,0.10586774995143935,0.0,0.276811337693601,0.0,0.10586774995143935,0.042347099980575745,,122.07674024217128,110.38999938964844,140.9472027886928,110.38999938964844,122.07674024217128,115.06469573065758,,0.04272214356404759,0.07241077191987524,0.8888888888888888,0.8666666666666667,0.1922892825666586,0.3326290584046114,0.4111111111111111,0.4111111111111111,1.0,1.0,0.4111111111111111,0.4111111111111111
2026-03-08,ZC=F,target_best_entry,future,"baseline_qroll_a0.12_cal(+0.014,0.867)",False,0.12,0.02,0.98,-0.07135830361039805,0.1258166145598762,757,12.877537965774536,False,-0.17781869464307948,0.0,-0.16200689709799454,-0.17781869464307948,0.0,-0.17781869464307948,0.0,-0.06480275883919782,,369.9739549312354,362.9930463150804,441.5,362.9930463150804,441.5,412.88958197249417,,0.02335068126229856,0.06847256634573405,0.8222222222222222,0.8222222222222222,0.012745378349631787,0.02959344981487213,1.0,1.0,1.0,1.0,1.0,1.0
2026-03-08,ZC=F,target_best_sale,future,"baseline_qroll_a0.88_cal(-0.019,0.870)",False,0.88,0.02,0.98,-0.09657669288673006,0.08696456581449373,757,1.0093574523925781,False,0.0,0.28,0.24388072372898467,0.1371529702938421,0.3399860309248871,0.1371529702938421,0.28,0.17984407166789912,,549.1733395263467,502.0530363847313,591.6038326533377,502.0530363847313,565.12,520.9011576413774,,0.02440070587509807,0.06020081335315801,1.0,1.0,0.02298801005005656,0.06567404742250438,1.0,1.0,1.0,1.0,1.0,1.0
2026-03-08,ZS=F,target_best_entry,future,"baseline_qroll_a0.12_cal(+0.008,0.772)",False,0.12,0.02,0.98,-0.09035396400851768,0.12660495265146413,757,0.5374424457550049,False,-0.19797155686979026,0.0,-0.12521546642079526,-0.1670999076458562,-0.06652653388395625,-0.1670999076458562,-0.06652653388395625,-0.09000210689869186,,1036.6196722913576,986.9866094396605,1106.166057347512,986.9866094396605,1106.166057347512,1078.3475033250502,,0.02251070844514547,0.04591735018362855,0.9666666666666667,0.9666666666666667,0.021202107728459367,0.04731461701591089,0.9111111111111111,0.9111111111111111,1.0,1.0,1.0,0.9888888888888889
2026-03-08,ZS=F,target_best_sale,future,"baseline_qroll_a0.88_cal(-0.006,0.763)",False,0.88,0.02,0.98,-0.11356831740150657,0.07313720609238532,757,0.5565316677093506,False,0.0,0.28,0.1757799704876205,0.12126439193991495,0.2108876237021452,0.12126439193991495,0.2108876237021452,0.14307062335899717,,1393.2992650278302,1328.6983044487993,1434.9018340870418,1328.6983044487993,1434.9018340870418,1354.5386886804115,,0.017480995070572807,0.03849623816469861,0.9555555555555556,0.9555555555555556,0.04718551387833268,0.09213760556782412,0.5888888888888889,0.5888888888888889,1.0,1.0,1.0,1.0
2026-03-08,ZW=F,target_best_entry,future,"baseline_qroll_a0.18_cal(-0.001,0.700)",False,0.18,0.02,0.98,-0.12303001556566986,0.10176826304351284,757,0.6829948425292969,False,-0.2640319992452212,0.0,-0.11917001418124652,-0.22060400118795576,-0.03526560578311008,-0.22060400118795576,-0.03526560578311008,-0.06882736914236466,,538.407328831713,476.40580427386203,589.693898465074,476.40580427386203,589.693898465074,569.1792706117296,,0.023263607828368435,0.05212488932349223,1.0,1.0,0.017009886376236245,0.03739909059311963,1.0,1.0,1.0,1.0,1.0,1.0
2026-03-08,ZW=F,target_best_sale,future,"baseline_qroll_a0.88_cal(-0.010,0.781)",False,0.88,0.02,0.98,-0.19034412920495755,0.13320119639681396,757,0.500023365020752,False,0.0,0.28,0.21570455788586332,0.1008138836635049,0.29610407073228395,0.1008138836635049,0.28,0.14677015335244828,,743.099411007734,672.8724863893174,792.2436132351086,672.8724863893174,782.4,700.9632562366841,,0.028713769921990165,0.06752965878537336,0.9444444444444444,0.9444444444444444,0.03125465398562177,0.07012245373380313,0.9222222222222223,0.9222222222222223,1.0,1.0,1.0,0.9555555555555556
2026-03-08,^BSESN,target_best_entry,index,"baseline_qroll_a0.15_cal(+0.006,0.821)",False,0.15,0.02,0.98,-0.04018220642388754,0.04384931659087558,757,1.0156543254852295,False,-0.15497263483584064,0.0,-0.08853043249331462,-0.14575482755648006,-0.026083622346165056,-0.14575482755648006,-0.026083622346165056,-0.05106234640502488,,71932.17422693215,67416.08800479483,76860.4076946809,67416.08800479483,76860.4076946809,74889.1143075814,,0.02438846569269073,0.04839282418522461,0.9777777777777777,0.9777777777777777,0.017764238316206753,0.03962107322991522,0.8222222222222222,0.8222222222222222,1.0,1.0,1.0,0.9222222222222223
2026-03-08,^BSESN,target_best_sale,index,"baseline_qroll_a0.88_cal(-0.005,0.768)",False,0.88,0.02,0.98,-0.06244847081553645,0.058127208218957845,757,0.8600783348083496,False,0.0,0.15,0.13734555911862478,0.062034054598282345,0.2074457144525777,0.062034054598282345,0.15,0.09215865640641932,,89758.0586684244,83814.55769200817,95290.2857076776,83814.55769200817,90756.733203125,86191.95808257467,,0.03429726128654382,0.06267839428114293,0.9888888888888889,0.9888888888888889,0.01757307003608199,0.03155008293289134,0.9666666666666667,0.9666666666666667,1.0,1.0,1.0,1.0
2026-03-08,^BVSP,target_best_entry,index,"baseline_qroll_a0.12_cal(+0.030,1.193)",False,0.12,0.02,0.98,-0.04124744314649524,0.06209066160528249,757,0.6132268905639648,False,-0.11918514341709993,0.0,-0.11918514341709993,-0.11918514341709993,-0.07085067036745837,-0.11918514341709993,-0.07085067036745837,-0.090184459587315,,158955.37227837648,158955.37227837648,167678.004622807,158955.37227837648,167678.004622807,164188.9516850348,,0.02245494159057657,0.04542938762128674,0.6888888888888889,0.6888888888888889,0.017659737143240213,0.03703086985752375,0.8,0.8,1.0,0.9111111111111111,0.8555555555555555,0.8555555555555555
2026-03-08,^BVSP,target_best_sale,index,"baseline_ewmgauss_a0.88_cal(-0.030,0.700)",False,0.88,0.02,0.98,-0.07112403420957134,0.09524335250403199,757,0.5625131130218506,False,0.0,0.15,0.0881241529603907,0.03733645325659816,0.1561347887393477,0.03733645325659816,0.15,0.05765153313811518,,196367.23713984393,187201.8857004987,208640.70851505763,187201.8857004987,207533.59999999998,190868.0262762368,,0.020959934179272423,0.05498893097225985,0.9333333333333333,0.9333333333333333,0.11493791607399678,0.1749164740008822,0.0,0.0,1.0,1.0,0.26666666666666666,0.07777777777777778
2026-03-08,^FVX,target_best_entry,index,"baseline_ewmgauss_a0.18_cal(+0.009,0.768)",False,0.18,0.02,0.98,-0.10049119063197418,0.13698345907927637,757,0.6133086681365967,False,-0.18,0.0,-0.10538794190862971,-0.1676909000676729,-0.020460351083751258,-0.1676909000676729,-0.020460351083751258,-0.05443138741370264,,3.323483719024272,3.092028234810932,3.6389897116493017,3.092028234810932,3.6389897116493017,3.5127873145992896,,0.048176304602388566,0.09335797589539901,0.9555555555555556,0.9555555555555556,0.07594890931632521,0.10412802622640471,0.2222222222222222,0.2222222222222222,1.0,1.0,0.9666666666666667,1.0
2026-03-08,^FVX,target_best_sale,index,"baseline_qroll_a0.82_cal(-0.022,0.912)",False,0.82,0.02,0.98,-0.08468522273667636,0.1252582896477817,757,0.6012406349182129,False,0.0,0.15,0.15,0.09852960136835455,0.2261300955673965,0.09852960136835455,0.15,0.11911776082101272,,4.272249901294708,4.081037374795885,4.555073199793288,4.081037374795885,4.272249901294708,4.157522385395414,,0.029594203877008004,0.06804842938513528,0.9555555555555556,0.9555555555555556,0.018427270633391852,0.04501564451491252,0.9888888888888889,0.9888888888888889,0.9777777777777777,0.9555555555555556,1.0,1.0
2026-03-08,^GDAXI,target_best_entry,index,"baseline_ewmgauss_a0.18_cal(-0.015,0.700)",False,0.18,0.02,0.98,-0.1006227170461131,0.09350032149191806,757,25.0,False,-0.13964245592073007,0.0,-0.0826819528888434,-0.13964245592073007,0.0,-0.13964245592073007,0.0,-0.03307278115553736,,21640.476923951457,20296.72002816148,23591.029296875,20296.72002816148,23591.029296875,22810.808347705584,,0.07591717607423744,0.10253290818372642,0.8,0.8,0.049092198137449077,0.07907850171479615,1.0,1.0,1.0,0.8777777777777778,1.0,1.0
2026-03-08,^GDAXI,target_best_sale,index,"baseline_ewmgauss_a0.88_cal(+0.009,0.700)",False,0.88,0.02,0.98,-0.08926525454558487,0.08741912131360904,757,0.9124393463134766,False,0.0,0.15,0.09529407056073876,0.0,0.19384563273647204,0.0,0.15,0.038117628224295506,,25839.114507291863,23591.029296875,28164.047297832385,23591.029296875,27129.683691406248,24490.263381041743,,0.06024148396451211,0.09778178870249415,0.8777777777777778,0.6888888888888889,0.0402965160464099,0.0781942262862833,0.7666666666666667,0.7666666666666667,1.0,0.9222222222222223,1.0,1.0
2026-03-08,^HSI,target_best_entry,index,"baseline_ewmgauss_a0.18_cal(-0.014,0.700)",False,0.18,0.02,0.98,-0.08043237191196144,0.11693732413345732,757,1.4817163944244385,False,-0.18,0.0,-0.0971815560665495,-0.22889002301123923,0.0,-0.18,0.0,-0.038872622426619804,,23254.15563135033,19861.702576277235,25757.2890625,21120.97703125,25757.2890625,24756.035690040135,,0.0872068526966597,0.11638542224400637,1.0,0.8555555555555555,0.05258762748915361,0.07144396873044816,1.0,1.0,1.0,1.0,1.0,1.0
2026-03-08,^HSI,target_best_sale,index,"baseline_qroll_a0.92_cal(-0.011,0.760)",False,0.92,0.02,0.98,-0.13255833509634293,0.19825861684132048,757,0.9153716564178467,False,0.0,0.15,0.13614449968655698,0.002046520223066145,0.3367058594103708,0.002046520223066145,0.15,0.05568571200846248,,29264.00229519609,25810.00187545777,34429.919212370405,25810.00187545777,29620.882421874998,27191.602043353094,,0.051611688817506295,0.1349696507026485,0.8888888888888888,0.6555555555555556,0.02701607261297998,0.05588860986090236,1.0,1.0,0.8888888888888888,0.9888888888888889,1.0,1.0
2026-03-08,^IRX,target_best_entry,index,"baseline_qroll_a0.08_cal(+0.030,1.300)",False,0.08,0.02,0.98,-0.07504290983781213,0.04594690504688322,757,0.5189023017883301,False,-0.0699599412683344,0.0,-0.0699599412683344,-0.0699599412683344,-0.05609457715628985,-0.0699599412683344,-0.05609457715628985,-0.06164072280110767,,3.3202429475851742,3.3202429475851742,3.36974229653956,3.3202429475851742,3.36974229653956,3.3499425569578056,,0.016326218157753966,0.040681153622094166,0.8666666666666667,0.8666666666666667,0.01631176377246784,0.043315489946388355,0.28888888888888886,0.28888888888888886,0.9666666666666667,0.8888888888888888,0.8777777777777778,0.5777777777777777
2026-03-08,^IRX,target_best_sale,index,"baseline_qroll_a0.88_cal(-0.030,1.300)",False,0.88,0.02,0.98,-0.040337109968331404,0.024974255783463937,757,1.9814825057983398,False,0.0,0.15,0.15,0.10351803918271735,0.15246354590651348,0.10351803918271735,0.15,0.1221108235096304,,4.1054999232292175,3.939559326214524,4.114294781951012,3.939559326214524,4.1054999232292175,4.005935565020401,,0.015438847757569523,0.026794167097819552,0.8555555555555555,0.8555555555555555,0.006304800967878362,0.021807590317042824,1.0,1.0,0.9666666666666667,0.9111111111111111,1.0,1.0
2026-03-08,^IXIC,target_best_entry,index,"baseline_qroll_a0.12_cal(+0.006,0.783)",False,0.12,0.02,0.98,-0.08178656770537407,0.12832374155836448,757,13.106573581695557,False,-0.18,0.0,-0.12098204285636101,-0.19196483049905405,0.0,-0.18,0.0,-0.048392817142544405,,19679.172464092393,18090.032551021948,22387.6796875,18357.897343750003,22387.6796875,21304.276798136958,,0.07893282901010339,0.14309078344398757,1.0,0.9777777777777777,0.015945361330581873,0.04254471482293749,1.0,1.0,1.0,1.0,1.0,1.0
2026-03-08,^IXIC,target_best_sale,index,"baseline_ewmgauss_a0.90_cal(+0.013,0.700)",False,0.9,0.02,0.98,-0.11985873894157081,0.10916133327143446,757,1.0350823402404785,False,0.0,0.15,0.13130257598693748,0.0003743122807370325,0.2505454777168653,0.0003743122807370325,0.15,0.05274561776321721,,25327.239700839185,22396.05967094424,27996.81158977685,22396.05967094424,25745.831640624998,23568.53168290222,,0.05736434827311007,0.19273876393602707,0.9444444444444444,0.43333333333333335,0.09028455391192103,0.1247130293581658,0.23333333333333334,0.23333333333333334,0.8888888888888888,0.6666666666666666,0.5666666666666667,0.9888888888888889
2026-03-08,^JKSE,target_best_entry,index,"baseline_qroll_a0.15_cal(+0.008,0.898)",False,0.15,0.02,0.98,-0.03924856522036791,0.08507075750814472,757,1.2698657512664795,False,-0.14509589728293992,0.0,-0.09905330139365565,-0.14509589728293992,0.0,-0.14509589728293992,0.0,-0.03962132055746226,,6834.299669869034,6485.034948245875,7585.68701171875,6485.034948245875,7585.68701171875,7285.132074978864,,0.04851274339673481,0.08972889287314093,1.0,1.0,0.024663725420911338,0.06702784548535688,0.8333333333333334,0.8333333333333334,1.0,1.0,0.9888888888888889,0.8888888888888888
2026-03-08,^JKSE,target_best_sale,index,"baseline_qroll_a0.88_cal(-0.008,0.793)",False,0.88,0.02,0.98,-0.04464232933380503,0.0745672947830004,757,0.8229513168334961,False,0.0,0.15,0.1317228527395812,0.07331437202687427,0.22928412393950381,0.07331437202687427,0.15,0.09667776431195704,,8584.895344891933,8141.826891375327,9324.964612679956,8141.826891375327,8723.540063476561,8319.054272781968,,0.020558932207644945,0.06921936454245703,0.9888888888888889,0.8666666666666667,0.016506662494524666,0.041312230425995924,0.9444444444444444,0.9444444444444444,0.9888888888888889,0.9666666666666667,1.0,0.9666666666666667
2026-03-08,^KS11,target_best_entry,index,"baseline_qroll_a0.12_cal(+0.010,0.834)",False,0.12,0.02,0.98,-0.054958323623917615,0.09910892262378755,757,1.0525009632110596,False,-0.18,0.0,-0.10181664707309848,-0.19778856256739857,0.0,-0.18,0.0,-0.0407266588292394,,5016.237367516726,4480.246684583366,5584.8701171875,4579.59349609375,5584.8701171875,5357.417017319191,,0.0577524399989998,0.10427876717603782,1.0,1.0,0.019571513712505356,0.04790873066625771,0.9888888888888889,0.9888888888888889,1.0,1.0,1.0,0.9888888888888889
2026-03-08,^KS11,target_best_sale,index,"baseline_qroll_a0.88_cal(-0.005,0.726)",False,0.88,0.02,0.98,-0.05053264578532695,0.1447637311685517,757,1.50386643409729,False,0.0,0.15,0.124371498031894,0.0,0.4190675485932572,0.0,0.15,0.0497485992127576,,6279.468779975668,5584.8701171875,7925.307946409002,5584.8701171875,6422.600634765625,5862.709582302768,,0.10529035157489142,0.1722606712422127,1.0,0.12222222222222222,0.16509697325778216,0.2690675485932572,1.0,0.0,0.35555555555555557,0.18888888888888888,0.022222222222222223,0.0
2026-03-08,^MXX,target_best_entry,index,"baseline_qroll_a0.12_cal(+0.010,0.905)",False,0.12,0.02,0.98,-0.041973310828753274,0.06380536015231893,757,0.8443653583526611,False,-0.12269428140372622,0.0,-0.11307706071717309,-0.12269428140372622,-0.04407364098957332,-0.12269428140372622,-0.04407364098957332,-0.07167500888061323,,60647.27783583543,59989.65784524464,65365.69178420667,59989.65784524464,65365.69178420667,63478.326204858175,,0.018887163546484866,0.0577237379666816,1.0,1.0,0.010964013853440936,0.022285680075077495,1.0,1.0,1.0,1.0,1.0,1.0
2026-03-08,^MXX,target_best_sale,index,"baseline_ewmgauss_a0.88_cal(-0.006,0.700)",False,0.88,0.02,0.98,-0.06955360955505921,0.10445173289542764,757,0.6446411609649658,False,0.0,0.15,0.08336456821816904,0.025936957476649793,0.16960615217575453,0.025936957476649793,0.15,0.04890800177325749,,74079.8428546174,70152.97603244976,79976.99250722137,70152.97603244976,78636.33515624999,71723.72276131682,,0.04315500718215472,0.07636332653510187,0.9555555555555556,0.9333333333333333,0.03763697001842277,0.07854641044076728,0.8777777777777778,0.8777777777777778,1.0,1.0,1.0,0.9555555555555556
2026-03-08,^N225,target_best_entry,index,"baseline_qroll_a0.15_cal(+0.004,0.734)",False,0.15,0.02,0.98,-0.10647705913153933,0.15253005778497222,757,1.2440941333770752,False,-0.18,0.0,-0.10338435997894471,-0.2666732829775059,0.0,-0.18,0.0,-0.04135374399157789,,49563.17188515655,40536.87723193175,55278.05859375,45328.008046875,55278.05859375,52992.103910312624,,0.0764722563190358,0.15245729213824866,1.0,0.9111111111111111,0.01522714757391485,0.03736170188973982,1.0,1.0,1.0,1.0,1.0,1.0
2026-03-08,^N225,target_best_sale,index,"baseline_qroll_a0.90_cal(-0.006,0.718)",False,0.9,0.02,0.98,-0.10034902326612997,0.11354648865791153,757,0.6631813049316406,False,0.0,0.15,0.1368216248635597,0.05120583735920328,0.23369722692119077,0.05120583735920328,0.15,0.08545215236094585,,62841.29238984993,58108.61787163407,68196.38759669647,58108.61787163407,63569.7673828125,60001.687678920425,,0.046308268840200485,0.1551926638185262,0.8111111111111111,0.23333333333333334,0.040885724473914926,0.08562291435474309,0.8555555555555555,0.26666666666666666,0.8666666666666667,0.6555555555555556,0.8888888888888888,0.6222222222222222
2026-03-08,^NDX,target_best_entry,index,"baseline_qroll_a0.18_cal(+0.002,0.763)",False,0.18,0.02,0.98,-0.08553872111686231,0.12111108353851885,757,13.209835290908813,False,-0.18,0.0,-0.08947218044048222,-0.193095269980452,0.0,-0.18,0.0,-0.035788872176192886,,22438.154841151674,19884.56902172973,24643.01953125,20207.276015625,24643.01953125,23761.07365521067,,0.07226239715122319,0.1321232141436397,1.0,0.9777777777777777,0.016061944074228236,0.041444203254860514,1.0,1.0,1.0,1.0,1.0,1.0
2026-03-08,^NDX,target_best_sale,index,"baseline_ewmgauss_a0.90_cal(+0.018,0.700)",False,0.9,0.02,0.98,-0.13029779932704852,0.10008089273227584,757,0.9988198280334473,False,0.0,0.15,0.1323162021522351,0.0,0.2402004454273336,0.0,0.15,0.05292648086089405,,27903.690285188353,24643.01953125,30562.283799330733,24643.01953125,28339.472460937497,25947.28783282534,,0.0539591512500574,0.1719585090211325,0.9444444444444444,0.5,0.09053219713893408,0.12460607503935882,0.28888888888888886,0.28888888888888886,0.9333333333333333,0.7666666666666667,0.6,0.9888888888888889
2026-03-08,^RUT,target_best_entry,index,"baseline_qroll_a0.12_cal(+0.010,0.854)",False,0.12,0.02,0.98,-0.07236736793932846,0.13792194932861224,757,13.192007780075073,False,-0.18,0.0,-0.13523579274357073,-0.18089657286025743,0.0,-0.18,0.0,-0.05409431709742829,,2235.9084504707466,2117.8493041031024,2585.570068359375,2120.1674560546876,2585.570068359375,2445.705421203924,,0.07851942832451125,0.1491625765085091,1.0,1.0,0.025529696963615543,0.05178900976641708,1.0,1.0,1.0,1.0,1.0,1.0
2026-03-08,^RUT,target_best_sale,index,"baseline_qroll_a0.92_cal(-0.003,0.700)",False,0.92,0.02,0.98,-0.08517355379393553,0.10257741379650753,757,0.545853853225708,False,0.0,0.15,0.11896078298350081,0.08255446283872409,0.16280615516714672,0.08255446283872409,0.15,0.09711699089663478,,2893.15150815011,2799.0204164846664,3006.5167901042214,2799.0204164846664,2973.405578613281,2836.672853150844,,0.03601071473788476,0.1105920923038555,0.8666666666666667,0.6,0.032572428093658616,0.06815264333358512,0.7333333333333333,0.7333333333333333,0.9333333333333333,0.7888888888888889,1.0,0.9333333333333333
2026-03-08,^TNX,target_best_entry,index,"baseline_qroll_a0.15_cal(+0.030,1.116)",False,0.15,0.02,0.98,-0.07557466339296337,0.14240283084586522,757,0.6762773990631104,False,-0.18,0.0,-0.18,-0.19000970860353106,-0.07512953210867934,-0.18,-0.07512953210867934,-0.1170777192652076,,3.399719924926758,3.3582196739729344,3.834512875202995,3.399719924926758,3.834512875202995,3.6605956950925003,,0.037915254109159996,0.07108587352346739,0.9777777777777777,0.9777777777777777,0.022521416123927798,0.05224030678228537,0.9666666666666667,0.9666666666666667,1.0,1.0,1.0,0.9888888888888889
2026-03-08,^TNX,target_best_sale,index,"baseline_qroll_a0.88_cal(-0.026,0.893)",False,0.88,0.02,0.98,-0.10965312842370563,0.1101288094172918,757,0.6873874664306641,False,0.0,0.15,0.15,0.06792094550533606,0.23243511771653363,0.06792094550533606,0.15,0.10075256730320163,,4.767899894714355,4.4276001422940405,5.109675885219943,4.4276001422940405,4.767899894714355,4.563720043262167,,0.029089835272147615,0.05253112097190189,0.9777777777777777,0.9777777777777777,0.020082719039753175,0.06047282453403163,0.9111111111111111,0.9111111111111111,1.0,0.9888888888888889,0.9555555555555556,0.9444444444444444
2026-03-08,^TWII,target_best_entry,index,"baseline_ewmgauss_a0.18_cal(-0.019,0.700)",False,0.18,0.02,0.98,-0.1568019050000909,0.12922682141035566,757,13.15153956413269,False,-0.18,0.0,-0.10909872627555042,-0.23074159548576992,0.0,-0.18,0.0,-0.043639490510220175,,29933.87214733565,25846.7278116323,33599.5390625,27551.62203125,33599.5390625,32133.272296434257,,0.10338392469125018,0.13877563532133427,1.0,0.7888888888888889,0.08673411219664083,0.11454127043597546,1.0,1.0,1.0,1.0,1.0,1.0
2026-03-08,^TWII,target_best_sale,index,"baseline_qroll_a0.92_cal(-0.008,0.739)",False,0.92,0.02,0.98,-0.08413086541983683,0.09428615416839559,757,0.500023365020752,False,0.0,0.15,0.12470067759118808,0.07451013095083854,0.18094963681337914,0.07451013095083854,0.15,0.09458634960697836,,37789.42435034534,36103.045117934686,39679.36345295632,36103.045117934686,38639.469921874996,36777.59681089895,,0.03399342208775673,0.11621072729380948,0.8444444444444444,0.5111111111111111,0.0635688490693654,0.13787088474755102,0.26666666666666666,0.23333333333333334,0.9111111111111111,0.8,0.4222222222222222,0.4444444444444444
2026-03-08,^TYX,target_best_entry,index,"baseline_qroll_a0.12_cal(+0.018,0.900)",False,0.12,0.02,0.98,-0.06963317360424577,0.12954342420326365,757,0.500023365020752,False,-0.18,0.0,-0.160818614305942,-0.1929220617805608,-0.10109434354057562,-0.18,-0.10109434354057562,-0.12498405184672216,,3.9903075850119336,3.8376556885961732,4.274296499336152,3.899100093841553,4.274296499336152,4.160700933606464,,0.01432969047374056,0.02989391405768852,1.0,1.0,0.019593810111292315,0.04091291442946913,0.9111111111111111,0.9111111111111111,1.0,1.0,0.9111111111111111,0.9111111111111111
2026-03-08,^TYX,target_best_sale,index,"baseline_qroll_a0.88_cal(-0.009,0.766)",False,0.88,0.02,0.98,-0.1080272859334731,0.12885614328131292,757,0.7207176685333252,False,0.0,0.15,0.15,0.07821332821414381,0.2356279372882091,0.07821332821414381,0.15,0.10692799692848629,,5.468250131607055,5.126904499049976,5.87541098321183,5.126904499049976,5.468250131607055,5.263442752072808,,0.03191466962332088,0.06911200721277894,1.0,0.9666666666666667,0.016351899072862826,0.04191478952259386,1.0,1.0,1.0,1.0,1.0,1.0
2026-03-08,^VIX,target_best_entry,index,"baseline_qroll_a0.12_cal(-0.030,0.700)",False,0.12,0.02,0.98,-0.29795422323898396,0.16652577577135383,757,1.063295602798462,False,-0.18,0.0,-0.18,-0.47795422323898396,0.0,-0.18,0.0,-0.072,,24.181799812316896,15.395129837195567,29.489999771118164,24.181799812316896,29.489999771118164,27.366719787597656,,0.14306152112022488,0.29795422323898396,0.9888888888888889,0.16666666666666666,0.08812855559299013,0.24893726247689285,0.9888888888888889,0.28888888888888886,0.5777777777777777,0.37777777777777777,0.8222222222222222,0.6333333333333333
2026-03-08,^VIX,target_best_sale,index,"baseline_qroll_a0.88_cal(-0.030,1.093)",False,0.88,0.02,0.98,-0.11511342639195643,0.2690675485932572,757,1.1319186687469482,False,0.0,0.15,0.15,0.0,0.4190675485932572,0.0,0.15,0.06,,33.91349973678589,29.489999771118164,41.84830168321637,29.489999771118164,33.91349973678589,31.259399757385257,,0.1355546157908696,0.2690675485932572,0.8,0.3,0.2395569914930091,0.2690675485932572,0.4888888888888889,0.044444444444444446,0.5777777777777777,0.4444444444444444,0.1,0.08888888888888889
2026-03-08,^VVIX,target_best_entry,index,"baseline_qroll_a0.12_cal(-0.008,0.700)",False,0.12,0.02,0.98,-0.29795422323898396,0.12363072283567879,757,1.239210844039917,False,-0.18,0.0,-0.18,-0.47795422323898396,0.0,-0.18,0.0,-0.072,,115.16080200195313,73.31611016284292,140.44000244140625,115.16080200195313,140.44000244140625,130.32832226562502,,0.09437889697238945,0.24205632755601525,0.9222222222222223,0.5777777777777777,0.060826287524134576,0.17039502608130772,1.0,0.5222222222222223,0.8111111111111111,0.7555555555555555,0.9555555555555556,0.7666666666666667
2026-03-08,^VVIX,target_best_sale,index,"baseline_qroll_a0.88_cal(-0.008,0.891)",False,0.88,0.02,0.98,-0.062165760677671225,0.2690675485932572,757,1.2010674476623535,False,0.0,0.15,0.15,0.05703425068384256,0.4190675485932572,0.05703425068384256,0.15,0.09422055041030553,,161.50600280761716,148.44989274668887,199.29384998895742,148.44989274668887,161.50600280761716,153.6723367710602,,0.1509686771728586,0.2690675485932572,0.8,0.1,0.17395828603605004,0.2690675485932572,0.7444444444444445,0.05555555555555555,0.37777777777777777,0.23333333333333334,0.15555555555555556,0.08888888888888889
2026-03-09,000001.SS,target_best_entry,other,"baseline_qroll_a0.12_cal(+0.012,0.846)",False,0.12,0.02,0.98,-0.054699111882551284,0.0731905743280975,757,1.1821184158325195,False,-0.21069876381275293,0.0,-0.1337374343079157,-0.20031918185072758,-0.044647206428341926,-0.20031918185072758,-0.044647206428341926,-0.08028329758017144,,3572.634743882212,3298.0387102999457,3940.0601135894435,3298.0387102999457,3940.0601135894435,3793.0899657065506,,0.04604620093391611,0.07456330539747644,0.9666666666666667,0.9666666666666667,0.012021954514822658,0.025987499544423753,1.0,1.0,1.0,1.0,1.0,1.0
2026-03-09,000001.SS,target_best_sale,other,"baseline_qroll_a0.90_cal(-0.020,0.902)",False,0.9,0.02,0.98,-0.18728751061221455,0.10883232801728204,757,0.6557044982910156,False,0.0,0.25,0.24018577242587752,0.11373225569834702,0.3136676109448626,0.11373225569834702,0.25,0.16431366238935924,,5114.766532589619,4593.24771688744,5417.819878924087,4593.24771688744,5155.2423095703125,4801.855243168312,,0.03353049676556499,0.07937515088624107,0.8666666666666667,0.8666666666666667,0.021471043928463662,0.04750568186397745,1.0,1.0,0.9666666666666667,0.9555555555555556,1.0,1.0
2026-03-09,399001.SZ,target_best_entry,other,"baseline_qroll_a0.12_cal(+0.013,0.826)",False,0.12,0.02,0.98,-0.07186327980024294,0.12572188710695215,757,1.2214884757995605,False,-0.25,0.0,-0.16838593402484298,-0.24625151432763265,-0.032163266153906966,-0.24625151432763265,-0.032163266153906966,-0.08665233330228136,,11786.158362406715,10682.598312164862,13716.791815790786,10682.598312164862,13716.791815790786,12944.538434437158,,0.06683472286150892,0.12439823516568181,1.0,1.0,0.02446905223655623,0.04681354194155966,1.0,1.0,1.0,1.0,1.0,1.0
2026-03-09,399001.SZ,target_best_sale,other,"baseline_qroll_a0.92_cal(-0.026,0.897)",False,0.92,0.02,0.98,-0.19576484077476167,0.16906754859325718,757,0.6991984844207764,False,0.0,0.25,0.25,0.12858166025866136,0.35485999923729855,0.12858166025866136,0.25,0.1771489961551968,,17715.787353515625,15994.970163376049,19201.929312217857,15994.970163376049,17715.787353515625,16683.29703943188,,0.05533277677077211,0.11795597123375452,0.8444444444444444,0.7555555555555555,0.05943901199379948,0.15956995365987767,0.8888888888888888,0.8888888888888888,0.9888888888888889,0.9555555555555556,1.0,1.0
2026-03-09,ABCB4.SA,target_best_entry,equity_br,"baseline_qroll_a0.12_cal(+0.005,0.765)",False,0.12,0.02,0.98,-0.06155882687238583,0.06776405829467114,757,0.6507277488708496,False,-0.22774668121246067,0.0,-0.15179045104649522,-0.19955972216799822,-0.09920595849789603,-0.19955972216799822,-0.09920595849789603,-0.1202397555173357,,22.002556152846683,20.763421234443353,23.366597917640497,20.763421234443353,23.366597917640497,22.820981211722973,,0.02119586154833516,0.05225174539033281,0.8555555555555555,0.8555555555555555,0.03516874227512464,0.055657096646487575,0.5,0.5,1.0,1.0,1.0,1.0
2026-03-09,ABCB4.SA,target_best_sale,equity_br,"baseline_ewmgauss_a0.85_cal(+0.005,0.700)",False,0.85,0.02,0.98,-0.14270920997051345,0.11241930028303064,757,0.5323021411895752,False,0.0,0.26,0.14797505606182262,0.05738736960713417,0.21933558232077133,0.05738736960713417,0.21933558232077133,0.09362244418900956,,29.778473567328504,27.428628932314837,31.62956565659626,27.428628932314837,31.62956565659626,28.3685667863203,,0.03810662287848065,0.06519248512072366,0.9333333333333333,0.9333333333333333,0.0892523283895639,0.1733562671376748,0.26666666666666666,0.26666666666666666,1.0,1.0,0.6888888888888889,0.37777777777777777
2026-03-09,ABEV3.SA,target_best_entry,equity_br,"baseline_qroll_a0.12_cal(+0.008,0.757)",False,0.12,0.02,0.98,-0.07713301416023993,0.08056948080618713,757,1.2578794956207275,False,-0.17704079873135736,0.0,-0.11365789153840739,-0.17704079873135736,-0.015962184879776076,-0.17704079873135736,-0.015962184879776076,-0.055040467543228604,,13.498989906134836,12.533668258600601,14.986895473824246,12.533668258600601,14.986895473824246,14.391733246748483,,0.036342153276402604,0.0796739384176747,0.9888888888888889,0.9888888888888889,0.02513873884200457,0.04384466816968414,1.0,1.0,1.0,1.0,1.0,1.0
2026-03-09,ABEV3.SA,target_best_sale,equity_br,"baseline_ewmgauss_a0.82_cal(+0.003,0.700)",False,0.82,0.02,0.98,-0.13272111903882716,0.22566136322865632,757,2.6282846927642822,False,0.0,0.3,0.1872038639110483,0.0,0.4190675485932572,0.0,0.3,0.07488154556441932,,18.081114303906464,15.229999542236328,21.612398115477735,15.229999542236328,19.798999404907228,16.370445446904384,,0.09074790118531292,0.1409271675555851,1.0,1.0,0.16502241983852503,0.24058302465679565,1.0,0.2111111111111111,1.0,1.0,1.0,0.7111111111111111
2026-03-09,AGRO3.SA,target_best_entry,equity_br,"baseline_qroll_a0.12_cal(+0.010,0.837)",False,0.12,0.02,0.98,-0.058626885411076475,0.07026279155248431,757,0.5537278652191162,False,-0.23179264294174212,0.0,-0.16818885108434484,-0.21671321085249037,-0.11003367276128127,-0.21671321085249037,-0.11003367276128127,-0.1332957440905067,,17.642713706955195,16.613512080698204,18.876184985944715,16.613512080698204,18.876184985944715,18.382796474348908,,0.02024488459793738,0.0593420383677962,0.9222222222222223,0.9222222222222223,0.014250428952128736,0.04245977023667514,0.8222222222222222,0.8222222222222222,1.0,1.0,1.0,0.9777777777777777
2026-03-09,AGRO3.SA,target_best_sale,equity_br,"baseline_qroll_a0.82_cal(+0.005,0.704)",False,0.82,0.02,0.98,-0.1254859096208628,0.10146172069761825,757,0.500023365020752,False,0.0,0.26,0.15683731192853748,0.0630483187146102,0.23267046851746026,0.0630483187146102,0.23267046851746026,0.10056391600018111,,24.53651832688809,22.54725386668708,26.144939508711815,22.54725386668708,26.144939508711815,23.342959650767487,,0.029878230679183156,0.060923486216093135,0.9888888888888889,0.9888888888888889,0.030062317732648457,0.0835831167206114,0.6222222222222222,0.6222222222222222,1.0,1.0,0.8888888888888888,0.8
2026-03-09,ALUP11.SA,target_best_entry,equity_br,"baseline_qroll_a0.12_cal(-0.004,0.729)",False,0.12,0.02,0.98,-0.04263056506453285,0.060343518501142855,757,0.8669359683990479,False,-0.15447867391449605,0.0,-0.09666135824384975,-0.14380859912261576,-0.029924490038163623,-0.14380859912261576,-0.029924490038163623,-0.05661923732043808,,30.550912588515924,28.956392916384253,32.80795345086575,28.956392916384253,32.80795345086575,31.905137105925824,,0.015475485361827405,0.035595775781637175,1.0,1.0,0.018706870807303228,0.04645433107016144,0.8444444444444444,0.8444444444444444,1.0,1.0,1.0,0.9888888888888889
2026-03-09,ALUP11.SA,target_best_sale,equity_br,"baseline_qroll_a0.82_cal(+0.009,0.700)",False,0.82,0.02,0.98,-0.09302710302504054,0.06771438800028318,757,0.837437629699707,False,0.0,0.2528596002100187,0.10460117427487692,0.005218623393966809,0.17694169001679338,0.005218623393966809,0.17694169001679338,0.04497164374633086,,37.35761137687881,33.99649353641558,39.804167597193846,33.99649353641558,39.804167597193846,35.34094067260087,,0.034237672350638834,0.0768641307058478,0.9444444444444444,0.9444444444444444,0.01964977951724443,0.04223995960318772,1.0,1.0,1.0,1.0,1.0,1.0
2026-03-09,ASAI3.SA,target_best_entry,equity_br,"baseline_qroll_a0.10_cal(-0.006,0.780)",False,0.1,0.02,0.98,-0.21202836822305238,0.14867366549088382,757,0.7220728397369385,False,-0.18475617958292614,0.0,-0.15394297767253298,-0.3035654377825858,-0.04902815061069568,-0.18475617958292614,-0.04902815061069568,-0.0909940814354306,,6.979970434201603,5.745585138293667,7.845517757461761,6.7257615184408595,7.845517757461761,7.4992988281576975,,0.042770927160689365,0.08988434989185555,0.9888888888888889,0.9666666666666667,0.04964607989018763,0.10594584609951509,1.0,0.34444444444444444,1.0,1.0,0.9333333333333333,0.5222222222222223
2026-03-09,ASAI3.SA,target_best_sale,equity_br,"baseline_ewmgauss_a0.82_cal(+0.030,0.700)",False,0.82,0.02,0.98,-0.20398835587245157,0.23827696048795977,757,1.4155700206756592,False,0.0,0.3,0.2268556526192684,0.0,0.4190675485932572,0.0,0.3,0.09074226104770737,,10.121559134108965,8.25,11.70730727589437,8.25,10.725,8.998623653643586,,0.1329734262588816,0.22624843229862207,0.9666666666666667,0.4111111111111111,0.08867852360607456,0.19680541276696534,1.0,0.9777777777777777,1.0,0.6,1.0,1.0
2026-03-09,AXIA3.SA,target_best_entry,equity_br,"baseline_qroll_a0.08_cal(+0.030,1.049)",False,0.08,0.02,0.98,-0.07329605131850128,0.11369736875801723,757,0.500023365020752,False,-0.1891553741016255,0.0,-0.1891553741016255,-0.1891553741016255,-0.15367021480234438,-0.1891553741016255,-0.15367021480234438,-0.16786427852205682,,47.83172584272089,47.83172584272089,49.92499544934615,47.83172584272089,49.92499544934615,49.08768760669605,,0.02492102140764585,0.06523483550202214,0.7888888888888889,0.7888888888888889,0.0383113924558419,0.06494824164419322,0.4,0.4,0.9666666666666667,0.8555555555555555,0.8111111111111111,0.5555555555555556
2026-03-09,AXIA3.SA,target_best_sale,equity_br,"baseline_ewmgauss_a0.82_cal(-0.030,0.770)",False,0.82,0.02,0.98,-0.12095335003014525,0.15307433691389796,757,0.9061307907104492,False,0.0,0.3,0.20215988695688542,0.13375063583344965,0.28873624678392945,0.13375063583344965,0.28873624678392945,0.16111433628282396,,70.91541374937214,66.87995191077799,76.022553360885,66.87995191077799,76.022553360885,68.49413664621565,,0.04079519510749108,0.10077259184875702,0.9666666666666667,0.9666666666666667,0.11954422585490815,0.22235292471954937,0.5333333333333333,0.35555555555555557,1.0,1.0,1.0,0.7
2026-03-09,AXIA6.SA,target_best_entry,equity_br,"baseline_qroll_a0.12_cal(+0.010,0.860)",False,0.12,0.02,0.98,-0.07565957811247562,0.09185165829299298,757,0.5505034923553467,False,-0.2124970598989644,0.0,-0.20885815584093476,-0.2124970598989644,-0.14693950891833357,-0.2124970598989644,-0.14693950891833357,-0.17170696768737403,,51.424219870339236,51.187691106567314,55.44893192030831,51.187691106567314,55.44893192030831,53.83904710032069,,0.02312471498439793,0.069650608905971,0.7666666666666667,0.7666666666666667,0.013382533734221895,0.051081818279168634,0.9,0.9,0.9666666666666667,0.8777777777777778,0.9444444444444444,0.9
2026-03-09,AXIA6.SA,target_best_sale,equity_br,"baseline_qroll_a0.88_cal(-0.010,0.821)",False,0.88,0.02,0.98,-0.15529830447518822,0.10338096572997779,757,0.5643355846405029,False,0.0,0.3,0.3,0.19268052794609167,0.37144180163497537,0.19268052794609167,0.3,0.23560831676765498,,84.5,77.52423431649596,89.1437171062734,77.52423431649596,84.5,80.31454058989758,,0.05222997595015553,0.09581638248627677,0.7666666666666667,0.7666666666666667,0.04189948312774323,0.11906754859325719,0.6777777777777778,0.35555555555555557,1.0,1.0,0.9333333333333333,0.6444444444444445
2026-03-09,BBAS3.SA,target_best_entry,equity_br,"baseline_qroll_a0.08_cal(+0.030,1.187)",False,0.08,0.02,0.98,-0.1513743315426046,0.0607769203723649,757,25.0,False,-0.14201299668489792,0.0,-0.14201299668489792,-0.14201299668489792,0.0,-0.14201299668489792,0.0,-0.05680519867395917,,21.235178332048775,21.235178332048775,24.75,21.235178332048775,24.75,23.34407133281951,,0.11357503350597745,0.22308111957662996,0.0,0.0,0.033310436049703414,0.08063639697777845,1.0,1.0,0.8222222222222222,0.12222222222222222,1.0,1.0
2026-03-09,BBAS3.SA,target_best_sale,equity_br,"baseline_qroll_a0.92_cal(-0.030,0.919)",False,0.92,0.02,0.98,-0.15892517451778637,0.08077196084612526,757,0.5648496150970459,False,0.0,0.3,0.3,0.20144247768181434,0.34941781189576465,0.20144247768181434,0.3,0.24086548660908857,,32.175000000000004,29.7357013226249,33.398090844420175,29.7357013226249,32.175000000000004,30.711420793574938,,0.022979555554540995,0.04908136906915079,1.0,1.0,0.06541604316104636,0.11451984315857305,0.45555555555555555,0.45555555555555555,1.0,1.0,0.8888888888888888,0.6333333333333333
2026-03-09,BBDC4.SA,target_best_entry,equity_br,"baseline_qroll_a0.12_cal(+0.007,0.807)",False,0.12,0.02,0.98,-0.08522512609505262,0.15102705590867904,757,0.500023365020752,False,-0.19350536092183826,0.0,-0.1643130901873334,-0.19350536092183826,-0.06770630932529874,-0.19350536092183826,-0.06770630932529874,-0.10634902167011259,,16.33767844925912,15.766969578671484,18.22634094140677,15.766969578671484,18.22634094140677,17.47087594454771,,0.017862816948862208,0.04266345337252266,1.0,1.0,0.0229181761260964,0.05773428051339473,0.7444444444444445,0.7444444444444445,1.0,1.0,0.9777777777777777,0.9222222222222223
2026-03-09,BBDC4.SA,target_best_sale,equity_br,"baseline_qroll_a0.82_cal(+0.012,0.703)",False,0.82,0.02,0.98,-0.1928020476803967,0.16436736638160443,757,1.0718121528625488,False,0.0,0.3,0.1891192832647012,0.0,0.4144896594010232,0.0,0.3,0.07564771330588049,,23.247281080598896,19.549999237060547,27.65327176212004,19.549999237060547,25.41499900817871,21.02891197447589,,0.09938054564034228,0.18899588171334814,1.0,0.5111111111111111,0.03915036898395124,0.09070907646202775,1.0,1.0,1.0,0.8333333333333334,1.0,1.0
2026-03-09,BBSE3.SA,target_best_entry,equity_br,"baseline_qroll_a0.18_cal(-0.005,0.833)",False,0.18,0.02,0.98,-0.06527396581450343,0.08387203979805061,757,13.25769853591919,False,-0.143266968970677,0.0,-0.10902515565675625,-0.143266968970677,0.0,-0.143266968970677,0.0,-0.043610062262702504,,30.471340356298796,29.300270314838276,34.20000076293945,29.300270314838276,34.20000076293945,32.70853660028319,,0.033648290406763245,0.07613436275662087,0.4777777777777778,0.4777777777777778,0.017590526530048542,0.035367482841012085,1.0,1.0,1.0,0.8555555555555555,1.0,1.0
2026-03-09,BBSE3.SA,target_best_sale,equity_br,"baseline_qroll_a0.88_cal(+0.000,0.737)",False,0.88,0.02,0.98,-0.0967209814539178,0.08153815120447297,757,0.5640435218811035,False,0.0,0.3,0.1399869354339718,0.06568321002062494,0.20262679192359706,0.06568321002062494,0.20262679192359706,0.09540470018596368,,38.98755406158284,36.446366595757134,41.129837201318445,36.446366595757134,41.129837201318445,37.46284158208742,,0.04740429091316199,0.07234998947755544,0.6555555555555556,0.6555555555555556,0.033940189596804365,0.062396663380524665,0.5444444444444444,0.5444444444444444,1.0,1.0,0.9777777777777777,0.8222222222222222
2026-03-09,BEEF3.SA,target_best_entry,equity_br,"baseline_ewmgauss_a0.18_cal(-0.026,0.700)",False,0.18,0.02,0.98,-0.14059995427847288,0.1777438913395611,757,0.9170539379119873,False,-0.3,0.0,-0.1942877971374914,-0.30869061737479986,-0.0496618436402016,-0.3,-0.0496618436402016,-0.10751222503911752,,3.6257049128812886,3.1108922218134007,4.276521703619093,3.15,4.276521703619093,4.0161949873239715,,0.10196899070188105,0.17112326095539046,0.9111111111111111,0.7888888888888889,0.046483230135085034,0.08783192115182782,0.8666666666666667,0.8666666666666667,1.0,0.9333333333333333,1.0,1.0
2026-03-09,BEEF3.SA,target_best_sale,equity_br,"baseline_ewmgauss_a0.82_cal(+0.006,0.700)",False,0.82,0.02,0.98,-0.17306274239223704,0.2501343484168305,757,1.1058316230773926,False,0.0,0.3,0.21591723575391425,0.04611271137254547,0.4190675485932572,0.04611271137254547,0.3,0.11403452112509298,,5.471627560892614,4.707507201176455,6.3858039686696575,4.707507201176455,5.8500000000000005,5.013155345062919,,0.09904753151160388,0.20708797728441009,0.9888888888888889,0.8555555555555555,0.12481896188202109,0.19283679812054128,0.7777777777777778,0.7777777777777778,1.0,0.9666666666666667,0.9666666666666667,1.0
2026-03-09,BRCO11.SA,target_best_entry,equity_br,"baseline_qroll_a0.12_cal(-0.005,0.728)",False,0.12,0.02,0.98,-0.09450328051366566,0.03885994082340982,757,0.9551272392272949,False,-0.04549019813266275,0.0,-0.04549019813266275,-0.14336464367993296,0.0,-0.04549019813266275,0.0,-0.0181960792530651,,115.59113554966817,103.7385403432383,121.0999984741211,115.59113554966817,121.0999984741211,118.89645330433993,,0.014219174931417852,0.025586118077449396,1.0,0.9555555555555556,0.011673718424581158,0.020596119392461042,1.0,1.0,1.0,1.0,1.0,1.0
2026-03-09,BRCO11.SA,target_best_sale,equity_br,"baseline_qroll_a0.82_cal(+0.011,0.700)",False,0.82,0.02,0.98,-0.06359444943913774,0.11139897268460504,757,0.7586507797241211,False,0.0,0.11408383200186926,0.0491926205727471,0.0,0.16594731996486198,0.0,0.11408383200186926,0.01967704822909884,,127.05722475041878,121.0999984741211,141.19621866865037,121.0999984741211,134.91555035546935,123.48288898464017,,0.03330117250550103,0.07524288906549803,0.6666666666666666,0.6666666666666666,0.014401040162286747,0.03293714674357266,1.0,1.0,0.8888888888888888,0.9555555555555556,1.0,1.0
2026-03-09,BRCR11.SA,target_best_entry,equity_br,"baseline_qroll_a0.12_cal(+0.000,0.833)",False,0.12,0.02,0.98,-0.06146395823129091,0.09940263822418816,757,0.6223275661468506,False,-0.16070363665070325,0.0,-0.11127241664538962,-0.15055032120733713,-0.047750192406538175,-0.15055032120733713,-0.047750192406538175,-0.07315908210207875,,42.587824167044126,40.70562705235559,45.631809036257216,40.70562705235559,45.631809036257216,44.41421508857198,,0.011716197560646515,0.03383288668608675,0.9,0.9,0.0447072716824294,0.07718661406420947,0.8444444444444444,0.8444444444444444,1.0,0.9555555555555556,1.0,1.0
2026-03-09,BRCR11.SA,target_best_sale,equity_br,"baseline_qroll_a0.88_cal(+0.004,0.700)",False,0.88,0.02,0.98,-0.1329527290831397,0.07243106522479266,757,0.6533679962158203,False,0.0,0.18271370234289602,0.08500124938181074,0.0,0.13359623712455626,0.0,0.13359623712455626,0.034000499752724296,,51.99325788367974,47.91999816894531,54.32192960733203,47.91999816894531,54.32192960733203,49.54930205483909,,0.04993272580407159,0.08681846733397482,0.6,0.6,0.06396322413552595,0.11437217744902387,0.35555555555555557,0.2777777777777778,1.0,0.9888888888888889,0.9222222222222223,0.37777777777777777
2026-03-09,BRKM5.SA,target_best_entry,equity_br,"baseline_ewmgauss_a0.18_cal(-0.026,0.700)",False,0.18,0.02,0.98,-0.17620839548983758,0.19590885567560645,757,0.6667211055755615,False,-0.3,0.0,-0.2486514294404833,-0.38803359427397704,-0.08641267052510176,-0.3,-0.08641267052510176,-0.15130817409125438,,9.249101218866057,7.533306711278667,11.246260409192496,8.617000293731689,11.246260409192496,10.447396733061922,,0.053242569762849606,0.15108376405659169,0.9333333333333333,0.8222222222222222,0.16359403416669302,0.2384495827308235,0.3333333333333333,0.28888888888888886,0.9777777777777777,1.0,0.6333333333333333,1.0
2026-03-09,BRKM5.SA,target_best_sale,equity_br,"baseline_ewmgauss_a0.85_cal(-0.001,0.700)",False,0.85,0.02,0.98,-0.2300406829987404,0.19435002167911286,757,0.6349563598632812,False,0.0,0.3,0.21694922846551415,0.035520995733051036,0.37022898970214035,0.035520995733051036,0.3,0.10809228882603629,,14.980645513062697,12.747263891995761,16.86751943820431,12.747263891995761,16.00300054550171,13.640616540422535,,0.07046470435993481,0.15472220123777936,0.9666666666666667,0.9666666666666667,0.17736269680141498,0.23122114606950983,0.15555555555555556,0.12222222222222222,1.0,0.9888888888888889,1.0,0.4666666666666667
2026-03-09,BRL=X,target_best_entry,fx,"baseline_ewmgauss_a0.12_cal(+0.001,0.700)",False,0.12,0.02,0.98,-0.04110852972117311,0.0582970623077054,757,1.6585195064544678,False,-0.11862978215593084,0.0,-0.04785915404460194,-0.11392481596884801,0.0,-0.11392481596884801,0.0,-0.019143661617840778,,5.011498202697076,4.663768192583781,5.263400077819824,4.663768192583781,5.263400077819824,5.162639327770725,,0.01087545214055756,0.02999986220954405,1.0,1.0,0.01889886295759788,0.03788727192694782,1.0,1.0,1.0,1.0,1.0,1.0
2026-03-09,BRL=X,target_best_sale,fx,"baseline_qroll_a0.88_cal(-0.005,0.769)",False,0.88,0.02,0.98,-0.06115266465843013,0.05872852126941972,757,0.8256382942199707,False,0.0,0.15,0.10930534510001824,0.06038061074517484,0.15629066157327248,0.06038061074517484,0.15,0.07995050448711219,,5.838717839725383,5.581207389114786,6.086020358107098,5.581207389114786,6.052910089492797,5.684211569359025,,0.02601955828109441,0.05464179552950007,1.0,1.0,0.014498722357272236,0.03024292335898092,0.9777777777777777,0.9777777777777777,1.0,1.0,1.0,1.0
2026-03-09,BRSR6.SA,target_best_entry,equity_br,"baseline_qroll_a0.12_cal(+0.009,0.879)",False,0.12,0.02,0.98,-0.08569106794747929,0.12355356138824193,757,0.500023365020752,False,-0.21972679113493837,0.0,-0.21972679113493837,-0.21972679113493837,-0.14845475795112456,-0.21972679113493837,-0.14845475795112456,-0.1769635712246501,,13.951284319675967,13.951284319675967,15.225628213188685,13.951284319675967,15.225628213188685,14.715890655783596,,0.02780865918277969,0.058379965160405056,0.8555555555555555,0.8555555555555555,0.012723327723941568,0.029667409597280474,1.0,1.0,1.0,0.9666666666666667,1.0,1.0
2026-03-09,BRSR6.SA,target_best_sale,equity_br,"baseline_ewmgauss_a0.82_cal(-0.005,0.700)",False,0.82,0.02,0.98,-0.18353987488740578,0.1530080079085914,757,0.5083062648773193,False,0.0,0.3,0.21097537308101375,0.10334633097039582,0.30070031888125504,0.10334633097039582,0.3,0.146397947814643,,21.65223865439755,19.72783147178559,23.256520610005694,19.72783147178559,23.243998908996584,20.49759434483037,,0.08045295904361448,0.14449024532245744,0.5222222222222223,0.5222222222222223,0.20217259924971936,0.24635058820999134,0.0,0.0,1.0,0.9444444444444444,0.3111111111111111,0.022222222222222223
2026-03-09,BTC-USD,target_best_entry,crypto,"baseline_qroll_a0.12_cal(+0.001,0.749)",False,0.12,0.02,0.98,-0.09885195648896668,0.16029846450420165,757,0.8462462425231934,False,-0.257899975080186,0.0,-0.257899975080186,-0.3827389412322232,-0.05546094104147026,-0.257899975080186,-0.05546094104147026,-0.13643655465695653,,50761.409989730906,42222.12723708253,64608.72229223986,50761.409989730906,64608.72229223986,59069.79737123627,,0.06501435572921675,0.1565808780712269,0.9555555555555556,0.9555555555555556,0.06435702973019168,0.14594313559379507,0.6777777777777778,0.07777777777777778,1.0,1.0,0.9222222222222223,0.4777777777777778
2026-03-09,BTC-USD,target_best_sale,crypto,"baseline_ewmgauss_a0.82_cal(+0.004,0.859)",False,0.82,0.02,0.98,-0.3144905671712174,0.12361651965443282,757,0.8227293491363525,False,0.0,0.35,0.2577994072402298,0.0,0.40957489700926564,0.0,0.35,0.10311976289609193,,86036.47655538179,68402.3828125,96418.28170811805,68402.3828125,92343.216796875,75456.02030965273,,0.09091220714339282,0.1824497882880216,0.9888888888888889,0.7555555555555555,0.20539143304201793,0.26426047065870406,0.6444444444444445,0.6444444444444445,1.0,1.0,1.0,1.0
2026-03-09,BTLG11.SA,target_best_entry,equity_br,"baseline_qroll_a0.12_cal(+0.001,0.826)",False,0.12,0.02,0.98,-0.03490731710689914,0.06408638259761654,757,0.8493187427520752,False,-0.1504941220262601,0.0,-0.08300808419495072,-0.11026951622141504,-0.03295879058534211,-0.11026951622141504,-0.03295879058534211,-0.05297850802918555,,94.39515005172156,91.5888581723611,99.54722445808534,91.5888581723611,99.54722445808534,97.48639469553983,,0.008484426709273032,0.015952212775851897,1.0,1.0,0.003467821242577015,0.009432579845811622,1.0,1.0,1.0,1.0,1.0,1.0
2026-03-09,BTLG11.SA,target_best_sale,equity_br,"baseline_qroll_a0.88_cal(+0.003,0.703)",False,0.88,0.02,0.98,-0.054337214350759444,0.04766759418472619,757,0.993994951248169,False,0.0,0.09077063257507341,0.08160327001421025,0.03193911686096809,0.1251713977940943,0.03193911686096809,0.09077063257507341,0.05180477812226496,,111.34024325589579,106.22781520905068,115.82514643592455,106.22781520905068,112.2839315802923,108.27278642778872,,0.02542508097599737,0.04532362486324116,0.45555555555555555,0.4222222222222222,0.02399205696586392,0.04178625691968968,0.9222222222222223,0.9222222222222223,0.9666666666666667,1.0,1.0,1.0
2026-03-09,BZ=F,target_best_entry,future,"baseline_ewmgauss_a0.18_cal(-0.017,0.700)",False,0.18,0.02,0.98,-0.10686233206616853,0.15737799858192605,757,1.4942634105682373,False,-0.23821860351640023,0.0,-0.1406706829182583,-0.23821860351640023,0.0,-0.23821860351640023,0.0,-0.05626827316730332,,79.6512364982786,70.60951949988272,92.69000244140625,70.60951949988272,92.69000244140625,87.47449606415519,,0.08017675839343993,0.1429872326634052,1.0,1.0,0.051595692067060564,0.09179378421033488,1.0,1.0,1.0,1.0,1.0,1.0
2026-03-09,BZ=F,target_best_sale,future,"baseline_qroll_a0.92_cal(-0.012,0.756)",False,0.92,0.02,0.98,-0.09182334274986034,0.12431360244738504,757,1.2170374393463135,False,0.0,0.28,0.2258920580675118,0.06752758071125212,0.4190675485932572,0.06752758071125212,0.28,0.13087337165375598,,113.6279378551782,98.94913406239446,131.53337454362938,98.94913406239446,118.643203125,104.82065557950796,,0.06097008553400255,0.1585933788290584,0.9555555555555556,0.8777777777777778,0.05799622633945818,0.2274801004591618,0.8777777777777778,0.8777777777777778,1.0,1.0,0.8888888888888888,0.8777777777777778
2026-03-09,CL=F,target_best_entry,future,"baseline_qroll_a0.15_cal(+0.022,0.898)",False,0.15,0.02,0.98,-0.12717055714877848,0.14761523516583538,757,0.7789199352264404,False,-0.24183359166547608,0.0,-0.18324420028412078,-0.24183359166547608,-0.006535424809765905,-0.24183359166547608,-0.006535424809765905,-0.07721893499950785,,74.24310344044386,68.91732767447834,90.30593140069892,68.91732767447834,90.30593140069892,83.8808002165969,,0.0736531941334199,0.15450288866248246,0.9333333333333333,0.9333333333333333,0.019119611943089535,0.048286816770517216,1.0,1.0,1.0,1.0,1.0,1.0
2026-03-09,CL=F,target_best_sale,future,"baseline_qroll_a0.90_cal(-0.016,0.790)",False,0.9,0.02,0.98,-0.11188510844012936,0.14783014297491795,757,1.2849478721618652,False,0.0,0.28,0.2430751011226911,0.022126166269923836,0.4190675485932572,0.022126166269923836,0.28,0.11050574021103075,,112.99552858883469,92.91127007357684,128.9932423324523,92.91127007357684,116.352001953125,100.94497347967999,,0.06669405842375116,0.1597688044953223,1.0,0.6444444444444445,0.06048550607772928,0.22560825424673317,0.8777777777777778,0.8777777777777778,1.0,0.9444444444444444,0.9111111111111111,0.8777777777777778
2026-03-09,CMIG4.SA,target_best_entry,equity_br,"baseline_ewmgauss_a0.15_cal(+0.021,0.700)",False,0.15,0.02,0.98,-0.09172396910633375,0.08369102341267351,757,0.6522347927093506,False,-0.19659135369697597,0.0,-0.04165415926612773,-0.1087592885907055,0.0,-0.1087592885907055,0.0,-0.016661663706451092,,11.078478321021482,10.30274299787093,11.5600004196167,10.30274299787093,11.5600004196167,11.367391580178612,,0.035237114032783665,0.057041319533518896,0.8444444444444444,0.8444444444444444,0.01964896335054397,0.04366803092701896,0.9666666666666667,0.9666666666666667,1.0,1.0,1.0,1.0
2026-03-09,CMIG4.SA,target_best_sale,equity_br,"baseline_ewmgauss_a0.82_cal(+0.030,0.700)",False,0.82,0.02,0.98,-0.15467499647620672,0.08643186704801646,757,0.8092126846313477,False,0.0,0.22,0.15600409679933075,0.015609073618309238,0.23445636286840982,0.015609073618309238,0.22,0.07176708289071784,,13.363407844078887,11.74044131719418,14.270316072757321,11.74044131719418,14.103200511932373,12.389627927948062,,0.05351344536426494,0.10212232143364498,0.9888888888888889,0.9111111111111111,0.036291809615656936,0.09495259899403931,0.9444444444444444,0.9444444444444444,1.0,1.0,1.0,1.0
2026-03-09,COPX,target_best_entry,other,"baseline_ewmgauss_a0.18_cal(-0.010,0.700)",False,0.18,0.02,0.98,-0.1150493019061227,0.14550682267000858,757,1.686861276626587,False,-0.25,0.0,-0.12392171510587131,-0.33336593253194097,0.0,-0.25,0.0,-0.04956868604234853,,72.04867627818801,54.82398428448917,82.23999786376953,61.67999839782715,82.23999786376953,78.16346922953693,,0.12053704599131379,0.1486017645222804,1.0,0.8888888888888888,0.08149271241753056,0.12467485614596324,1.0,1.0,1.0,1.0,1.0,1.0
2026-03-09,COPX,target_best_sale,other,"baseline_ewmgauss_a0.92_cal(+0.005,0.700)",False,0.92,0.02,0.98,-0.20691917894033912,0.20153811736104807,757,0.9285612106323242,False,0.0,0.25,0.25,0.0,0.4190675485932572,0.0,0.25,0.1,,102.79999732971191,82.23999786376953,116.70411216485414,82.23999786376953,102.79999732971191,90.4639976501465,,0.06337513465395672,0.23263885251755365,0.9444444444444444,0.7444444444444445,0.12511183759922653,0.16906754859325718,1.0,0.044444444444444446,1.0,0.8888888888888888,1.0,0.16666666666666666
2026-03-09,CPFE3.SA,target_best_entry,equity_br,"baseline_ewmgauss_a0.18_cal(-0.007,0.700)",False,0.18,0.02,0.98,-0.04449301542464736,0.08791427613405577,757,0.6803312301635742,False,-0.20000404067757438,0.0,-0.06486072421985274,-0.10125009805872096,0.0,-0.10125009805872096,0.0,-0.0259442896879411,,45.980796477818686,44.19153103279247,49.16999816894531,44.19153103279247,49.16999816894531,47.894317492494665,,0.01979740652050391,0.040573223399349115,1.0,1.0,0.04574393229969058,0.06432505712782324,0.5444444444444444,0.5444444444444444,1.0,1.0,1.0,1.0
2026-03-09,CPFE3.SA,target_best_sale,equity_br,"baseline_qroll_a0.88_cal(+0.003,0.700)",False,0.88,0.02,0.98,-0.10164014395020529,0.10173702709505371,757,0.5507605075836182,False,0.0,0.3,0.17522005108933178,0.10792387335713179,0.24258037537899993,0.10792387335713179,0.24258037537899993,0.13484234445001178,,57.78556776017026,54.47661482430097,61.0976747821528,54.47661482430097,61.0976747821528,55.80019599864868,,0.03716052912697794,0.05582735488518571,0.9888888888888889,0.9888888888888889,0.1053156604733921,0.15855360904564786,0.1111111111111111,0.044444444444444446,1.0,1.0,0.2222222222222222,0.25555555555555554
2026-03-09,CPTS11.SA,target_best_entry,equity_br,"baseline_qroll_a0.12_cal(-0.004,0.700)",False,0.12,0.02,0.98,-0.16377939444745918,0.04435283129749741,757,0.8485944271087646,False,-0.04857885662885241,0.0,-0.026507122274195914,-0.10652611009984916,0.0,-0.04857885662885241,0.0,-0.010602848909678365,,7.953436885291431,7.2996817486508805,8.170000076293945,7.773110813929948,8.170000076293945,8.08337479989294,,0.009746168022703157,0.025724890412858633,0.9888888888888889,0.9444444444444444,0.007536470959123348,0.014468773657137182,1.0,1.0,1.0,1.0,1.0,1.0
2026-03-09,CPTS11.SA,target_best_sale,equity_br,"baseline_qroll_a0.82_cal(-0.000,1.300)",False,0.82,0.02,0.98,-0.19927458338052706,0.19906754859325718,757,13.07311487197876,False,0.0,0.22,0.22,0.0,0.24654911128389087,0.0,0.22,0.08800000000000001,,9.967400093078613,8.170000076293945,10.184306334293538,8.170000076293945,9.967400093078613,8.888960083007813,,0.11038685298773407,0.1906210614384645,1.0,1.0,0.03512320130748001,0.06833370172519247,1.0,1.0,1.0,1.0,1.0,1.0
2026-03-09,CSAN3.SA,target_best_entry,equity_br,"baseline_qroll_a0.18_cal(+0.015,0.927)",False,0.18,0.02,0.98,-0.14772460693237735,0.10190874867109459,757,25.0,False,-0.24103419710642224,0.0,-0.21186161647330196,-0.24103419710642224,0.0,-0.24103419710642224,0.0,-0.0847446465893208,,4.405693684174616,4.24261895398409,5.590000152587891,4.24261895398409,5.590000152587891,5.116277565222581,,0.07046593061837704,0.13753722822121603,0.4222222222222222,0.4222222222222222,0.043113899503260396,0.09906847374865707,0.8,0.8,1.0,0.7444444444444445,1.0,0.9555555555555556
2026-03-09,CSAN3.SA,target_best_sale,equity_br,"baseline_qroll_a0.88_cal(-0.021,0.833)",False,0.88,0.02,0.98,-0.15957261561221295,0.10629394505004237,757,0.6304352283477783,False,0.0,0.3,0.2430139060581766,0.14494179393800566,0.3083413537323827,0.14494179393800566,0.3,0.18417063878607404,,6.948447924534078,6.400224802817705,7.313628367001066,6.400224802817705,7.267000198364258,6.619514051504254,,0.05722837037426816,0.12161165654695846,0.7777777777777778,0.7777777777777778,0.11240980684061892,0.2983125150203705,0.5111111111111111,0.5111111111111111,0.9888888888888889,1.0,0.5666666666666667,0.8111111111111111
2026-03-09,CSMG3.SA,target_best_entry,equity_br,"baseline_ewmgauss_a0.18_cal(-0.019,0.700)",False,0.18,0.02,0.98,-0.08062127887468525,0.11623362630024305,757,1.167456865310669,False,-0.26,0.0,-0.1031931737289938,-0.207131169126813,0.0,-0.207131169126813,0.0,-0.04127726949159752,,47.65631420067382,42.13304918867243,53.13999938964844,42.13304918867243,53.13999938964844,50.94652531405859,,0.08922137743864676,0.11546034149288473,0.9888888888888889,0.9888888888888889,0.08447782463459028,0.1028356153748648,0.9111111111111111,0.9111111111111111,1.0,1.0,1.0,1.0
2026-03-09,CSMG3.SA,target_best_sale,equity_br,"baseline_ewmgauss_a0.92_cal(+0.007,0.700)",False,0.92,0.02,0.98,-0.22582327888804896,0.19557813594997348,757,0.8667840957641602,False,0.0,0.26,0.26,0.04384591218534403,0.4190675485932572,0.04384591218534403,0.26,0.13030754731120642,,66.95639923095703,55.4699711364162,75.40924866611559,55.4699711364162,66.95639923095703,60.06454237423252,,0.12222902754549396,0.207467581716514,0.9222222222222223,0.2222222222222222,0.11727176942573811,0.15906754859325717,0.6111111111111112,0.0,1.0,0.4222222222222222,0.6333333333333333,0.1111111111111111
2026-03-09,CSNA3.SA,target_best_entry,equity_br,"baseline_ewmgauss_a0.18_cal(-0.030,0.700)",False,0.18,0.02,0.98,-0.13156232726247874,0.20689105006273367,757,0.5391948223114014,False,-0.3,0.0,-0.18676851852368656,-0.2767973647696236,-0.045191800299498985,-0.2767973647696236,-0.045191800299498985,-0.10182248758917402,,5.847134398348172,5.199826988688393,6.865071010481166,5.199826988688393,6.865071010481166,6.457896365627969,,0.03751087477509829,0.09355428511402729,0.9666666666666667,0.9666666666666667,0.14100814950453688,0.19509231219055526,0.15555555555555556,0.15555555555555556,1.0,1.0,0.43333333333333335,0.8555555555555555
2026-03-09,CSNA3.SA,target_best_sale,equity_br,"baseline_qroll_a0.85_cal(-0.024,0.922)",False,0.85,0.02,0.98,-0.26350178729855306,0.172339054163142,757,0.607163667678833,False,0.0,0.3,0.3,0.09695431474725927,0.4190675485932572,0.09695431474725927,0.3,0.17817258884835555,,9.347000074386598,7.887101585801024,10.203095755585215,7.887101585801024,9.347000074386598,8.471060981235253,,0.07722827528991262,0.16036391610243447,0.9666666666666667,0.9666666666666667,0.057902443698313606,0.12539777248872241,0.8111111111111111,0.6555555555555556,1.0,1.0,0.9777777777777777,0.8222222222222222
2026-03-09,CURY3.SA,target_best_entry,equity_br,"baseline_qroll_a0.18_cal(-0.027,0.700)",False,0.18,0.02,0.98,-0.19079551246082313,0.07231833844832279,757,0.8457438945770264,False,-0.08213542742141774,0.0,-0.08087928608561094,-0.270042293166945,-0.009179725694643356,-0.08213542742141774,-0.009179725694643356,-0.03785954985103039,,32.7115063484598,25.979194897571134,35.26329371371482,32.66680027812676,35.26329371371482,34.24257876761281,,0.03134761156208648,0.06709167553556059,0.9555555555555556,0.9555555555555556,0.03178699656904018,0.06624338903414642,0.7666666666666667,0.2777777777777778,0.9666666666666667,1.0,0.6666666666666666,0.7111111111111111
2026-03-09,CURY3.SA,target_best_sale,equity_br,"baseline_ewmgauss_a0.82_cal(+0.009,0.700)",False,0.82,0.02,0.98,-0.18406802980175915,0.21702762592400965,757,0.8785367012023926,False,0.0,0.3,0.20909689862934477,0.019527839324702007,0.4190675485932572,0.019527839324702007,0.3,0.09535546304655912,,43.03175880671193,36.284995957133745,50.50461427096654,36.284995957133745,46.26700019836426,38.98370109696502,,0.07204315883461286,0.13097491742821343,1.0,0.9,0.03458339728048057,0.08005668786689404,1.0,0.9666666666666667,1.0,1.0,1.0,1.0
2026-03-09,CXSE3.SA,target_best_entry,equity_br,"baseline_qroll_a0.08_cal(-0.000,0.700)",False,0.08,0.02,0.98,-0.06642383278309953,0.07396850817766917,757,0.7952520847320557,False,-0.1611328302512272,0.0,-0.06627156441466894,-0.13353530270484293,0.0,-0.13353530270484293,0.0,-0.02650862576586758,,16.489644029961294,15.301766422020453,17.65999984741211,15.301766422020453,17.65999984741211,17.191857520431785,,0.022835639812019,0.07374182645880747,0.9333333333333333,0.9333333333333333,0.010894459043285435,0.023603327529787263,1.0,1.0,1.0,0.9555555555555556,1.0,1.0
2026-03-09,CXSE3.SA,target_best_sale,equity_br,"baseline_qroll_a0.88_cal(+0.005,0.777)",False,0.88,0.02,0.98,-0.09276735618399355,0.22378933692738773,757,0.8778941631317139,False,0.0,0.1232957929252581,0.12183693531068036,0.0181343476037107,0.37200611437586245,0.0181343476037107,0.1232957929252581,0.05961538268649857,,19.811640106407882,17.98025242332656,24.22962777052621,17.98025242332656,19.837403531658722,18.712807496559087,,0.046543334273898264,0.08696390277094714,0.9222222222222223,0.8888888888888888,0.0650945710942958,0.11257184356049359,1.0,0.0,1.0,1.0,0.5666666666666667,0.1
2026-03-09,CYRE3.SA,target_best_entry,equity_br,"baseline_qroll_a0.12_cal(+0.011,0.765)",False,0.12,0.02,0.98,-0.10244076677817311,0.146882508713945,757,0.6526203155517578,False,-0.3,0.0,-0.20698444392513524,-0.2640357966504822,-0.1251825785411228,-0.2640357966504822,-0.1251825785411228,-0.1579033246947278,,22.045831853858385,20.459804291620465,24.31992364912406,20.459804291620465,24.31992364912406,23.41028693101779,,0.024103634471306448,0.061489710116419516,0.9333333333333333,0.9333333333333333,0.06033014887898596,0.1181088160767011,0.5666666666666667,0.5666666666666667,1.0,0.9777777777777777,0.9666666666666667,0.8111111111111111
2026-03-09,CYRE3.SA,target_best_sale,equity_br,"baseline_qroll_a0.82_cal(-0.015,0.854)",False,0.82,0.02,0.98,-0.22019530011864344,0.18594451926238248,757,0.7584755420684814,False,0.0,0.3,0.3,0.15747791638193706,0.4190675485932572,0.15747791638193706,0.3,0.21448674982916222,,36.13999900817871,32.17788519233228,39.45007676822993,32.17788519233228,36.13999900817871,33.76273071867085,,0.09353770160274127,0.15274812627728648,0.8444444444444444,0.8444444444444444,0.07718743451783887,0.20329197217185174,0.8,0.5777777777777777,1.0,1.0,0.9666666666666667,1.0
2026-03-09,DIRR3.SA,target_best_entry,equity_br,"baseline_qroll_a0.18_cal(+0.003,0.794)",False,0.18,0.02,0.98,-0.0913711650058875,0.12532596638677446,757,0.5020911693572998,False,-0.22,0.0,-0.16726748379324252,-0.2208773174968636,-0.09373548695039102,-0.22,-0.09373548695039102,-0.12314828568753161,,12.50764277462019,11.70242304785117,13.612093400860099,11.715600357055665,13.612093400860099,13.170313150364136,,0.021592004413318763,0.05263745891000566,0.9888888888888889,0.9888888888888889,0.04964298935443694,0.09480917972018567,0.4444444444444444,0.43333333333333335,1.0,1.0,0.9333333333333333,0.6
2026-03-09,DIRR3.SA,target_best_sale,equity_br,"baseline_ewmgauss_a0.88_cal(+0.006,0.700)",False,0.88,0.02,0.98,-0.2071486909998981,0.19906754859325718,757,0.6723170280456543,False,0.0,0.22,0.22,0.05725448881511122,0.37639659512088475,0.05725448881511122,0.22,0.12235269328906674,,18.32440055847168,15.879962905975667,20.673477488780048,15.879962905975667,18.32440055847168,16.857737966974074,,0.06486171565466521,0.142578405328281,0.8555555555555555,0.4666666666666667,0.09074025534562917,0.1961507357307658,0.6666666666666666,0.3888888888888889,0.9222222222222223,0.6333333333333333,0.6666666666666666,0.7666666666666667
2026-03-09,ECOR3.SA,target_best_entry,equity_br,"baseline_qroll_a0.08_cal(+0.004,0.745)",False,0.08,0.02,0.98,-0.1597755979190676,0.2720429807393984,757,0.66748046875,False,-0.3,0.0,-0.22702131315030458,-0.34804489290779295,-0.02095971296992838,-0.3,-0.02095971296992838,-0.10338435304207887,,7.389676570637853,6.23269109737275,9.359625554829138,6.692000293731689,9.359625554829138,8.571645961152624,,0.03785354194310457,0.10438798180842196,0.9444444444444444,0.9444444444444444,0.04272523377988815,0.07532850744843896,0.9888888888888889,0.9888888888888889,1.0,1.0,1.0,1.0
2026-03-09,ECOR3.SA,target_best_sale,equity_br,"baseline_ewmgauss_a0.90_cal(+0.009,0.700)",False,0.9,0.02,0.98,-0.2507875166052902,0.18481908804858274,757,0.7967708110809326,False,0.0,0.3,0.3,0.07324320409843299,0.4190675485932572,0.07324320409843299,0.3,0.16394592245905978,,12.428000545501709,10.26020548153179,13.56628636001598,10.26020548153179,12.428000545501709,11.127323507119758,,0.07870029387963859,0.15146331079222888,0.8111111111111111,0.7,0.10991642734148242,0.15582250798371738,0.26666666666666666,0.2222222222222222,1.0,0.8111111111111111,0.7444444444444445,0.3333333333333333
2026-03-09,EGIE3.SA,target_best_entry,equity_br,"baseline_qroll_a0.12_cal(+0.005,0.744)",False,0.12,0.02,0.98,-0.06222718758447883,0.06800059664374283,757,0.5361106395721436,False,-0.18459950449207155,0.0,-0.10814656704238947,-0.14365244394675486,-0.06934647165677767,-0.14365244394675486,-0.06934647165677767,-0.0848665098110224,,28.878215111769666,27.72853477968195,30.13456224179875,27.72853477968195,30.13456224179875,29.63202338978712,,0.011642244407797929,0.03285885140371561,0.9666666666666667,0.9666666666666667,0.012689890212730582,0.02841151490949069,0.9444444444444444,0.9444444444444444,1.0,1.0,1.0,1.0
2026-03-09,EGIE3.SA,target_best_sale,equity_br,"baseline_qroll_a0.88_cal(-0.000,0.727)",False,0.88,0.02,0.98,-0.08807145689281407,0.09117489219448835,757,0.7006354331970215,False,0.0,0.3,0.16355335545415267,0.09787943820509139,0.23154147029208796,0.09787943820509139,0.23154147029208796,0.1241490051047159,,37.675858892414524,35.54933738174261,39.877314123486016,35.54933738174261,39.877314123486016,36.399945986011375,,0.04644999211834203,0.13270867991133337,0.7111111111111111,0.7111111111111111,0.026102338512670985,0.08310982658308638,0.8777777777777778,0.8777777777777778,0.9444444444444444,0.8222222222222222,0.9777777777777777,0.9111111111111111
2026-03-09,ENGI11.SA,target_best_entry,equity_br,"baseline_qroll_a0.12_cal(+0.000,0.707)",False,0.12,0.02,0.98,-0.0694046890304203,0.08274967716345184,757,0.6098506450653076,False,-0.24230777967938608,0.0,-0.11068138152470904,-0.1556651629689813,-0.05704821287131633,-0.1556651629689813,-0.05704821287131633,-0.07850148033267342,,47.65858489979009,45.24790404532756,50.53278641610918,45.24790404532756,50.53278641610918,49.383105809581544,,0.0159606281681364,0.03155359186930584,0.9777777777777777,0.9777777777777777,0.01950985486427531,0.03617155100344424,0.9888888888888889,0.9888888888888889,1.0,1.0,1.0,1.0
2026-03-09,ENGI11.SA,target_best_sale,equity_br,"baseline_qroll_a0.88_cal(+0.000,0.706)",False,0.88,0.02,0.98,-0.10490490712099487,0.11374339939850249,757,1.1283555030822754,False,0.0,0.3,0.1566150200825119,0.030813637192706494,0.2930154738993702,0.030813637192706494,0.2930154738993702,0.08113419034862866,,61.982999102707254,55.241302974446825,69.29269944356575,55.241302974446825,69.29269944356575,57.937981425751,,0.05395324220719817,0.10961215501350087,0.9444444444444444,0.9444444444444444,0.023852878303483784,0.07094230154906499,1.0,1.0,1.0,1.0,1.0,1.0
2026-03-09,EQTL3.SA,target_best_entry,equity_br,"baseline_qroll_a0.12_cal(+0.011,0.826)",False,0.12,0.02,0.98,-0.070318001157894,0.1309586610287589,757,0.9099392890930176,False,-0.2945197313681878,0.0,-0.12985926177955817,-0.19886749241945367,-0.0013398878532139002,-0.19886749241945367,-0.0013398878532139002,-0.05274763742375162,,35.58875752094547,32.76632078247554,40.84520011063795,32.76632078247554,40.84520011063795,38.74262307476096,,0.021386175889947803,0.05002368821535478,0.9666666666666667,0.9666666666666667,0.017583843376305995,0.034559117751092217,1.0,1.0,1.0,1.0,1.0,1.0
2026-03-09,EQTL3.SA,target_best_sale,equity_br,"baseline_qroll_a0.82_cal(+0.003,0.758)",False,0.82,0.02,0.98,-0.1194429075676561,0.10233446762374082,757,1.0891139507293701,False,0.0,0.3,0.1667987615356092,0.026499415801005483,0.2870022892802543,0.026499415801005483,0.2870022892802543,0.08261915409484696,,47.72207112720004,41.98382767257493,52.63839559537204,41.98382767257493,52.63839559537204,44.279125054424966,,0.07093548296349769,0.11801432572109953,0.8333333333333334,0.8333333333333334,0.04903211667863883,0.07881300125963112,1.0,1.0,1.0,1.0,1.0,1.0
2026-03-09,FLRY3.SA,target_best_entry,equity_br,"baseline_qroll_a0.18_cal(-0.004,0.812)",False,0.18,0.02,0.98,-0.0908747554372189,0.08378650873659794,757,0.7850532531738281,False,-0.21090254361614907,0.0,-0.138421290162875,-0.1935955203778024,-0.08755065948335922,-0.1935955203778024,-0.08755065948335922,-0.10789891175516553,,13.802491325990177,12.918600132690282,14.617438852762746,12.918600132690282,14.617438852762746,14.291459842053719,,0.01960869770712947,0.04414576180294596,1.0,1.0,0.038683261291957774,0.09944012696591369,0.7666666666666667,0.7666666666666667,1.0,1.0,0.9333333333333333,1.0
2026-03-09,FLRY3.SA,target_best_sale,equity_br,"baseline_qroll_a0.88_cal(-0.006,0.766)",False,0.88,0.02,0.98,-0.13160593063747028,0.1104698957219169,757,0.8815624713897705,False,0.0,0.3,0.16772898633952418,0.07800212748798502,0.2430456281714885,0.07800212748798502,0.2430456281714885,0.11389287102860068,,18.707018895703087,17.269594575827732,19.91359153232838,17.269594575827732,19.91359153232838,17.844564303777872,,0.03832343274819872,0.0843849824796146,1.0,1.0,0.06315289904905644,0.1647505964357191,0.6222222222222222,0.6222222222222222,1.0,1.0,0.9333333333333333,0.8888888888888888
2026-03-09,GC=F,target_best_entry,future,"baseline_qroll_a0.12_cal(+0.006,0.741)",False,0.12,0.02,0.98,-0.037692396401648474,0.0388433675920338,757,0.763195276260376,False,-0.16856024157329885,0.0,-0.07181988124969381,-0.11701148178992854,-0.02524831458273817,-0.11701148178992854,-0.02524831458273817,-0.04387694124952043,,4725.829074617183,4495.736040466579,4962.948206301989,4495.736040466579,4962.948206301989,4868.100553628066,,0.018011522299233362,0.03846963603372112,0.9222222222222223,0.9222222222222223,0.019198041045960165,0.05777261214174311,0.9,0.9,1.0,0.9777777777777777,0.9,0.9
2026-03-09,GC=F,target_best_sale,future,"baseline_ewmgauss_a0.82_cal(+0.003,0.700)",False,0.82,0.02,0.98,-0.08186679886421888,0.12262586063914616,757,1.0002100467681885,False,0.0,0.28,0.17676084581998078,0.04812342585077242,0.36944303875983253,0.04812342585077242,0.28,0.09957839383845576,,5991.477846492432,5336.520422719207,6972.5192318456875,5336.520422719207,6517.12,5598.503392228497,,0.05054575148217463,0.08808422417039538,1.0,1.0,0.11517737646355333,0.24942704874000404,0.5444444444444444,0.5,1.0,1.0,0.8888888888888888,0.5444444444444444
2026-03-09,GGBR4.SA,target_best_entry,equity_br,"baseline_qroll_a0.15_cal(+0.012,0.844)",False,0.15,0.02,0.98,-0.09663709172227916,0.13525841557972748,757,0.8767960071563721,False,-0.2428278005118161,0.0,-0.19541764100531672,-0.2428278005118161,-0.055441767651730284,-0.2428278005118161,-0.055441767651730284,-0.11143211699316485,,15.125934423202745,14.234636030102344,17.757443624849152,14.234636030102344,17.757443624849152,16.70483994419059,,0.08275409479678682,0.1535916158916621,0.7666666666666667,0.7666666666666667,0.012790667540358533,0.028342859278333778,1.0,1.0,1.0,1.0,1.0,1.0
2026-03-09,GGBR4.SA,target_best_sale,equity_br,"baseline_qroll_a0.92_cal(-0.030,0.925)",False,0.92,0.02,0.98,-0.12344845836216946,0.08628132690486437,757,0.8079392910003662,False,0.0,0.3,0.3,0.18227878756384203,0.3822784062968401,0.18227878756384203,0.3,0.2293672725383052,,24.43965435028076,22.22652685671486,25.986466512116714,22.22652685671486,24.43965435028076,23.11177785414122,,0.046598362393663294,0.13383613133999847,0.8,0.8,0.047078612973404335,0.09765541003774562,0.5777777777777777,0.5333333333333333,0.9666666666666667,0.9222222222222223,1.0,0.9111111111111111
2026-03-09,GLD,target_best_entry,other,"baseline_qroll_a0.12_cal(+0.005,0.737)",False,0.12,0.02,0.98,-0.0360933076972399,0.03746056374687471,757,0.8093411922454834,False,-0.170391519038448,0.0,-0.07044296774439493,-0.11726242999113148,-0.021849930364714977,-0.11726242999113148,-0.021849930364714977,-0.04128714531658696,,439.24358331702786,417.1199828787301,462.2052512107304,417.1199828787301,462.2052512107304,453.02058405324937,,0.014584264279689016,0.032105431535526655,0.9444444444444444,0.9444444444444444,0.01894695115415658,0.058773222959269567,0.9,0.9,1.0,1.0,0.9111111111111111,0.9
2026-03-09,GLD,target_best_sale,other,"baseline_ewmgauss_a0.82_cal(+0.003,0.700)",False,0.82,0.02,0.98,-0.0803920486159819,0.13066738161178534,757,0.943152666091919,False,0.0,0.25,0.17371543246491558,0.05219111653171829,0.3712382526757376,0.05219111653171829,0.25,0.10080084290499722,,554.6157518698884,497.1918670103199,647.9512098629915,497.1918670103199,590.6624984741211,520.1614209541473,,0.050696885030200284,0.09024539723957117,0.9777777777777777,0.9777777777777777,0.11264491852524319,0.23571338912639872,0.6444444444444445,0.4666666666666667,1.0,1.0,0.7666666666666667,0.4888888888888889
2026-03-09,GOAU4.SA,target_best_entry,equity_br,"baseline_qroll_a0.12_cal(+0.027,0.930)",False,0.12,0.02,0.98,-0.10055834478728808,0.13093574386328327,757,0.7608003616333008,False,-0.26640204633481757,0.0,-0.2621058960281864,-0.26640204633481757,-0.1348430338373425,-0.26640204633481757,-0.1348430338373425,-0.18574817871368005,,6.213499082660497,6.177322989308429,7.285126668818527,6.177322989308429,7.285126668818527,6.856475634355315,,0.07748714787362425,0.14173468166931436,0.6,0.6,0.012598334699240968,0.03241908935220858,1.0,1.0,1.0,1.0,1.0,1.0
2026-03-09,GOAU4.SA,target_best_sale,equity_br,"baseline_qroll_a0.92_cal(-0.030,0.908)",False,0.92,0.02,0.98,-0.1303882469041248,0.09364265571732776,757,0.7723894119262695,False,0.0,0.3,0.3,0.17133882472912226,0.39240230178826363,0.17133882472912226,0.3,0.22280329483747335,,10.946758842468261,9.863356643946078,11.724840161056797,9.863356643946078,10.946758842468261,10.296717523354951,,0.04147775077974203,0.13297247369341686,0.8888888888888888,0.8888888888888888,0.048732764269723165,0.09328714101194478,0.6222222222222222,0.5,0.9444444444444444,0.9444444444444444,1.0,0.8666666666666667
2026-03-09,GRND3.SA,target_best_entry,equity_br,"baseline_qroll_a0.12_cal(+0.026,0.983)",False,0.12,0.02,0.98,-0.05444741123413363,0.0914642852346677,757,0.5520455837249756,False,-0.1654188072747986,0.0,-0.1654188072747986,-0.1654188072747986,-0.11282790267053303,-0.1654188072747986,-0.11282790267053303,-0.13386426451223926,,3.772306975199537,3.772306975199537,4.010017863007726,3.772306975199537,4.010017863007726,3.9149335078844505,,0.01867661904781217,0.036198263628266975,0.9333333333333333,0.9333333333333333,0.04585786913856538,0.10594599147536318,0.5666666666666667,0.5666666666666667,1.0,1.0,0.9777777777777777,1.0
2026-03-09,GRND3.SA,target_best_sale,equity_br,"baseline_qroll_a0.88_cal(-0.023,0.897)",False,0.88,0.02,0.98,-0.10857145174499676,0.08344553010459613,757,0.5600714683532715,False,0.0,0.22,0.22,0.15666507650616762,0.2686777709990456,0.15666507650616762,0.22,0.18199904590370058,,5.514399976730346,5.228126123746242,5.734423500717578,5.228126123746242,5.514399976730346,5.342635664939884,,0.01543248012981225,0.038595096382204146,1.0,1.0,0.08539898470439135,0.21436229141206845,0.23333333333333334,0.15555555555555556,1.0,1.0,0.5555555555555556,0.35555555555555557
2026-03-09,HE=F,target_best_entry,future,"baseline_qroll_a0.18_cal(+0.005,0.776)",False,0.18,0.02,0.98,-0.1582541010401575,0.11630651022167895,757,0.579254150390625,False,-0.28,0.0,-0.189511998751676,-0.24067610880612977,-0.1519096930299341,-0.24067610880612977,-0.1519096930299341,-0.16695061531863087,,77.50291511937098,72.61034709541384,81.09863560401256,72.61034709541384,81.09863560401256,79.66034741015592,,0.0401473458324904,0.09015605897532386,0.9222222222222223,0.9222222222222223,0.08588859365821358,0.1619826797161194,0.4444444444444444,0.4444444444444444,1.0,1.0,1.0,1.0
2026-03-09,HE=F,target_best_sale,future,"baseline_ewmgauss_a0.92_cal(+0.022,0.700)",False,0.92,0.02,0.98,-0.23846399270044855,0.11095822974745334,757,1.0057358741760254,False,0.0,0.28,0.19504712730266968,0.061187981375143446,0.2573323121619283,0.061187981375143446,0.2573323121619283,0.11473163974615394,,114.27638154831779,101.4761007189981,120.23240235048438,101.4761007189981,120.23240235048438,106.59621305072598,,0.07237253918047347,0.11947064694400654,0.7444444444444445,0.6777777777777778,0.10381373655594586,0.19681614172283415,0.9888888888888889,0.9888888888888889,1.0,1.0,0.9888888888888889,1.0
2026-03-09,HG=F,target_best_entry,future,"baseline_ewmgauss_a0.18_cal(-0.017,0.700)",False,0.18,0.02,0.98,-0.09096590103354708,0.10716393470141458,757,12.944151639938354,False,-0.18837255054196791,0.0,-0.09970812625774651,-0.18837255054196791,0.0,-0.18837255054196791,0.0,-0.039883250503098606,,5.182980289659426,4.672539201760987,5.756999969482422,4.672539201760987,5.756999969482422,5.527392097553223,,0.04893456561467251,0.1000587103722043,0.8888888888888888,0.8888888888888888,0.0934598365332619,0.10847754483626057,1.0,1.0,1.0,1.0,1.0,1.0
2026-03-09,HG=F,target_best_sale,future,"baseline_qroll_a0.92_cal(-0.021,0.843)",False,0.92,0.02,0.98,-0.16605259492799046,0.12098376298874015,757,0.9142618179321289,False,0.0,0.26,0.23320164290312762,0.1509964972403709,0.2930952438651043,0.1509964972403709,0.26,0.1838785555054736,,7.099541820558978,6.626286799487189,7.44434927946927,6.626286799487189,7.253819961547852,6.815588807915905,,0.06932059793397906,0.1747497962741704,0.9,0.5111111111111111,0.055980643472423125,0.11026306358921276,0.5777777777777777,0.4666666666666667,1.0,0.9555555555555556,0.9888888888888889,0.7111111111111111
2026-03-09,HGBS11.SA,target_best_entry,equity_br,"baseline_qroll_a0.12_cal(-0.001,0.802)",False,0.12,0.02,0.98,-0.03332154376185927,0.056159235201930655,757,0.9273579120635986,False,-0.12973200935327978,0.0,-0.10120899397796894,-0.11667645425646958,-0.07514055171236458,-0.11667645425646958,-0.07514055171236458,-0.08556792861860632,,18.380276758873656,18.06396718437758,18.913376423093908,18.06396718437758,18.913376423093908,18.700136557405806,,0.014713208355921551,0.03317175274915529,0.8888888888888888,0.8888888888888888,0.012041343619265543,0.021753833401376498,1.0,1.0,1.0,1.0,1.0,1.0
2026-03-09,HGBS11.SA,target_best_sale,equity_br,"baseline_ewmgauss_a0.82_cal(-0.000,0.700)",False,0.82,0.02,0.98,-0.10028391172539067,0.09177464746299287,757,0.7981259822845459,False,0.0,0.25437361233509737,0.07203237902142488,0.03196884748111571,0.10869645025652655,0.03196884748111571,0.10869645025652655,0.04799426009723938,,21.923062968883933,21.103763718318564,22.672843253614232,21.103763718318564,22.672843253614232,21.431483418544712,,0.0341180114774861,0.06812999740980413,1.0,1.0,0.034079234091080095,0.050252867789099286,1.0,1.0,1.0,1.0,1.0,1.0
2026-03-09,HGLG11.SA,target_best_entry,equity_br,"baseline_qroll_a0.12_cal(+0.001,0.762)",False,0.12,0.02,0.98,-0.025404695402040676,0.0359506122680219,757,0.9684219360351562,False,-0.12029579631292683,0.0,-0.07285592702836126,-0.08392703596589371,-0.05718901433795011,-0.08392703596589371,-0.05718901433795011,-0.06345577941411457,,146.40532395825446,144.6570851053851,148.87928619857124,144.6570851053851,148.87928619857124,147.88970130244454,,0.009119989948069009,0.017395282427494857,0.9777777777777777,0.9777777777777777,0.006193047095132304,0.01342234936727298,1.0,1.0,1.0,1.0,1.0,1.0
2026-03-09,HGLG11.SA,target_best_sale,equity_br,"baseline_qroll_a0.88_cal(+0.001,0.718)",False,0.88,0.02,0.98,-0.04787549401906247,0.038365466170590494,757,1.199852466583252,False,0.0,0.2737010341415944,0.08896686435993573,0.063117276045487,0.10968166900731542,0.063117276045487,0.10968166900731542,0.0734571113712665,,171.9587615389932,167.8768529535946,175.22983641672081,167.8768529535946,175.22983641672081,169.50961638775405,,0.02635063181824643,0.052363169456964787,0.7111111111111111,0.7111111111111111,0.015107554413478962,0.03604206020850846,1.0,1.0,1.0,1.0,1.0,1.0
2026-03-09,HGRE11.SA,target_best_entry,equity_br,"baseline_qroll_a0.12_cal(+0.002,0.774)",False,0.12,0.02,0.98,-0.05084338253567778,0.07596039748817877,757,0.5798966884613037,False,-0.17016256973397892,0.0,-0.09700521584193315,-0.12322262904553477,-0.05783620251635548,-0.12322262904553477,-0.05783620251635548,-0.07350380784658656,,117.21775072698155,113.81446838302938,122.30228025114731,113.81446838302938,122.30228025114731,120.268468441481,,0.013634124057047968,0.03863270291716404,0.9111111111111111,0.9111111111111111,0.020819436858827332,0.04150492092853538,0.8888888888888888,0.8888888888888888,1.0,0.9444444444444444,0.9444444444444444,0.9444444444444444
2026-03-09,HGRE11.SA,target_best_sale,equity_br,"baseline_ewmgauss_a0.82_cal(+0.004,0.700)",False,0.82,0.02,0.98,-0.10930856532411518,0.17850914664749462,757,0.8244583606719971,False,0.0,0.2701424722130547,0.10545321898515929,0.02531721265679271,0.2363213724825416,0.02531721265679271,0.2363213724825416,0.057371615188139345,,143.49887965760314,133.0964248717624,160.48687434359599,133.0964248717624,160.48687434359599,137.2574067860987,,0.03354195319477638,0.07776576261384158,1.0,1.0,0.015366145961701013,0.04278738340732822,1.0,1.0,1.0,1.0,1.0,1.0
2026-03-09,HO=F,target_best_entry,future,"baseline_qroll_a0.12_cal(+0.023,0.925)",False,0.12,0.02,0.98,-0.10635147624644975,0.12621427824804268,757,12.89212942123413,False,-0.22,0.0,-0.21129005405548246,-0.22343189525795867,0.0,-0.22,0.0,-0.08451602162219299,,2.857022943992827,2.8130403378697997,3.6224000453948975,2.82547203540802,3.6224000453948975,3.3162492048340697,,0.06271977291826479,0.11053496708097899,1.0,1.0,0.034196915801176495,0.0684091834821608,0.9666666666666667,0.9555555555555556,1.0,1.0,1.0,1.0
2026-03-09,HO=F,target_best_sale,future,"baseline_qroll_a0.90_cal(-0.016,0.796)",False,0.9,0.02,0.98,-0.14833779139081887,0.19522570058105193,757,0.7844340801239014,False,0.0,0.22,0.22,0.04358978913445935,0.4190675485932572,0.04358978913445935,0.22,0.11415387348067561,,4.419328055381775,3.7802996995343174,5.140430352442641,3.7802996995343174,4.419328055381775,4.0359110418733,,0.0857425267783754,0.15467393429481865,0.9555555555555556,0.2222222222222222,0.07232359117066206,0.2447476729753061,0.8555555555555555,0.7666666666666667,0.9333333333333333,0.3888888888888889,0.8888888888888888,0.8777777777777778
2026-03-09,IGTI11.SA,target_best_entry,equity_br,"baseline_qroll_a0.18_cal(-0.013,0.735)",False,0.18,0.02,0.98,-0.11143977272886257,0.0833898810469267,757,0.6656463146209717,False,-0.10152319023410034,0.0,-0.04692075628888756,-0.11807815216739377,0.0,-0.10152319023410034,0.0,-0.018768302515555026,,26.20967920205559,24.25285081539667,27.5,24.708112268562243,27.5,26.983871680822237,,0.026915633112822187,0.04931739744950623,1.0,1.0,0.02653576185526698,0.054852975689220915,0.7666666666666667,0.7444444444444445,1.0,1.0,1.0,1.0
2026-03-09,IGTI11.SA,target_best_sale,equity_br,"baseline_ewmgauss_a0.85_cal(+0.026,0.700)",False,0.85,0.02,0.98,-0.14605139895131433,0.14037585895692112,757,1.091158390045166,False,0.0,0.3,0.17430872679247914,0.02143606976082127,0.32124077055194533,0.02143606976082127,0.3,0.08258513257348442,,32.293489986793176,28.08949191842259,36.33412119017849,28.08949191842259,35.75,29.771091145770818,,0.08259954322262604,0.13584866262461032,1.0,0.9111111111111111,0.02798229288558158,0.05842651450413033,1.0,1.0,1.0,1.0,1.0,1.0
2026-03-09,ISAE4.SA,target_best_entry,equity_br,"baseline_qroll_a0.12_cal(+0.004,0.712)",False,0.12,0.02,0.98,-0.06429890402144778,0.07135964021654542,757,0.7849481105804443,False,-0.22116485905645336,0.0,-0.09718412854196253,-0.16118972524951478,-0.026150004050933734,-0.16118972524951478,-0.026150004050933734,-0.05456365384734525,,25.486491637984088,23.679613672229326,27.49178493984899,23.679613672229326,27.49178493984899,26.68966761910303,,0.026588263647970893,0.04835807498233022,0.9444444444444444,0.9444444444444444,0.015644923896468575,0.03739312027463902,1.0,1.0,1.0,0.9555555555555556,1.0,1.0
2026-03-09,ISAE4.SA,target_best_sale,equity_br,"baseline_qroll_a0.88_cal(-0.016,0.856)",False,0.88,0.02,0.98,-0.13995386801917384,0.1185911708153659,757,0.500023365020752,False,0.0,0.26,0.26,0.17125403088820002,0.3351996963790297,0.17125403088820002,0.26,0.20675241853292003,,35.56979942321777,33.06450075581634,37.69268681757409,33.06450075581634,35.56979942321777,34.06662022277692,,0.034550724380881435,0.05980907402146455,0.9666666666666667,0.9666666666666667,0.025800185972727038,0.051501785228220236,1.0,1.0,1.0,1.0,1.0,1.0
2026-03-09,ITSA4.SA,target_best_entry,equity_br,"baseline_qroll_a0.12_cal(+0.013,0.840)",False,0.12,0.02,0.98,-0.05512886387597852,0.0859998320317651,757,0.7325987815856934,False,-0.18629365632925102,0.0,-0.16098211448954222,-0.18629365632925102,-0.07398789680449187,-0.18629365632925102,-0.07398789680449187,-0.108785583878512,,11.175717978951358,10.838568249370908,12.3344809319677,10.838568249370908,12.3344809319677,11.870975750761165,,0.019563504031023755,0.04786646059833687,0.9,0.9,0.01511946284197847,0.028747606925358056,0.9888888888888889,0.9888888888888889,1.0,1.0,0.9888888888888889,0.9888888888888889
2026-03-09,ITSA4.SA,target_best_sale,equity_br,"baseline_ewmgauss_a0.82_cal(-0.030,0.827)",False,0.82,0.02,0.98,-0.1093008767340049,0.15066106108945151,757,1.0264606475830078,False,0.0,0.22,0.16233426137480558,0.007419593040900091,0.37586967853624365,0.007419593040900091,0.22,0.06938546037446229,,15.482292006796143,13.418828671864727,18.326583698220663,13.418828671864727,16.250399627685546,14.244214005837295,,0.06472005281094516,0.11021435723780935,0.9222222222222223,0.8888888888888888,0.13696226976340078,0.2500980270767074,0.4666666666666667,0.43333333333333335,1.0,1.0,0.6,0.4444444444444444
2026-03-09,ITUB4.SA,target_best_entry,equity_br,"baseline_qroll_a0.12_cal(+0.022,1.012)",False,0.12,0.02,0.98,-0.05237585428874813,0.09299992925323569,757,0.7099230289459229,False,-0.14288464226217892,0.0,-0.14288464226217892,-0.14288464226217892,-0.04767578098637702,-0.14288464226217892,-0.04767578098637702,-0.08575932549669778,,36.79596256925551,36.79596256925551,40.88327901288112,36.79596256925551,40.88327901288112,39.24835243543088,,0.02119803394249593,0.046330549689447234,0.8666666666666667,0.8666666666666667,0.012765860336575246,0.02549024340215161,0.9777777777777777,0.9777777777777777,0.9666666666666667,0.9111111111111111,0.9888888888888889,0.9888888888888889
2026-03-09,ITUB4.SA,target_best_sale,equity_br,"baseline_ewmgauss_a0.88_cal(-0.030,0.753)",False,0.88,0.02,0.98,-0.12382433187898712,0.16311918049252133,757,1.0467298030853271,False,0.0,0.3,0.1635600694035661,0.0,0.35210404033664433,0.0,0.3,0.06542402776142645,,49.95163413458545,42.93000030517578,58.04582686428155,42.93000030517578,55.809000396728514,45.73865383693965,,0.06918911847064968,0.12372119080294458,1.0,1.0,0.10588611971936886,0.20603499450014498,0.5111111111111111,0.5111111111111111,1.0,1.0,0.9,0.7444444444444445
2026-03-09,JHSF3.SA,target_best_entry,equity_br,"baseline_qroll_a0.12_cal(+0.014,0.834)",False,0.12,0.02,0.98,-0.10836440302256373,0.1314350158089946,757,0.500023365020752,False,-0.26,0.0,-0.26,-0.3156045586988646,-0.18897033564039045,-0.26,-0.18897033564039045,-0.21738220138423428,,6.741399745941162,6.234842235284816,7.388479963871105,6.741399745941162,7.388479963871105,7.129647876699128,,0.021700383997205395,0.05298515870901889,0.9888888888888889,0.9888888888888889,0.024752129715413837,0.0487457616551703,0.9777777777777777,0.9777777777777777,1.0,1.0,1.0,0.9888888888888889
2026-03-09,JHSF3.SA,target_best_sale,equity_br,"baseline_qroll_a0.82_cal(-0.008,0.839)",False,0.82,0.02,0.98,-0.2109064524106003,0.16462304583505216,757,0.9235961437225342,False,0.0,0.26,0.26,0.04947175996835476,0.4190675485932572,0.04947175996835476,0.26,0.13368305598101288,,11.47859956741333,9.560687373004177,12.927704880486393,9.560687373004177,11.47859956741333,10.327852250767839,,0.11109990437734532,0.17902965629079742,0.9111111111111111,0.6777777777777778,0.12417602766631756,0.15906754859325717,0.4888888888888889,0.0,1.0,0.8,1.0,0.2111111111111111
2026-03-09,KC=F,target_best_entry,future,"baseline_qroll_a0.08_cal(+0.015,0.700)",False,0.08,0.02,0.98,-0.1071534413887212,0.08858319163614345,757,1.6028523445129395,False,-0.28,0.0,-0.14678085002483893,-0.29164307644309534,-0.0119099682840762,-0.28,-0.0119099682840762,-0.0658583209803813,,253.91802424024436,210.8070247740024,294.0555994694819,214.27200439453125,294.0555994694819,278.00056937778686,,0.05056347440975387,0.12063673554061544,0.9444444444444444,0.8333333333333334,0.0665554587270627,0.14050233170754195,0.7333333333333333,0.7111111111111111,1.0,1.0,1.0,0.9444444444444444
2026-03-09,KC=F,target_best_sale,future,"baseline_qroll_a0.82_cal(-0.004,0.814)",False,0.82,0.02,0.98,-0.19928824317741678,0.1798298709244332,757,1.263685703277588,False,0.0,0.28,0.2311622106862667,0.0,0.4190675485932572,0.0,0.28,0.09246488427450668,,366.39388141465076,297.6000061035156,422.31451112265427,297.6000061035156,380.9280078125,325.11755622796966,,0.06905948469705932,0.1456317262137805,1.0,1.0,0.08162974107844866,0.14931135259343747,1.0,1.0,1.0,1.0,1.0,1.0
2026-03-09,KFOF11.SA,target_best_entry,equity_br,"baseline_qroll_a0.10_cal(-0.000,0.769)",False,0.1,0.02,0.98,-0.10125217837045535,0.04804324194604574,757,0.7406129837036133,False,-0.07912469126110404,0.0,-0.07912469126110404,-0.14582448476775428,-0.047476243111505216,-0.07912469126110404,-0.047476243111505216,-0.060135622371344746,,76.14718152785005,70.63177543994384,78.76419178260709,76.14718152785005,78.76419178260709,77.71738768070426,,0.0135802842612265,0.02859116472206276,1.0,0.9777777777777777,0.013183069177280357,0.024962370774423176,0.9888888888888889,0.9888888888888889,1.0,1.0,1.0,1.0
2026-03-09,KFOF11.SA,target_best_sale,equity_br,"baseline_qroll_a0.82_cal(+0.002,0.731)",False,0.82,0.02,0.98,-0.10242424329620801,0.11804577831285226,757,0.771630048751831,False,0.0,0.18811048198326916,0.06371501557046955,0.0,0.14473429642788077,0.0,0.14473429642788077,0.02548600622818782,,87.95859723448261,82.69000244140625,94.65808176638294,82.69000244140625,94.65808176638294,84.7974403586368,,0.04563577523559741,0.08518888141570509,0.9333333333333333,0.9333333333333333,0.021488535370379737,0.04625846976010087,1.0,1.0,1.0,1.0,1.0,1.0
2026-03-09,KLBN11.SA,target_best_entry,equity_br,"baseline_ewmgauss_a0.18_cal(-0.001,0.700)",False,0.18,0.02,0.98,-0.1010921831907472,0.08911350722749006,757,1.4371709823608398,False,-0.1979524134009984,0.0,-0.08288911642195024,-0.1979524134009984,0.0,-0.1979524134009984,0.0,-0.033155646568780096,,18.048742468696048,15.78429674903385,19.68000030517578,15.78429674903385,19.68000030517578,19.02749717058389,,0.03997444778527795,0.08895384147084419,1.0,1.0,0.05857264062754688,0.08303656761149067,1.0,1.0,1.0,1.0,1.0,1.0
2026-03-09,KLBN11.SA,target_best_sale,equity_br,"baseline_qroll_a0.88_cal(-0.000,0.745)",False,0.88,0.02,0.98,-0.1305049426369456,0.08388309010160645,757,0.5524778366088867,False,0.0,0.3,0.15376167770215682,0.06686468077977019,0.20961541377618065,0.06686468077977019,0.20961541377618065,0.10162347954872483,,22.70603016927857,20.99589724332714,23.805231712260568,20.99589724332714,23.805231712260568,21.679950413707708,,0.03273081560587299,0.07062542522754425,0.9111111111111111,0.9111111111111111,0.05788699150620916,0.12269092999098764,0.3,0.3,1.0,0.9888888888888889,0.8666666666666667,0.5444444444444444
2026-03-09,LEVE3.SA,target_best_entry,equity_br,"baseline_qroll_a0.10_cal(+0.004,0.795)",False,0.1,0.02,0.98,-0.14381215385809323,0.1547490304834831,757,0.500023365020752,False,-0.19374800405327708,0.0,-0.1638624045113619,-0.19374800405327708,-0.09453494062350576,-0.19374800405327708,-0.09453494062350576,-0.12226592617864822,,29.206286465587073,28.162382464467616,31.62789480034695,28.162382464467616,31.62789480034695,30.659251466443,,0.02620085895503158,0.0861917172054033,0.9,0.9,0.023274077817267147,0.04047153468034312,1.0,1.0,1.0,0.9777777777777777,1.0,1.0
2026-03-09,LEVE3.SA,target_best_sale,equity_br,"baseline_qroll_a0.88_cal(-0.004,0.755)",False,0.88,0.02,0.98,-0.13389107644001266,0.09764887681852533,757,0.7414424419403076,False,0.0,0.3,0.19161892553609988,0.1026750285626916,0.256487114441932,0.1026750285626916,0.256487114441932,0.13825258735205492,,41.6232494326292,38.516439084204535,43.88909529090613,38.516439084204535,43.88909529090613,39.759163223574404,,0.052422685834976494,0.13046873809204396,0.8666666666666667,0.8666666666666667,0.08911793079607097,0.16104436575173162,0.37777777777777777,0.37777777777777777,1.0,1.0,1.0,0.6555555555555556
2026-03-09,LREN3.SA,target_best_entry,equity_br,"baseline_qroll_a0.18_cal(+0.012,0.843)",False,0.18,0.02,0.98,-0.12938317159431603,0.18962084521833275,757,0.5849668979644775,False,-0.3,0.0,-0.1740617696310039,-0.24073345511039268,-0.07634936084593485,-0.24073345511039268,-0.07634936084593485,-0.11543432435996248,,12.19910804063459,11.214367215584142,13.64232036311925,11.214367215584142,13.64232036311925,13.065035434125386,,0.05762246547850749,0.12913747269272685,0.8111111111111111,0.8111111111111111,0.029156112631861623,0.06319149726890047,0.9555555555555556,0.9555555555555556,1.0,1.0,1.0,1.0
2026-03-09,LREN3.SA,target_best_sale,equity_br,"baseline_qroll_a0.88_cal(-0.011,0.812)",False,0.88,0.02,0.98,-0.2727655657999861,0.20856237843513478,757,0.9127547740936279,False,0.0,0.3,0.3,0.08068112608659295,0.4190675485932572,0.08068112608659295,0.3,0.16840867565195577,,19.201000595092776,15.961660726995538,20.95962834231998,15.961660726995538,19.201000595092776,17.257396674234432,,0.13194326954744906,0.2107670694328973,0.9666666666666667,0.36666666666666664,0.04071610683669549,0.08018685692561292,1.0,1.0,0.9666666666666667,0.8888888888888888,1.0,1.0
2026-03-09,LTC-USD,target_best_entry,crypto,"baseline_qroll_a0.12_cal(+0.004,0.799)",False,0.12,0.02,0.98,-0.21795422323898395,0.25636000065679226,757,13.014235019683838,False,-0.26,0.0,-0.26,-0.47562858072022923,0.0,-0.26,0.0,-0.10400000000000001,,38.95100532531738,27.601072898392687,52.63649368286133,38.95100532531738,52.63649368286133,47.16229833984375,,0.09577581522170035,0.26,1.0,0.8666666666666667,0.13482055188753062,0.21795422323898395,0.8777777777777778,0.12222222222222222,1.0,1.0,1.0,0.3111111111111111
2026-03-09,LTC-USD,target_best_sale,crypto,"baseline_qroll_a0.88_cal(+0.000,1.000)",False,0.88,0.02,0.98,-0.23618390336172668,0.15906754859325717,757,0.9872775077819824,False,0.0,0.26,0.26,0.01933109296934188,0.4190675485932572,0.01933109296934188,0.26,0.11559865578160514,,66.32198204040527,53.65401463582489,74.69474005708248,53.65401463582489,66.32198204040527,58.72120159765705,,0.12800477464415497,0.15906754859325717,0.5888888888888889,0.15555555555555556,0.10682406069835601,0.2348253981357826,1.0,0.8111111111111111,0.9777777777777777,0.26666666666666666,1.0,1.0
2026-03-09,MBRF3.SA,target_best_entry,equity_br,"baseline_qroll_a0.12_cal(+0.015,0.809)",False,0.12,0.02,0.98,-0.09784259840971089,0.11685086573534523,757,0.9169137477874756,False,-0.3,0.0,-0.2632826773602401,-0.31891718614648673,-0.19683983321978465,-0.3,-0.19683983321978465,-0.22341697087596682,,13.010427805404017,12.027922388728053,14.183808422786086,12.361999893188475,14.183808422786086,13.71445617583326,,0.044847739049949945,0.0984381215242583,1.0,1.0,0.13589825510058,0.27072524363270095,0.5333333333333333,0.4777777777777778,1.0,1.0,0.5555555555555556,0.6333333333333333
2026-03-09,MBRF3.SA,target_best_sale,equity_br,"baseline_qroll_a0.82_cal(-0.005,0.841)",False,0.82,0.02,0.98,-0.25450889074777744,0.23007727067969666,757,0.7924482822418213,False,0.0,0.3,0.3,0.17492754279039516,0.4130661074646184,0.17492754279039516,0.3,0.22495652567423707,,22.957999801635744,20.749220226398663,24.954747242208384,20.749220226398663,22.957999801635744,21.632732056493495,,0.12638840303277585,0.25846794970251374,0.8777777777777778,0.5555555555555556,0.15033360232624488,0.23988351710904982,0.9555555555555556,0.4,0.9,0.7888888888888889,0.9666666666666667,0.5333333333333333
2026-03-09,MDIA3.SA,target_best_entry,equity_br,"baseline_qroll_a0.08_cal(+0.012,0.815)",False,0.08,0.02,0.98,-0.08402460066916022,0.1491176445303989,757,0.531425952911377,False,-0.2638641818531841,0.0,-0.21466883543699744,-0.256699262718059,-0.14007784345554453,-0.256699262718059,-0.14007784345554453,-0.16991424024812568,,17.897697959382985,16.939824483167584,19.597626734930387,16.939824483167584,19.597626734930387,18.917655224711424,,0.04857359294072133,0.08603011845102691,0.5444444444444444,0.5444444444444444,0.04501737445180773,0.09333693605973861,0.6444444444444445,0.6444444444444445,1.0,0.9444444444444444,1.0,0.9333333333333333
2026-03-09,MDIA3.SA,target_best_sale,equity_br,"baseline_qroll_a0.88_cal(-0.013,0.831)",False,0.88,0.02,0.98,-0.20407382253207926,0.11065387622002489,757,0.587700605392456,False,0.0,0.3,0.2570433875235131,0.1441527240564322,0.3182554986443268,0.1441527240564322,0.3,0.18930898944326457,,28.64801995251846,26.075241628749193,30.043044021003166,26.075241628749193,29.62700119018555,27.104352958256904,,0.061633063036827036,0.13270202946411835,0.6,0.6,0.06540869235842851,0.12835416978139688,0.9222222222222223,0.9222222222222223,0.9888888888888889,0.8666666666666667,0.9777777777777777,0.9666666666666667
2026-03-09,MGLU3.SA,target_best_entry,equity_br,"baseline_ewmgauss_a0.12_cal(+0.005,0.700)",False,0.12,0.02,0.98,-0.21795422323898395,0.26,757,0.8045163154602051,False,-0.26,0.0,-0.26,-0.41977913477917983,-0.06330456255007591,-0.26,-0.06330456255007591,-0.14198273753004556,,6.904199943542481,5.413460628242913,8.739368359943601,6.904199943542481,8.739368359943601,8.005300993383154,,0.04973864231446154,0.10209879198821013,1.0,0.6111111111111112,0.1335467760328957,0.26,0.8222222222222222,0.6777777777777778,1.0,1.0,0.8222222222222222,1.0
2026-03-09,MGLU3.SA,target_best_sale,equity_br,"baseline_qroll_a0.82_cal(-0.005,0.913)",False,0.82,0.02,0.98,-0.23040321442264997,0.2080920264244094,757,0.8969600200653076,False,0.0,0.26,0.26,0.06566648690143215,0.4190675485932572,0.06566648690143215,0.26,0.1433998921408593,,11.75579990386963,9.94266824148646,13.239900120108826,9.94266824148646,11.75579990386963,10.667920906439727,,0.0960282774032583,0.21304603559111213,0.9888888888888889,0.9888888888888889,0.10929732747116283,0.1656693737053368,0.9888888888888889,0.4222222222222222,0.9888888888888889,1.0,0.9888888888888889,0.6222222222222222
2026-03-09,MULT3.SA,target_best_entry,equity_br,"baseline_qroll_a0.12_cal(+0.005,0.813)",False,0.12,0.02,0.98,-0.06910979386444988,0.1284877053235886,757,0.6222574710845947,False,-0.22380009867502015,0.0,-0.16886470226134054,-0.21754701081408415,-0.07835541600785406,-0.21754701081408415,-0.07835541600785406,-0.11455913050924865,,26.53815031043776,24.983724183491997,29.428111848132826,24.983724183491997,29.428111848132826,28.2721272330548,,0.025429142101416443,0.053611995579180186,0.9888888888888889,0.9888888888888889,0.027115826233615376,0.04250777758095144,0.8222222222222222,0.8222222222222222,1.0,1.0,1.0,1.0
2026-03-09,MULT3.SA,target_best_sale,equity_br,"baseline_ewmgauss_a0.82_cal(+0.007,0.700)",False,0.82,0.02,0.98,-0.1290867583390739,0.1349763571396745,757,0.9598937034606934,False,0.0,0.3,0.13488327344204826,0.0,0.28155361154740055,0.0,0.28155361154740055,0.0539533093768193,,36.23682326734349,31.93000030517578,40.92000720780762,31.93000030517578,40.92000720780762,33.65272949004286,,0.0545011024649029,0.0878311037698094,1.0,1.0,0.051091267937601575,0.11115474908922238,0.9777777777777777,0.9777777777777777,1.0,1.0,1.0,1.0
2026-03-09,MXN=X,target_best_entry,fx,"baseline_qroll_a0.12_cal(-0.002,0.700)",False,0.12,0.02,0.98,-0.033523654563969954,0.03296921126911869,757,1.076204776763916,False,-0.11020648778704782,0.0,-0.050171720440615485,-0.10462759876487168,0.0,-0.10462759876487168,0.0,-0.020068688176246196,,17.08959538620142,16.109808884799854,17.992300033569336,16.109808884799854,17.992300033569336,17.63121817462217,,0.017993154959858867,0.04100999600703855,0.9111111111111111,0.9111111111111111,0.013146824936801107,0.03722133982031599,0.8,0.8,1.0,0.9666666666666667,1.0,0.8888888888888888
2026-03-09,MXN=X,target_best_sale,fx,"baseline_qroll_a0.88_cal(-0.002,0.729)",False,0.88,0.02,0.98,-0.055095353599927545,0.07375430141765141,757,0.5350942611694336,False,0.0,0.15,0.08004148507794065,0.03554314990965685,0.1396099134506301,0.03554314990965685,0.1396099134506301,0.05334248397697037,,19.432430448224107,18.631803050882013,20.50420348403372,18.631803050882013,20.50420348403372,18.95205400981885,,0.02031367466971114,0.03472693106402769,0.8333333333333334,0.8333333333333334,0.006635876286882883,0.012748292791642513,1.0,1.0,1.0,1.0,1.0,1.0
2026-03-09,MXRF11.SA,target_best_entry,equity_br,"baseline_qroll_a0.12_cal(-0.002,0.700)",False,0.12,0.02,0.98,-0.03313336058866383,0.03364163212526938,757,1.1109602451324463,False,-0.06552110500848458,0.0,-0.048076247738768264,-0.08875200778903397,-0.006776514427232427,-0.06552110500848458,-0.006776514427232427,-0.023296407751846764,,9.224140759968233,8.829992662149385,9.624335158426957,9.055100100344834,9.624335158426957,9.464257399043468,,0.0060346946665074145,0.019038693155883017,0.9444444444444444,0.9444444444444444,0.006596595053983265,0.01231539415203644,1.0,1.0,1.0,0.9666666666666667,1.0,1.0
2026-03-09,MXRF11.SA,target_best_sale,equity_br,"baseline_qroll_a0.88_cal(+0.002,0.700)",False,0.88,0.02,0.98,-0.04286974974525712,0.034316263837785924,757,1.2763612270355225,False,0.0,0.09676504498777631,0.06309027946405589,0.0026263702312598475,0.11149026953225369,0.0026263702312598475,0.09676504498777631,0.026811933924378265,,10.301344361916268,9.71544910682214,10.77034024536766,9.71544910682214,10.627652825710625,9.94980720885979,,0.017015684238559998,0.02976630429298226,0.8555555555555555,0.8555555555555555,0.019486928861732068,0.03430734715780615,1.0,1.0,1.0,1.0,1.0,1.0
2026-03-09,NEOE3.SA,target_best_entry,equity_br,"baseline_qroll_a0.12_cal(-0.009,0.700)",False,0.12,0.02,0.98,-0.10970880222383572,0.060195957794748574,757,0.6506459712982178,False,-0.07141974487312153,0.0,-0.07141974487312153,-0.10354146045542278,-0.05379492903070571,-0.07141974487312153,-0.05379492903070571,-0.060844855367672035,,30.541004024362625,29.484520818466276,31.120684206662347,30.541004024362625,31.120684206662347,30.888812133742455,,0.016964915478209417,0.03444135135890515,0.9666666666666667,0.9333333333333333,0.0331409397931416,0.05407387018700249,0.45555555555555555,0.2777777777777778,1.0,1.0,0.6555555555555556,0.8888888888888888
2026-03-09,NEOE3.SA,target_best_sale,equity_br,"baseline_qroll_a0.88_cal(+0.005,0.700)",False,0.88,0.02,0.98,-0.23393552513201246,0.12456494936029198,757,0.8608260154724121,False,0.0,0.3,0.12325156900093301,0.03263156531135654,0.17150450606233733,0.03263156531135654,0.17150450606233733,0.06887956678718712,,36.94374341886234,33.96325155282222,38.53078248936067,33.96325155282222,38.53078248936067,35.15544829923827,,0.05675051036079045,0.10724782629113638,1.0,0.8666666666666667,0.04093353483747859,0.0917333181371713,0.9888888888888889,0.9888888888888889,1.0,1.0,1.0,1.0
2026-03-09,NG=F,target_best_entry,future,"baseline_ewmgauss_a0.18_cal(+0.003,0.700)",False,0.18,0.02,0.98,-0.20858110339472619,0.25583680992637037,757,0.5251991748809814,False,-0.26,0.0,-0.22304613812584764,-0.4230038797216299,0.0,-0.26,0.0,-0.08921845525033906,,2.475375088400597,1.8383097019372545,3.186000108718872,2.3576400804519655,3.186000108718872,2.901750100591562,,0.06737900604961289,0.2010256544799221,0.8666666666666667,0.6444444444444445,0.14300500330656168,0.21480474888161002,0.4,0.2222222222222222,0.8888888888888888,0.9777777777777777,0.6444444444444445,0.6111111111111112
2026-03-09,NG=F,target_best_sale,future,"baseline_qroll_a0.82_cal(-0.010,0.883)",False,0.82,0.02,0.98,-0.22243696964718163,0.1689335280699167,757,0.8482439517974854,False,0.0,0.26,0.26,0.0,0.4190675485932572,0.0,0.26,0.10400000000000001,,4.014360136985779,3.186000108718872,4.521149364097541,3.186000108718872,4.014360136985779,3.5173441200256352,,0.1019976154458864,0.20001998728513404,0.8111111111111111,0.6444444444444445,0.1590675485932571,0.15906754859325717,0.36666666666666664,0.0,0.8444444444444444,0.8666666666666667,0.7666666666666667,0.0
2026-03-09,ODPV3.SA,target_best_entry,equity_br,"baseline_qroll_a0.15_cal(-0.003,0.726)",False,0.15,0.02,0.98,-0.07579557232051923,0.09801222663085246,757,0.7044205665588379,False,-0.24466956914638976,0.0,-0.13106737732539558,-0.219681073128082,-0.016479870829860174,-0.219681073128082,-0.016479870829860174,-0.06231487342807434,,11.904376764906335,10.690369149311252,13.474225582039338,10.690369149311252,13.474225582039338,12.846286055186138,,0.02390450060440575,0.05707768591467265,0.9444444444444444,0.9444444444444444,0.04639074781134593,0.0777155311013487,0.6888888888888889,0.6888888888888889,1.0,1.0,1.0,0.8888888888888888
2026-03-09,ODPV3.SA,target_best_sale,equity_br,"baseline_qroll_a0.90_cal(-0.011,0.795)",False,0.9,0.02,0.98,-0.13592335637821576,0.0967714824460663,757,0.6599102020263672,False,0.0,0.3,0.22595998412149274,0.07709110492183269,0.33194811238805116,0.07709110492183269,0.3,0.13663865660169672,,16.79565154863114,14.756147931990284,18.247688885667362,14.756147931990284,17.80999975204468,15.571949378646625,,0.05544739528068078,0.10385390314193495,0.5333333333333333,0.5333333333333333,0.07741678789997701,0.32811580297810605,0.5888888888888889,0.5888888888888889,0.9555555555555556,0.7222222222222222,0.7777777777777778,0.7888888888888889
2026-03-09,PETR4.SA,target_best_entry,equity_br,"baseline_qroll_a0.15_cal(+0.021,0.920)",False,0.15,0.02,0.98,-0.07534377060451536,0.12519112270892502,757,0.9721486568450928,False,-0.23193082504277873,0.0,-0.21506639514368514,-0.23193082504277873,-0.06691146416651397,-0.23193082504277873,-0.06691146416651397,-0.12617343655738245,,33.877734265827186,33.149865473955614,40.27210106419525,33.149865473955614,40.27210106419525,37.71435434484802,,0.0673346668354925,0.13347791076230728,1.0,1.0,0.020238124588695207,0.03919558752694477,1.0,1.0,1.0,1.0,1.0,1.0
2026-03-09,PETR4.SA,target_best_sale,equity_br,"baseline_qroll_a0.85_cal(-0.021,0.855)",False,0.85,0.02,0.98,-0.12576099967048587,0.11139015995000599,757,0.5019626617431641,False,0.0,0.26,0.26,0.18315293410826666,0.3280656720588849,0.18315293410826666,0.26,0.21389176046496,,54.381599807739256,51.06488045557798,57.31931420341474,51.06488045557798,54.381599807739256,52.391568196442485,,0.031523445709683975,0.06569885280696186,0.9666666666666667,0.9666666666666667,0.07288561802555857,0.18770008662383286,0.37777777777777777,0.37777777777777777,1.0,1.0,0.6888888888888889,0.5888888888888889
2026-03-09,POMO4.SA,target_best_entry,equity_br,"baseline_qroll_a0.12_cal(+0.008,0.738)",False,0.12,0.02,0.98,-0.10191340403378639,0.14441877564099062,757,1.031857967376709,False,-0.22,0.0,-0.1940915206631902,-0.2962674895865495,-0.04930067129708027,-0.22,-0.04930067129708027,-0.10721701104352424,,5.10945988196725,4.461664223402335,6.027433889041716,4.945200119018555,6.027433889041716,5.660244286211929,,0.08094567018431287,0.17213877788699247,0.9666666666666667,0.9666666666666667,0.07801582174838727,0.16449271304358443,0.8222222222222222,0.5666666666666667,1.0,1.0,0.9777777777777777,0.8777777777777778
2026-03-09,POMO4.SA,target_best_sale,equity_br,"baseline_ewmgauss_a0.85_cal(-0.005,0.700)",False,0.85,0.02,0.98,-0.20617629044264787,0.19906754859325718,757,0.8950908184051514,False,0.0,0.22,0.20109020503033012,0.021780680549424197,0.37421732552125675,0.021780680549424197,0.22,0.09350449034178657,,7.614912083164113,6.478089670594708,8.712538053493692,6.478089670594708,7.734800186157226,6.93281863562247,,0.0962198436699094,0.2017030783579628,0.9888888888888889,0.12222222222222222,0.11576956639584156,0.2001918616466296,0.4777777777777778,0.3888888888888889,0.9888888888888889,0.4,0.4777777777777778,0.9333333333333333
2026-03-09,PRIO3.SA,target_best_entry,equity_br,"baseline_ewmgauss_a0.18_cal(-0.022,0.700)",False,0.18,0.02,0.98,-0.07500235257273792,0.1492475469041614,757,0.6086940765380859,False,-0.28371118686627916,0.0,-0.13784002416075775,-0.1974784902423823,-0.019165149860283837,-0.1974784902423823,-0.019165149860283837,-0.0666350995804734,,51.47095121537862,47.9105347448051,58.55584130165866,47.9105347448051,58.55584130165866,55.72188526714665,,0.08056115231887498,0.14541501556058067,0.8111111111111111,0.8111111111111111,0.08632420244179745,0.13536369681455465,0.2777777777777778,0.2777777777777778,1.0,1.0,0.6111111111111112,0.9666666666666667
2026-03-09,PRIO3.SA,target_best_sale,equity_br,"baseline_ewmgauss_a0.90_cal(+0.015,0.700)",False,0.9,0.02,0.98,-0.26016052953162333,0.13787513667057424,757,0.6716744899749756,False,0.0,0.3,0.23248757178160948,0.00421550791490552,0.3534630405060849,0.00421550791490552,0.3,0.0955243334615871,,73.57950897567548,59.951666588675494,80.80174455082361,59.951666588675494,77.6100009918213,65.40280354347549,,0.08496236890966367,0.16554198602436374,0.8222222222222222,0.7,0.14092096919919236,0.22276091347468638,0.2,0.2,1.0,0.9777777777777777,0.9333333333333333,0.4666666666666667
2026-03-09,PSSA3.SA,target_best_entry,equity_br,"baseline_qroll_a0.15_cal(+0.011,0.826)",False,0.15,0.02,0.98,-0.052524395175987046,0.0712134501722865,757,0.5462627410888672,False,-0.21117926110253635,0.0,-0.14007405528172426,-0.1708079892973755,-0.09840447543623312,-0.1708079892973755,-0.09840447543623312,-0.11507230737442958,,42.33415386483786,40.82112230731622,44.38554726155657,40.82112230731622,44.38554726155657,43.56498990286909,,0.018229816321312722,0.03810147926560877,0.9444444444444444,0.9444444444444444,0.031008533911019785,0.06382555741252553,0.6111111111111112,0.6111111111111112,1.0,0.9888888888888889,0.9444444444444444,1.0
2026-03-09,PSSA3.SA,target_best_sale,equity_br,"baseline_qroll_a0.88_cal(-0.006,0.763)",False,0.88,0.02,0.98,-0.19922716573022844,0.13471353453510793,757,0.9911093711853027,False,0.0,0.3,0.2308447538299178,0.01933731134718991,0.37386197265594523,0.01933731134718991,0.3,0.10394028834028107,,60.594486667610845,50.18197537100657,67.6352242849481,50.18197537100657,63.99899940490723,54.34697988964828,,0.10450161351719643,0.19935289419481905,1.0,0.4111111111111111,0.037833771150593776,0.10721681014864859,1.0,1.0,1.0,0.7555555555555555,1.0,1.0
2026-03-09,RADL3.SA,target_best_entry,equity_br,"baseline_ewmgauss_a0.10_cal(-0.030,0.700)",False,0.1,0.02,0.98,-0.1271105449867938,0.12621074507825555,757,13.083512306213379,False,-0.2566363957229072,0.0,-0.19710313774272084,-0.2566363957229072,0.0,-0.2566363957229072,0.0,-0.07884125509708834,,18.996539638494887,17.58798276376773,23.65999984741211,17.58798276376773,23.65999984741211,21.794615763845222,,0.10863589087219563,0.15523609371279742,0.4444444444444444,0.4444444444444444,0.16527984215566982,0.2013654867778773,1.0,1.0,1.0,0.8666666666666667,1.0,1.0
2026-03-09,RADL3.SA,target_best_sale,equity_br,"baseline_qroll_a0.90_cal(-0.030,0.924)",False,0.9,0.02,0.98,-0.20057307716060868,0.1134377324959219,757,1.164477825164795,False,0.0,0.3,0.3,0.11074319842689362,0.4070376081067582,0.11074319842689362,0.3,0.18644591905613617,,30.757999801635744,26.28018390529434,33.290509593109,26.28018390529434,30.757999801635744,28.0713102638309,,0.1062834978186155,0.20929368772034776,1.0,0.8777777777777778,0.08189460908780977,0.12957430893104863,0.9666666666666667,0.36666666666666664,1.0,1.0,0.9666666666666667,0.7666666666666667
2026-03-09,RAIL3.SA,target_best_entry,equity_br,"baseline_qroll_a0.15_cal(+0.030,1.148)",False,0.15,0.02,0.98,-0.07120795497646878,0.10560573654010988,757,0.9085373878479004,False,-0.26039983909735337,0.0,-0.19973378414222404,-0.26039983909735337,-0.10891549143778809,-0.26039983909735337,-0.10891549143778809,-0.14524280851956248,,12.756243144967883,11.789226254439608,14.203886692567718,11.789226254439608,14.203886692567718,13.624829273527782,,0.04307011255932894,0.10169843529334427,0.9333333333333333,0.9333333333333333,0.03846116721563494,0.12690252193058585,0.9111111111111111,0.9111111111111111,1.0,1.0,1.0,1.0
2026-03-09,RAIL3.SA,target_best_sale,equity_br,"baseline_ewmgauss_a0.88_cal(-0.000,0.700)",False,0.88,0.02,0.98,-0.12754775149291436,0.10157379173077773,757,0.6870837211608887,False,0.0,0.3,0.11835064921534769,0.035398912027232984,0.18441000642259603,0.035398912027232984,0.18441000642259603,0.06857960690247887,,17.826508879214035,16.50425822324342,18.87949500537796,16.50425822324342,18.87949500537796,17.033158485631667,,0.05345039724470067,0.09390530504252269,0.8888888888888888,0.8888888888888888,0.029170730802471265,0.08621713443537304,0.9888888888888889,0.9888888888888889,1.0,0.9777777777777777,1.0,1.0
2026-03-09,RANI3.SA,target_best_entry,equity_br,"baseline_qroll_a0.10_cal(+0.024,0.940)",False,0.1,0.02,0.98,-0.07844147252782167,0.09189959625853997,757,0.7253439426422119,False,-0.19393743586744214,0.0,-0.19393743586744214,-0.19393743586744214,-0.13488811578844467,-0.19393743586744214,-0.13488811578844467,-0.15850784382004365,,7.891352472108895,7.891352472108895,8.469445313429727,7.891352472108895,8.469445313429727,8.238208176901393,,0.019757705258271818,0.062066185113554294,0.9444444444444444,0.9444444444444444,0.016891414986777542,0.03257799193452697,1.0,1.0,1.0,0.9777777777777777,1.0,1.0
2026-03-09,RANI3.SA,target_best_sale,equity_br,"baseline_qroll_a0.88_cal(-0.022,0.933)",False,0.88,0.02,0.98,-0.19470133442668264,0.19906754859325718,757,0.5512394905090332,False,0.0,0.22,0.22,0.12492495054161099,0.31720712538409,0.12492495054161099,0.22,0.16295497032496659,,11.943799953460694,11.01301522288989,12.895457707262777,11.01301522288989,11.943799953460694,11.385329115118212,,0.059955924883984976,0.1393431359078023,0.7666666666666667,0.7333333333333333,0.0689637349701676,0.13513184340007164,0.7888888888888889,0.7888888888888889,0.9888888888888889,1.0,0.9444444444444444,1.0
2026-03-09,RBRF11.SA,target_best_entry,equity_br,"baseline_qroll_a0.12_cal(-0.000,0.772)",False,0.12,0.02,0.98,-0.07072026749452907,0.06831578211527486,757,0.6293954849243164,False,-0.0864678234951409,0.0,-0.07451006698262655,-0.09454002465678997,-0.05516112681703424,-0.0864678234951409,-0.05516112681703424,-0.06290070288327115,,6.154508142827131,6.021308922383739,6.283178596773579,6.07498906087853,6.283178596773579,6.231710415195001,,0.015375042481706869,0.034803775438822,0.9666666666666667,0.9555555555555556,0.011324150312312108,0.017168099986092176,1.0,1.0,1.0,0.9777777777777777,1.0,1.0
2026-03-09,RBRF11.SA,target_best_sale,equity_br,"baseline_qroll_a0.82_cal(+0.001,0.700)",False,0.82,0.02,0.98,-0.08204851778828662,0.0918728605294048,757,0.7131590843200684,False,0.0,0.15203733761268817,0.04592392432730129,0.019592783710230294,0.07540790861735834,0.019592783710230294,0.07540790861735834,0.030125239957058694,,6.955394196523632,6.780292108908977,7.151462694864323,6.780292108908977,7.151462694864323,6.850332943954839,,0.03430042889257308,0.06587471935873362,0.6777777777777778,0.6777777777777778,0.013029936639671034,0.03787448940196442,1.0,1.0,0.9888888888888889,1.0,1.0,1.0
2026-03-09,RBRP11.SA,target_best_entry,equity_br,"baseline_qroll_a0.12_cal(-0.000,0.806)",False,0.12,0.02,0.98,-0.16826265081701727,0.04256603759485146,757,0.7493281364440918,False,-0.052440277667099515,0.0,-0.052440277667099515,-0.15512029727924337,-0.026464925716869984,-0.052440277667099515,-0.026464925716869984,-0.0368550664969618,,49.9837753530605,44.56740431851991,51.353975168435106,49.9837753530605,51.353975168435106,50.80589524228527,,0.016845488343446804,0.035939164264219677,0.9666666666666667,0.9111111111111111,0.01318450516236126,0.025202752474454075,0.8777777777777778,0.8555555555555555,1.0,1.0,1.0,0.9888888888888889
2026-03-09,RBRP11.SA,target_best_sale,equity_br,"baseline_ewmgauss_a0.82_cal(+0.000,0.700)",False,0.82,0.02,0.98,-0.1384961281332711,0.2116723553889005,757,0.6031448841094971,False,0.0,0.2607046915314988,0.11603986591601485,0.04801221774528554,0.22001080513252044,0.04801221774528554,0.22001080513252044,0.07522327701357727,,58.871102927069785,55.28264448606381,64.35556997074046,55.28264448606381,64.35556997074046,56.7180278624662,,0.05744218619374837,0.08461707409911462,0.9333333333333333,0.9333333333333333,0.016697130047922674,0.04284322414780657,0.9888888888888889,0.9888888888888889,1.0,1.0,1.0,1.0
2026-03-09,RCRB11.SA,target_best_entry,equity_br,"baseline_qroll_a0.18_cal(-0.006,0.811)",False,0.18,0.02,0.98,-0.062129922922242786,0.07060043997962383,757,0.9167385101318359,False,-0.09451207913496805,0.0,-0.0542095614726027,-0.10943071026175782,0.0,-0.09451207913496805,0.0,-0.021683824589041084,,133.44156950824245,125.65041782780645,141.08999633789062,127.75528743885155,141.08999633789062,138.03062560603135,,0.023230817133172814,0.047243860178155905,1.0,0.9777777777777777,0.013448461875292021,0.03209003138454846,1.0,1.0,1.0,1.0,1.0,1.0
2026-03-09,RCRB11.SA,target_best_sale,equity_br,"baseline_qroll_a0.82_cal(+0.012,0.700)",False,0.82,0.02,0.98,-0.08804580032851372,0.09686205533146167,757,0.821526050567627,False,0.0,0.14058311273116814,0.05791285033196882,0.0,0.13506253699184304,0.0,0.13506253699184304,0.02316514013278753,,149.2609201791449,141.08999633789062,160.14596918745596,141.08999633789062,160.14596918745596,144.35836587439232,,0.03822440436807601,0.09501371020769146,0.7777777777777778,0.7333333333333333,0.03715030528895558,0.08028627783910429,0.7555555555555555,0.2777777777777778,0.8444444444444444,1.0,0.8666666666666667,0.4444444444444444
2026-03-09,RENT3.SA,target_best_entry,equity_br,"baseline_qroll_a0.08_cal(+0.015,0.780)",False,0.08,0.02,0.98,-0.10589833716678186,0.1478956277905809,757,1.0373954772949219,False,-0.3,0.0,-0.21586842919262061,-0.3212553941507112,-0.044074582785884525,-0.3,-0.044074582785884525,-0.11279212134857897,,35.936751325889986,31.106866528891395,43.81006362127463,32.08100128173828,43.81006362127463,40.66073870312077,,0.06382816737299671,0.09542219983444408,0.9444444444444444,0.9444444444444444,0.044046605107380274,0.08221164288727989,0.9666666666666667,0.9666666666666667,1.0,1.0,1.0,1.0
2026-03-09,RENT3.SA,target_best_sale,equity_br,"baseline_ewmgauss_a0.88_cal(-0.030,0.763)",False,0.88,0.02,0.98,-0.14968113875492944,0.269180558797179,757,1.5214602947235107,False,0.0,0.3,0.20086650341474654,0.0,0.4190675485932572,0.0,0.3,0.08034660136589862,,55.03571405035007,45.83000183105469,65.03586835041926,45.83000183105469,59.579002380371094,49.51228671877284,,0.1092122498574726,0.19434361479744658,1.0,0.8222222222222222,0.07468281224211393,0.16336416493774472,1.0,0.7888888888888889,1.0,0.9,1.0,0.9666666666666667
2026-03-09,SANB11.SA,target_best_entry,equity_br,"baseline_qroll_a0.12_cal(+0.005,0.780)",False,0.12,0.02,0.98,-0.0694080747642139,0.08674568625084844,757,0.872356653213501,False,-0.18627796950939993,0.0,-0.13917140864483224,-0.18627796950939993,-0.03391070365526136,-0.18627796950939993,-0.03391070365526136,-0.07601498565108972,,27.133317593570943,25.6485187735561,30.451135063026744,25.6485187735561,30.451135063026744,29.124008075244426,,0.026215785851402253,0.0633595780349992,0.8777777777777778,0.8777777777777778,0.02709583968010242,0.050242200061354714,1.0,1.0,1.0,1.0,1.0,1.0
2026-03-09,SANB11.SA,target_best_sale,equity_br,"baseline_qroll_a0.88_cal(+0.007,0.733)",False,0.88,0.02,0.98,-0.13158031666689998,0.08780766307168633,757,0.7929623126983643,False,0.0,0.3,0.20838569777339974,0.06325215928399439,0.3052378499105676,0.06325215928399439,0.3,0.12130557467975653,,38.088317746972635,33.513708547349715,41.141097626671566,33.513708547349715,40.97600059509278,35.34355222719888,,0.05955757971165987,0.11421663403379381,0.6555555555555556,0.6555555555555556,0.05036036084952865,0.08969016515504377,0.8111111111111111,0.8111111111111111,1.0,1.0,1.0,0.9888888888888889
2026-03-09,SB=F,target_best_entry,future,"baseline_qroll_a0.15_cal(+0.017,0.874)",False,0.15,0.02,0.98,-0.1055713762791421,0.16986665298502857,757,0.9673120975494385,False,-0.2467115406994677,0.0,-0.18002417942950386,-0.2467115406994677,-0.019735991565596744,-0.2467115406994677,-0.019735991565596744,-0.0838512667111596,,11.561659382839947,10.621367563494248,13.821722892866129,10.621367563494248,13.821722892866129,12.917697488855657,,0.025203264586505583,0.05935217424431947,0.9666666666666667,0.9666666666666667,0.028315721802762213,0.09419339455840835,1.0,1.0,1.0,1.0,1.0,1.0
2026-03-09,SB=F,target_best_sale,future,"baseline_qroll_a0.85_cal(-0.013,0.831)",False,0.85,0.02,0.98,-0.20585051964713505,0.11753327690177251,757,0.5465314388275146,False,0.0,0.28,0.20321909791315915,0.09347178711180985,0.2658808832307334,0.09347178711180985,0.2658808832307334,0.13737071143234958,,16.965389739567204,15.417952615402902,17.848920936448575,15.417952615402902,17.848920936448575,16.036927465068626,,0.02782500425082527,0.07912991173192098,1.0,1.0,0.025421479663051662,0.0458221818494147,0.9666666666666667,0.9666666666666667,1.0,1.0,1.0,1.0
2026-03-09,SBSP3.SA,target_best_entry,equity_br,"baseline_qroll_a0.12_cal(+0.007,0.739)",False,0.12,0.02,0.98,-0.06365881281389049,0.06882382075860409,757,0.8001937866210938,False,-0.249653602543145,0.0,-0.1561026159862602,-0.206779491285179,-0.10131403247347003,-0.206779491285179,-0.10131403247347003,-0.1232294658785861,,123.20901806600601,115.81019427236386,131.2081512588734,115.81019427236386,131.2081512588734,128.00849798172644,,0.022954297187664792,0.04916629387157251,0.9777777777777777,0.9777777777777777,0.02396897192598718,0.05204128785644851,0.8888888888888888,0.8888888888888888,1.0,1.0,1.0,0.9666666666666667
2026-03-09,SBSP3.SA,target_best_sale,equity_br,"baseline_qroll_a0.88_cal(-0.008,0.769)",False,0.88,0.02,0.98,-0.17633448667896762,0.13811705999566243,757,0.8079860210418701,False,0.0,0.3,0.2306088470402974,0.08886728196838806,0.3416303982729698,0.08886728196838806,0.3,0.1455639079971518,,179.66889166788343,158.97462316738464,195.8780381478536,158.97462316738464,189.8,167.25233056758415,,0.06650621505832856,0.14302518748488102,0.9444444444444444,0.9444444444444444,0.037386349247874394,0.08054053029882893,0.9777777777777777,0.9777777777777777,1.0,1.0,1.0,1.0
2026-03-09,SEK=X,target_best_entry,fx,"baseline_qroll_a0.12_cal(+0.005,0.820)",False,0.12,0.02,0.98,-0.07125678224040714,0.0577682018130796,757,25.0,False,-0.08870503061780351,0.0,-0.06351953738346762,-0.08870503061780351,0.0,-0.08870503061780351,0.0,-0.02540781495338705,,8.635464700903228,8.40322447114736,9.221190452575684,8.40322447114736,9.221190452575684,8.9869001519067,,0.027190431504150785,0.05161063056620803,0.7777777777777778,0.7777777777777778,0.015639147468080653,0.035045072790555444,1.0,1.0,1.0,1.0,1.0,1.0
2026-03-09,SEK=X,target_best_sale,fx,"baseline_qroll_a0.88_cal(-0.006,0.833)",False,0.88,0.02,0.98,-0.05430591340813826,0.04735525730214673,757,0.500023365020752,False,0.0,0.15,0.08023442698474742,0.04737566551821383,0.10888757000773865,0.04737566551821383,0.10888757000773865,0.06051917010482727,,9.961047384655318,9.658050487136656,10.225263473535211,9.658050487136656,10.225263473535211,9.77924924614412,,0.008602987898487366,0.022385223306738655,1.0,1.0,0.007029701168182228,0.015383524063379304,0.9888888888888889,0.9888888888888889,1.0,1.0,1.0,1.0
2026-03-09,SI=F,target_best_entry,future,"baseline_qroll_a0.12_cal(+0.015,0.776)",False,0.12,0.02,0.98,-0.08564442576686783,0.11182614570062195,757,0.9501972198486328,False,-0.26130353492686936,0.0,-0.13089499884521058,-0.26130353492686936,0.0,-0.26130353492686936,0.0,-0.05235799953808423,,72.84490642121457,61.9145843142496,83.81600189208984,61.9145843142496,83.81600189208984,79.42756370373974,,0.07402229698440695,0.12038749491223853,0.9111111111111111,0.9111111111111111,0.022404143065259646,0.07253411059398342,0.9777777777777777,0.9777777777777777,1.0,1.0,0.9888888888888889,0.9888888888888889
2026-03-09,SI=F,target_best_sale,future,"baseline_qroll_a0.92_cal(-0.019,0.830)",False,0.92,0.02,0.98,-0.1619324338006494,0.13906754859325715,757,0.500023365020752,False,0.0,0.28,0.28,0.13912322513499076,0.4009849520221468,0.13912322513499076,0.28,0.19547393508099448,,107.284482421875,95.47675439323787,117.42495738947764,95.47675439323787,107.284482421875,100.19984560469273,,0.02860707960190735,0.15450699134235754,0.9,0.9,0.13906754859325712,0.13906754859325715,0.0,0.0,0.9444444444444444,0.9333333333333333,0.0,0.0
2026-03-09,SLCE3.SA,target_best_entry,equity_br,"baseline_qroll_a0.12_cal(+0.006,0.769)",False,0.12,0.02,0.98,-0.0713182060402385,0.06621851604333436,757,0.5992896556854248,False,-0.22,0.0,-0.1585228705260132,-0.20775377745193702,-0.11281227597932952,-0.20775377745193702,-0.11281227597932952,-0.13109651379800297,,14.094741918689278,13.270124227680055,14.86039437734623,13.270124227680055,14.86039437734623,14.55413339388345,,0.026324521797681674,0.050288603115782204,0.9333333333333333,0.9333333333333333,0.03434897195031476,0.06342967952264174,0.4666666666666667,0.4666666666666667,1.0,0.9888888888888889,0.7111111111111111,0.9888888888888889
2026-03-09,SLCE3.SA,target_best_sale,equity_br,"baseline_qroll_a0.88_cal(-0.013,0.864)",False,0.88,0.02,0.98,-0.17530666768093844,0.07520606671179116,757,0.5031075477600098,False,0.0,0.22,0.22,0.11840790600751464,0.2635827222048107,0.11840790600751464,0.22,0.1590447436045088,,20.435,18.73333242562587,21.16501059693058,18.73333242562587,20.435,19.413999455375524,,0.049536966838960673,0.10179109595342671,0.9777777777777777,0.9777777777777777,0.0439483456966205,0.07825221215286537,0.24444444444444444,0.24444444444444444,1.0,1.0,0.9444444444444444,0.6222222222222222
2026-03-09,SMTO3.SA,target_best_entry,equity_br,"baseline_qroll_a0.12_cal(+0.002,0.781)",False,0.12,0.02,0.98,-0.1101370817202163,0.09982453171908504,757,0.500023365020752,False,-0.2602361467278141,0.0,-0.198169081196133,-0.2602361467278141,-0.1313143185316033,-0.2602361467278141,-0.1313143185316033,-0.15805622359741517,,15.138567074093723,13.966740928944338,16.400784937093295,13.966740928944338,16.400784937093295,15.895897791893464,,0.025297788504980392,0.06119204600968957,0.9888888888888889,0.9888888888888889,0.09399699281241228,0.17238425964950999,0.12222222222222222,0.12222222222222222,1.0,1.0,0.4,0.5333333333333333
2026-03-09,SMTO3.SA,target_best_sale,equity_br,"baseline_qroll_a0.85_cal(-0.008,0.794)",False,0.85,0.02,0.98,-0.20861851723847452,0.1038251155822926,757,0.500023365020752,False,0.0,0.3,0.22080686129086524,0.08109028844830202,0.2903409060926449,0.08109028844830202,0.2903409060926449,0.13697691758532732,,23.04883251662965,20.410983738616864,24.361635224131952,20.410983738616864,24.361635224131952,21.466123249821976,,0.03888556630461691,0.0704953702914036,0.9444444444444444,0.9444444444444444,0.08234743902722474,0.20333611194665158,0.4111111111111111,0.4111111111111111,1.0,0.9666666666666667,0.8,0.5888888888888889
2026-03-09,SUZB3.SA,target_best_entry,equity_br,"baseline_qroll_a0.12_cal(-0.000,0.730)",False,0.12,0.02,0.98,-0.09185530462615547,0.1603040385863348,757,0.5860650539398193,False,-0.293673879100909,0.0,-0.1251727033148095,-0.2048165555621465,0.0,-0.2048165555621465,0.0,-0.0500690813259238,,48.045513532094034,43.67147331250254,54.91999816894531,43.67147331250254,54.91999816894531,52.1702043142048,,0.044163346326511484,0.09198606765684661,0.9444444444444444,0.9444444444444444,0.034387216075814714,0.062278341591339735,1.0,1.0,1.0,1.0,1.0,1.0
2026-03-09,SUZB3.SA,target_best_sale,equity_br,"baseline_qroll_a0.88_cal(-0.000,0.801)",False,0.88,0.02,0.98,-0.10697966093015954,0.175432494102425,757,0.500023365020752,False,0.0,0.11607062829395923,0.11607062829395923,0.036931054720598405,0.24584906144155388,0.036931054720598405,0.11607062829395923,0.06858688414994274,,61.29459686231788,56.94825162657779,68.42202817315237,56.94825162657779,61.29459686231788,58.68678972087384,,0.02616047541670023,0.05762290493871634,1.0,0.9555555555555556,0.06294785600154926,0.1602652548309795,0.6666666666666666,0.4111111111111111,1.0,1.0,0.6444444444444445,0.6
2026-03-09,SYNE3.SA,target_best_entry,equity_br,"baseline_qroll_a0.18_cal(+0.012,0.824)",False,0.18,0.02,0.98,-0.257954223238984,0.12120970213820684,757,0.7515945434570312,False,-0.22,0.0,-0.16135114765780434,-0.2876848528057736,-0.10198840267644127,-0.22,-0.10198840267644127,-0.1257335006689865,,3.899717243370997,3.3122655023848186,4.175754013195608,3.6270000743865967,4.175754013195608,4.065339305265764,,0.04056140646634188,0.07953830501593345,0.7888888888888889,0.7888888888888889,0.02205572367317182,0.046469986523400265,1.0,1.0,1.0,1.0,1.0,1.0
2026-03-09,SYNE3.SA,target_best_sale,equity_br,"baseline_qroll_a0.88_cal(-0.023,0.875)",False,0.88,0.02,0.98,-0.12844859945016338,0.19906754859325718,757,1.8536174297332764,False,0.0,0.22,0.22,0.06485333298291948,0.4190675485932572,0.06485333298291948,0.22,0.1269119997897517,,5.673000116348266,4.951568099922903,6.598664236291473,4.951568099922903,5.673000116348266,5.240140906493048,,0.12577563137401804,0.19906754859325718,0.8111111111111111,0.14444444444444443,0.04326562094677501,0.0973179130458718,1.0,0.9555555555555556,0.5111111111111111,0.2222222222222222,1.0,1.0
2026-03-09,TAEE11.SA,target_best_entry,equity_br,"baseline_qroll_a0.12_cal(+0.007,0.862)",False,0.12,0.02,0.98,-0.032402223899126684,0.05136653295639346,757,0.8263275623321533,False,-0.1372456396753955,0.0,-0.1250468028068375,-0.1372456396753955,-0.07057783553895929,-0.1372456396753955,-0.07057783553895929,-0.09236542244611057,,37.456747573404655,36.934515350309134,39.78856413694426,36.934515350309134,39.78856413694426,38.85583751152842,,0.015631338829107923,0.02923402707959884,0.8444444444444444,0.8444444444444444,0.016867122921956447,0.08930374867420449,0.8666666666666667,0.8666666666666667,0.9888888888888889,0.9666666666666667,0.9222222222222223,0.9
2026-03-09,TAEE11.SA,target_best_sale,equity_br,"baseline_qroll_a0.88_cal(-0.003,0.782)",False,0.88,0.02,0.98,-0.07887874720531236,0.059518482766035684,757,1.0490546226501465,False,0.0,0.3,0.17419734762880953,0.06800951545846586,0.25432208189395566,0.06800951545846586,0.25432208189395566,0.11048464832660333,,50.267390064504,45.721488823464796,53.69753004842949,45.721488823464796,53.69753004842949,47.53984931988048,,0.034114338440238264,0.07618699455122156,0.9555555555555556,0.9555555555555556,0.0666494743518342,0.1891981414569019,0.6555555555555556,0.6111111111111112,1.0,1.0,0.9222222222222223,0.9777777777777777
2026-03-09,TGMA3.SA,target_best_entry,equity_br,"baseline_qroll_a0.12_cal(+0.025,1.020)",False,0.12,0.02,0.98,-0.06458322880364403,0.1156827639831858,757,0.7657420635223389,False,-0.22527073061068312,0.0,-0.22527073061068312,-0.22527073061068312,-0.13845665789744172,-0.22527073061068312,-0.13845665789744172,-0.17318228698273827,,29.23053497941601,29.23053497941601,32.50602990314628,29.23053497941601,32.50602990314628,31.195831933654173,,0.023292458849469105,0.046696865116357206,0.9111111111111111,0.9111111111111111,0.04068634496621006,0.07284868241648215,0.7,0.7,1.0,0.9777777777777777,1.0,1.0
2026-03-09,TGMA3.SA,target_best_sale,equity_br,"baseline_qroll_a0.88_cal(-0.019,0.855)",False,0.88,0.02,0.98,-0.17074696517484914,0.10974225703640778,757,0.615142822265625,False,0.0,0.3,0.3,0.19706384921713727,0.36615898271447167,0.19706384921713727,0.3,0.23823830953028236,,49.04899940490723,45.16521848299025,51.54517779243906,45.16521848299025,49.04899940490723,46.71873085175704,,0.03786907193289715,0.08568031086282107,0.9111111111111111,0.9111111111111111,0.04294803649349305,0.10193849523354905,0.7222222222222222,0.7222222222222222,1.0,1.0,1.0,0.8666666666666667
2026-03-09,TIMS3.SA,target_best_entry,equity_br,"baseline_qroll_a0.12_cal(+0.022,0.913)",False,0.12,0.02,0.98,-0.06391295540186977,0.08539878527834105,757,0.6014859676361084,False,-0.22419366154393183,0.0,-0.19311794789581357,-0.22419366154393183,-0.13011047686738528,-0.22419366154393183,-0.13011047686738528,-0.1553134652787566,,21.511475385977178,20.682996864860126,23.1912545539809,20.682996864860126,23.1912545539809,22.51934288677941,,0.015535296660025235,0.03371307847441111,0.9444444444444444,0.9444444444444444,0.029605451322197683,0.058615379604535105,0.6555555555555556,0.6555555555555556,1.0,0.9666666666666667,0.8333333333333334,0.7555555555555555
2026-03-09,TIMS3.SA,target_best_sale,equity_br,"baseline_qroll_a0.90_cal(-0.005,0.756)",False,0.9,0.02,0.98,-0.10626755046073388,0.12673325892345869,757,0.6864879131317139,False,0.0,0.3,0.2675262778412705,0.17804165330337657,0.37424444384830385,0.17804165330337657,0.3,0.21383550311853414,,33.79225037383911,31.40659029731313,36.63735666330272,31.40659029731313,34.65799980163575,32.36085432792352,,0.053654256992868396,0.0843562158139616,0.8222222222222222,0.5,0.04859221678626333,0.12126868730066656,0.7,0.7,0.9666666666666667,0.8111111111111111,1.0,0.8888888888888888
2026-03-09,UGPA3.SA,target_best_entry,equity_br,"baseline_qroll_a0.12_cal(+0.004,0.808)",False,0.12,0.02,0.98,-0.08746040731426254,0.15182153636969414,757,0.6182153224945068,False,-0.25727357152053326,0.0,-0.18234196192067814,-0.22442879478053374,-0.10928390260066616,-0.22442879478053374,-0.10928390260066616,-0.13850712632867096,,21.61070219596591,20.498347190636043,23.541626726089376,20.498347190636043,23.541626726089376,22.769256914039985,,0.02763355210506013,0.05617292578073641,0.9111111111111111,0.9111111111111111,0.0183664233982358,0.0452967163868918,0.9666666666666667,0.9666666666666667,1.0,1.0,1.0,1.0
2026-03-09,UGPA3.SA,target_best_sale,equity_br,"baseline_qroll_a0.92_cal(-0.008,0.751)",False,0.92,0.02,0.98,-0.1570677275431941,0.14597447004371963,757,0.6032617092132568,False,0.0,0.3,0.25550450401206415,0.18175014288410457,0.32404979939176753,0.18175014288410457,0.3,0.2112518873352884,,33.182984424188426,31.233656637068407,34.99463660199235,31.233656637068407,34.35900039672852,32.01338775191641,,0.06306512356643146,0.1529370248351185,0.7555555555555555,0.7555555555555555,0.11108983166735456,0.16272853320271702,0.14444444444444443,0.14444444444444443,0.9666666666666667,0.8888888888888888,0.8333333333333334,0.7555555555555555
2026-03-09,UNIP6.SA,target_best_entry,equity_br,"baseline_qroll_a0.12_cal(+0.019,0.845)",False,0.12,0.02,0.98,-0.07550949738103073,0.10170806343585974,757,0.6219186782836914,False,-0.22,0.0,-0.20072801182477532,-0.25109565825315816,-0.13288494630677006,-0.22,-0.13288494630677006,-0.16002217251397216,,55.98900521085903,52.46075142484095,60.741412157435896,54.639002380371096,60.741412157435896,58.840449378805154,,0.02338579553841012,0.061709275433255835,0.8555555555555555,0.8555555555555555,0.072301301601977,0.15119247111199502,0.3,0.3,0.9888888888888889,0.9555555555555556,0.7666666666666667,0.7333333333333333
2026-03-09,UNIP6.SA,target_best_sale,equity_br,"baseline_ewmgauss_a0.88_cal(-0.030,0.700)",False,0.88,0.02,0.98,-0.13671755239352992,0.22903001450178134,757,1.3188738822937012,False,0.0,0.22,0.18413476548009244,0.0,0.4190675485932572,0.0,0.22,0.07365390619203697,,82.948643935573,70.05000305175781,99.40568610960814,70.05000305175781,85.46100372314453,75.20945940528388,,0.03575390272211643,0.085843609809495,1.0,0.9444444444444444,0.11048793307224931,0.17497239489667074,0.7333333333333333,0.4666666666666667,1.0,0.9777777777777777,0.9888888888888889,0.8666666666666667
2026-03-09,USIM5.SA,target_best_entry,equity_br,"baseline_ewmgauss_a0.08_cal(-0.030,0.700)",False,0.08,0.02,0.98,-0.08695141269870794,0.2115832641626372,757,1.2234511375427246,False,-0.3,0.0,-0.22698120238802952,-0.3410539728318268,0.0,-0.3,0.0,-0.09079248095521181,,5.101923990518188,4.3490437164679525,6.599999904632568,4.619999933242798,6.599999904632568,6.000769538986816,,0.03499023540989976,0.07423386611086534,0.9666666666666667,0.7888888888888889,0.18568404321298437,0.22710465921149062,1.0,1.0,1.0,1.0,1.0,1.0
2026-03-09,USIM5.SA,target_best_sale,equity_br,"baseline_qroll_a0.82_cal(-0.021,0.900)",False,0.82,0.02,0.98,-0.2048477412580385,0.1626071862382668,757,0.9343674182891846,False,0.0,0.3,0.3,0.0947573641960483,0.4190675485932572,0.0947573641960483,0.3,0.17685441851762898,,8.57999987602234,7.225398499289722,9.36584568538267,7.225398499289722,8.57999987602234,7.767239049982768,,0.05093801702623738,0.1044484657796225,0.9888888888888889,0.9888888888888889,0.07526754777507429,0.11906754859325719,1.0,0.2222222222222222,1.0,1.0,1.0,0.4666666666666667
2026-03-09,USO,target_best_entry,other,"baseline_ewmgauss_a0.18_cal(-0.011,0.700)",False,0.18,0.02,0.98,-0.10685175539414356,0.1384184884153872,757,1.4443440437316895,False,-0.23819148951970573,0.0,-0.12396180270827553,-0.23819148951970573,0.0,-0.23819148951970573,0.0,-0.04958472108331022,,95.28667177861882,82.86190912760102,108.7699966430664,82.86190912760102,108.7699966430664,103.37666669728736,,0.0781669865091265,0.13514982415329665,1.0,1.0,0.04314753299523353,0.08578987947156111,1.0,1.0,1.0,1.0,1.0,1.0
2026-03-09,USO,target_best_sale,other,"baseline_ewmgauss_a0.92_cal(+0.010,0.700)",False,0.92,0.02,0.98,-0.19065072108746217,0.10741563301619719,757,1.214771032333374,False,0.0,0.25,0.1682935028705937,0.0,0.3597110282126498,0.0,0.25,0.06731740114823748,,127.07528038535077,108.7699966430664,147.8957639742303,108.7699966430664,135.962495803833,116.09211013998014,,0.06074556882495015,0.1314892067218777,1.0,0.8333333333333334,0.09639216405514313,0.25528201247375404,0.8888888888888888,0.8888888888888888,1.0,1.0,0.9222222222222223,0.8888888888888888
2026-03-09,VALE3.SA,target_best_entry,equity_br,"baseline_qroll_a0.12_cal(+0.030,1.037)",False,0.12,0.02,0.98,-0.06761312319166979,0.11671421836805657,757,0.6917333602905273,False,-0.20314303846431864,0.0,-0.20314303846431864,-0.20314303846431864,-0.08153430650636656,-0.20314303846431864,-0.08153430650636656,-0.1301777992895474,,62.84014047306672,62.84014047306672,72.43020514949491,62.84014047306672,72.43020514949491,68.59417927892363,,0.03968053366026233,0.0720945715492417,0.9444444444444444,0.9444444444444444,0.013056473352066236,0.028689209426428938,0.9333333333333333,0.9333333333333333,1.0,1.0,0.9333333333333333,0.9333333333333333
2026-03-09,VALE3.SA,target_best_sale,equity_br,"baseline_qroll_a0.88_cal(-0.023,0.825)",False,0.88,0.02,0.98,-0.09251611340818315,0.10872062245014116,757,0.6152713298797607,False,0.0,0.3,0.2713542394821915,0.1856136763690796,0.3721125511695329,0.1856136763690796,0.3,0.21990990161432436,,100.25899610153867,93.49749524210678,108.2047966227004,93.49749524210678,102.51800079345703,96.20209558587953,,0.03498605786753869,0.059214444463386785,0.7777777777777778,0.7777777777777778,0.10995030650398736,0.14185630141474664,0.05555555555555555,0.0,1.0,1.0,0.12222222222222222,0.0
2026-03-09,VIVT3.SA,target_best_entry,equity_br,"baseline_qroll_a0.12_cal(+0.003,0.722)",False,0.12,0.02,0.98,-0.06609838100875266,0.06527014374720519,757,0.6405055522918701,False,-0.23057975973039255,0.0,-0.10699246586941585,-0.15753170036013733,-0.05708650675604073,-0.15753170036013733,-0.05708650675604073,-0.07704889040139079,,37.05088408996143,34.95401116611297,39.12148241734086,34.95401116611297,39.12148241734086,38.29324308638908,,0.017030613838609945,0.042759621882290384,1.0,1.0,0.018467965417772104,0.03810888096115959,0.9111111111111111,0.9111111111111111,1.0,1.0,1.0,1.0
2026-03-09,VIVT3.SA,target_best_sale,equity_br,"baseline_ewmgauss_a0.92_cal(+0.030,0.700)",False,0.92,0.02,0.98,-0.16951909946713328,0.11140132814590015,757,0.5218579769134521,False,0.0,0.3,0.20510342683007401,0.09949808141606929,0.27450313326673786,0.09949808141606929,0.27450313326673786,0.14174021958167118,,49.99974320190586,45.61817724342374,52.879137138448144,45.61817724342374,52.879137138448144,47.37080362681659,,0.04106124287841007,0.114955950008434,0.8333333333333334,0.8333333333333334,0.08127052806227018,0.13012861073669071,0.36666666666666664,0.36666666666666664,1.0,0.9555555555555556,0.6444444444444445,0.8666666666666667
2026-03-09,VULC3.SA,target_best_entry,equity_br,"baseline_qroll_a0.12_cal(+0.027,0.935)",False,0.12,0.02,0.98,-0.0767607654008129,0.08976184168021231,757,0.7848780155181885,False,-0.26,0.0,-0.26,-0.27319764885543013,-0.192380627358684,-0.26,-0.192380627358684,-0.2194283764152104,,12.839000282287598,12.610021069611381,14.012196423409174,12.839000282287598,14.012196423409174,13.542917966960543,,0.03704828093840942,0.08275737259182332,0.8777777777777778,0.8777777777777778,0.0305153422612333,0.05480216639395282,0.9555555555555556,0.9555555555555556,1.0,1.0,1.0,1.0
2026-03-09,VULC3.SA,target_best_sale,equity_br,"baseline_ewmgauss_a0.92_cal(-0.011,0.700)",False,0.92,0.02,0.98,-0.21918022151782882,0.18347603988378225,757,0.8599381446838379,False,0.0,0.26,0.19974644228666494,0.018843432294142953,0.3511805801237067,0.018843432294142953,0.26,0.09120463629115175,,20.815601231340583,17.676933938961305,23.442983580580798,17.676933938961305,21.861000480651857,18.93240085591302,,0.1287377882372809,0.2015106675483288,0.7444444444444445,0.43333333333333335,0.09315582689530498,0.1751264815258313,0.9222222222222223,0.9222222222222223,1.0,0.5666666666666667,1.0,1.0
2026-03-09,WEGE3.SA,target_best_entry,equity_br,"baseline_ewmgauss_a0.08_cal(-0.003,0.700)",False,0.08,0.02,0.98,-0.09184233366365975,0.1318749886923574,757,2.090129852294922,False,-0.25861073126430617,0.0,-0.13602802987000787,-0.25861073126430617,0.0,-0.25861073126430617,0.0,-0.05441121194800315,,40.27837232463861,34.563566916568874,46.619998931884766,34.563566916568874,46.619998931884766,44.0833482889863,,0.03195744579770707,0.1241651759885852,0.9444444444444444,0.9444444444444444,0.12011287832051527,0.14253727579297906,1.0,1.0,1.0,1.0,1.0,1.0
2026-03-09,WEGE3.SA,target_best_sale,equity_br,"baseline_qroll_a0.90_cal(-0.015,0.831)",False,0.9,0.02,0.98,-0.170317919316479,0.15906754859325717,757,0.500023365020752,False,0.0,0.26,0.26,0.16273999105688908,0.3508354873100076,0.16273999105688908,0.26,0.20164399463413346,,58.7411986541748,54.206937141131874,62.97594897554458,54.206937141131874,58.7411986541748,56.02064174634905,,0.04847339149580481,0.0904322243781483,0.9222222222222223,0.9222222222222223,0.07448334677936547,0.1566731527531759,0.5666666666666667,0.16666666666666666,1.0,1.0,0.5777777777777777,0.4222222222222222
2026-03-09,WIZC3.SA,target_best_entry,equity_br,"baseline_qroll_a0.18_cal(-0.002,0.907)",False,0.18,0.02,0.98,-0.10964440856329315,0.13634948825157417,757,0.5222551822662354,False,-0.16396436089240743,0.0,-0.16396436089240743,-0.21813536137437303,-0.09659942828366387,-0.16396436089240743,-0.09659942828366387,-0.1235454013271613,,7.816933544578277,7.310434669407302,8.446795690167711,7.816933544578277,8.446795690167711,8.194850831931937,,0.034603556574580335,0.06640162509236379,0.9666666666666667,0.9666666666666667,0.016338386593069888,0.04174964923120401,1.0,1.0,1.0,1.0,1.0,1.0
2026-03-09,WIZC3.SA,target_best_sale,equity_br,"baseline_qroll_a0.92_cal(+0.005,0.700)",False,0.92,0.02,0.98,-0.22237507931830597,0.15918035696753743,757,0.9727795124053955,False,0.0,0.3,0.2392345243359409,0.03459093680647515,0.38572233859065735,0.03459093680647515,0.3,0.11644837181826145,,11.586843275271502,9.673425653805666,12.956504394433768,9.673425653805666,12.155000495910645,10.438792702392,,0.11929537938451702,0.17627308092396815,0.9444444444444444,0.34444444444444444,0.07360593703531422,0.11846054044764084,0.9666666666666667,0.9111111111111111,1.0,0.6333333333333333,1.0,1.0
2026-03-09,XPML11.SA,target_best_entry,equity_br,"baseline_qroll_a0.12_cal(-0.001,0.789)",False,0.12,0.02,0.98,-0.10586715604133014,0.036752550269386626,757,0.6778311729431152,False,-0.043788118607517884,0.0,-0.043788118607517884,-0.14824414705831618,0.0,-0.043788118607517884,0.0,-0.017515247443007153,,105.32674019444545,93.82090850120275,110.1500015258789,105.32674019444545,110.1500015258789,108.22069699330552,,0.008550084069695978,0.019403974085562273,0.9444444444444444,0.9444444444444444,0.28531401575011756,0.4629980798947968,0.35555555555555557,0.35555555555555557,1.0,1.0,0.35555555555555557,0.35555555555555557
2026-03-09,XPML11.SA,target_best_sale,equity_br,"baseline_ewmgauss_a0.82_cal(+0.008,0.700)",False,0.82,0.02,0.98,-0.0727306580311688,0.06810414876594598,757,1.2174346446990967,False,0.0,0.10586774995143935,0.10586774995143935,0.0,0.27681124105550453,0.0,0.10586774995143935,0.042347099980575745,,121.81133434457132,110.1500015258789,140.64076015052316,110.1500015258789,121.81133434457132,114.81453465335586,,0.04272214356404759,0.07241077191987524,0.8888888888888888,0.8666666666666667,0.1922892825666586,0.3326290584046114,0.4111111111111111,0.4111111111111111,1.0,1.0,0.4111111111111111,0.4111111111111111
2026-03-09,ZC=F,target_best_entry,future,"baseline_qroll_a0.12_cal(+0.014,0.867)",False,0.12,0.02,0.98,-0.07135830361039805,0.1258166145598762,757,12.877537965774536,False,-0.17781869464307948,0.0,-0.16200689709799454,-0.17781869464307948,0.0,-0.17781869464307948,0.0,-0.06480275883919782,,374.58291699719643,367.5150434945435,447.0,367.5150434945435,447.0,418.03316679887854,,0.02335068126229856,0.06847256634573405,0.8222222222222222,0.8222222222222222,0.012745378349631787,0.02959344981487213,1.0,1.0,1.0,1.0,1.0,1.0
2026-03-09,ZC=F,target_best_sale,future,"baseline_qroll_a0.88_cal(-0.019,0.870)",False,0.88,0.02,0.98,-0.09657669288673006,0.08696456581449373,757,1.0093574523925781,False,0.0,0.28,0.24388072372898467,0.13717859081010697,0.33996296037850243,0.13717859081010697,0.28,0.17985944397765807,,556.0146835068562,508.3188300921179,598.9634432891905,508.3188300921179,572.16,527.3971714580132,,0.02440070587509807,0.06020081335315801,1.0,1.0,0.02298801005005656,0.06567404742250438,1.0,1.0,1.0,1.0,1.0,1.0
2026-03-09,ZS=F,target_best_entry,future,"baseline_qroll_a0.12_cal(+0.008,0.772)",False,0.12,0.02,0.98,-0.09035396400851768,0.12660495265146413,757,0.5374424457550049,False,-0.19797155686979026,0.0,-0.12521546642079526,-0.16665134884380342,-0.06715505933403987,-0.16665134884380342,-0.06715505933403987,-0.09037922216874203,,1036.6196722913576,987.518151620093,1105.4212546891627,987.518151620093,1105.4212546891627,1077.9006217300407,,0.02251070844514547,0.04591735018362855,0.9666666666666667,0.9666666666666667,0.021202107728459367,0.04731461701591089,0.9111111111111111,0.9111111111111111,1.0,1.0,1.0,0.9888888888888889
2026-03-09,ZS=F,target_best_sale,future,"baseline_qroll_a0.88_cal(-0.006,0.763)",False,0.88,0.02,0.98,-0.11356831740150657,0.07313720609238532,757,0.5565316677093506,False,0.0,0.28,0.1757799704876205,0.12184822311663224,0.21051164048718063,0.12184822311663224,0.21051164048718063,0.14342092206502755,,1393.2992650278302,1329.3901443932093,1434.4562939773089,1329.3901443932093,1434.4562939773089,1354.9537926470578,,0.017480995070572807,0.03849623816469861,0.9555555555555556,0.9555555555555556,0.04718551387833268,0.09213760556782412,0.5888888888888889,0.5888888888888889,1.0,1.0,1.0,1.0
2026-03-09,ZW=F,target_best_entry,future,"baseline_qroll_a0.18_cal(-0.001,0.700)",False,0.18,0.02,0.98,-0.12303001556566986,0.10176826304351284,757,0.6829948425292969,False,-0.2640319992452212,0.0,-0.11917001418124652,-0.22001686978543242,-0.03575127054335883,-0.22001686978543242,-0.03575127054335883,-0.06911876799851391,,538.407328831713,476.7646883436544,589.397035880372,476.7646883436544,589.397035880372,569.0011530609083,,0.023263607828368435,0.05212488932349223,1.0,1.0,0.017009886376236245,0.03739909059311963,1.0,1.0,1.0,1.0,1.0,1.0
2026-03-09,ZW=F,target_best_sale,future,"baseline_qroll_a0.88_cal(-0.010,0.781)",False,0.88,0.02,0.98,-0.19034412920495755,0.13320119639681396,757,0.500023365020752,False,0.0,0.28,0.21570455788586332,0.10147890654867021,0.29563869339542953,0.10147890654867021,0.28,0.14716916708354746,,743.099411007734,673.2789816278747,791.9591513379563,673.2789816278747,782.4,701.2071533798185,,0.028713769921990165,0.06752965878537336,0.9444444444444444,0.9444444444444444,0.03125465398562177,0.07012245373380313,0.9222222222222223,0.9222222222222223,1.0,1.0,1.0,0.9555555555555556
2026-03-09,^BSESN,target_best_entry,index,"baseline_qroll_a0.15_cal(+0.006,0.821)",False,0.15,0.02,0.98,-0.04018220642388754,0.04384931659087558,757,1.0156543254852295,False,-0.15497263483584064,0.0,-0.08853043249331462,-0.14645613348022365,-0.025318313812510013,-0.14645613348022365,-0.025318313812510013,-0.05060316128483185,,70699.19089034348,66206.11691670211,75602.31196483232,66206.11691670211,75602.31196483232,73641.06353503678,,0.02438846569269073,0.04839282418522461,0.9777777777777777,0.9777777777777777,0.017764238316206753,0.03962107322991522,0.8222222222222222,0.8222222222222222,1.0,1.0,1.0,0.9222222222222223
2026-03-09,^BSESN,target_best_sale,index,"baseline_qroll_a0.88_cal(-0.005,0.768)",False,0.88,0.02,0.98,-0.06244847081553645,0.058127208218957845,757,0.8600783348083496,False,0.0,0.15,0.13734555911862478,0.06111108452253304,0.2083048175350442,0.06111108452253304,0.15,0.09160487436096973,,88219.52334883886,82306.30818068176,93723.56027455097,82306.30818068176,89201.0796875,84671.5942479446,,0.03429726128654382,0.06267839428114293,0.9888888888888889,0.9888888888888889,0.01757307003608199,0.03155008293289134,0.9666666666666667,0.9666666666666667,1.0,1.0,1.0,1.0
2026-03-09,^BVSP,target_best_entry,index,"baseline_qroll_a0.12_cal(+0.030,1.193)",False,0.12,0.02,0.98,-0.04124744314649524,0.06209066160528249,757,0.6132268905639648,False,-0.11918514341709993,0.0,-0.11918514341709993,-0.11918514341709993,-0.07067603015715887,-0.11918514341709993,-0.07067603015715887,-0.0900796754611353,,157987.35675099186,157987.35675099186,166688.1938508612,157987.35675099186,166688.1938508612,163207.85901091347,,0.02245494159057657,0.04542938762128674,0.6888888888888889,0.6888888888888889,0.017659737143240213,0.03703086985752375,0.8,0.8,1.0,0.9111111111111111,0.8555555555555555,0.8555555555555555
2026-03-09,^BVSP,target_best_sale,index,"baseline_ewmgauss_a0.88_cal(-0.030,0.700)",False,0.88,0.02,0.98,-0.07112403420957134,0.09524335250403199,757,0.5625131130218506,False,0.0,0.15,0.0881241529603907,0.03715294914457879,0.15638052208421815,0.03715294914457879,0.15,0.05754143067090356,,195171.38869574046,186028.93872331738,207414.19234363578,186028.93872331738,206269.74999999997,189685.9187122866,,0.020959934179272423,0.05498893097225985,0.9333333333333333,0.9333333333333333,0.11493791607399678,0.1749164740008822,0.0,0.0,1.0,1.0,0.26666666666666666,0.07777777777777778
2026-03-09,^FVX,target_best_entry,index,"baseline_ewmgauss_a0.18_cal(+0.009,0.768)",False,0.18,0.02,0.98,-0.10049119063197418,0.13698345907927637,757,0.6133086681365967,False,-0.18,0.0,-0.10538794190862971,-0.16715251619859994,-0.021194243121792605,-0.16715251619859994,-0.021194243121792605,-0.054871722636527454,,3.3422707036321464,3.1115182503150067,3.656818367438545,3.1115182503150067,3.656818367438545,3.5309993019159855,,0.048176304602388566,0.09335797589539901,0.9555555555555556,0.9555555555555556,0.07594890931632521,0.10412802622640471,0.2222222222222222,0.2222222222222222,1.0,1.0,0.9666666666666667,1.0
2026-03-09,^FVX,target_best_sale,index,"baseline_qroll_a0.82_cal(-0.022,0.912)",False,0.82,0.02,0.98,-0.08468522273667636,0.1252582896477817,757,0.6012406349182129,False,0.0,0.15,0.15,0.09897437691636779,0.22547222607587347,0.09897437691636779,0.15,0.11938462614982068,,4.29640007019043,4.105768339235623,4.578364311416352,4.105768339235623,4.29640007019043,4.182021031617546,,0.029594203877008004,0.06804842938513528,0.9555555555555556,0.9555555555555556,0.018427270633391852,0.04501564451491252,0.9888888888888889,0.9888888888888889,0.9777777777777777,0.9555555555555556,1.0,1.0
2026-03-09,^GDAXI,target_best_entry,index,"baseline_ewmgauss_a0.18_cal(-0.015,0.700)",False,0.18,0.02,0.98,-0.1006227170461131,0.09350032149191806,757,25.0,False,-0.13964245592073007,0.0,-0.0826819528888434,-0.13964245592073007,0.0,-0.13964245592073007,0.0,-0.03307278115553736,,21640.476923951457,20296.72002816148,23591.029296875,20296.72002816148,23591.029296875,22810.808347705584,,0.07591717607423744,0.10253290818372642,0.8,0.8,0.049092198137449077,0.07907850171479615,1.0,1.0,1.0,0.8777777777777778,1.0,1.0
2026-03-09,^GDAXI,target_best_sale,index,"baseline_ewmgauss_a0.88_cal(+0.009,0.700)",False,0.88,0.02,0.98,-0.08926525454558487,0.08741912131360904,757,0.9124393463134766,False,0.0,0.15,0.09529407056073876,0.0,0.1927637204213148,0.0,0.15,0.038117628224295506,,25839.114507291863,23591.029296875,28138.52387270886,23591.029296875,27129.683691406248,24490.263381041743,,0.06024148396451211,0.09778178870249415,0.8777777777777778,0.6888888888888889,0.0402965160464099,0.0781942262862833,0.7666666666666667,0.7666666666666667,1.0,0.9222222222222223,1.0,1.0
2026-03-09,^HSI,target_best_entry,index,"baseline_ewmgauss_a0.18_cal(-0.014,0.700)",False,0.18,0.02,0.98,-0.08043237191196144,0.11693732413345732,757,1.4817163944244385,False,-0.18,0.0,-0.0971815560665495,-0.22890479217851661,0.0,-0.18,0.0,-0.038872622426619804,,23254.15563135033,19861.32216256646,25757.2890625,21120.97703125,25757.2890625,24756.035690040135,,0.0872068526966597,0.11638542224400637,1.0,0.8555555555555555,0.05258762748915361,0.07144396873044816,1.0,1.0,1.0,1.0,1.0,1.0
2026-03-09,^HSI,target_best_sale,index,"baseline_qroll_a0.92_cal(-0.011,0.760)",False,0.92,0.02,0.98,-0.13255833509634293,0.19825861684132048,757,0.9153716564178467,False,0.0,0.15,0.13614449968655698,0.0020314831071069073,0.3367283494168211,0.0020314831071069073,0.15,0.05567668973888694,,29264.00229519609,25809.614560115337,34430.49849396756,25809.614560115337,29620.882421874998,27191.36965414764,,0.051611688817506295,0.1349696507026485,0.8888888888888888,0.6555555555555556,0.02701607261297998,0.05588860986090236,1.0,1.0,0.8888888888888888,0.9888888888888889,1.0,1.0
2026-03-09,^IRX,target_best_entry,index,"baseline_qroll_a0.08_cal(+0.030,1.300)",False,0.08,0.02,0.98,-0.07504290983781213,0.04594690504688322,757,0.5189023017883301,False,-0.0699599412683344,0.0,-0.0699599412683344,-0.0699599412683344,-0.05548801094479354,-0.0699599412683344,-0.05548801094479354,-0.06127678307420988,,3.341633870709913,3.341633870709913,3.393631515423893,3.341633870709913,3.393631515423893,3.372832457538301,,0.016326218157753966,0.040681153622094166,0.8666666666666667,0.8666666666666667,0.01631176377246784,0.043315489946388355,0.28888888888888886,0.28888888888888886,0.9666666666666667,0.8888888888888888,0.8777777777777778,0.5777777777777777
2026-03-09,^IRX,target_best_sale,index,"baseline_qroll_a0.88_cal(-0.030,1.300)",False,0.88,0.02,0.98,-0.040337109968331404,0.024974255783463937,757,1.9814825057983398,False,0.0,0.15,0.15,0.10148459911954819,0.15246354590651348,0.10148459911954819,0.15,0.1208907594717289,,4.131949925422668,3.9576340932054213,4.140801445705011,3.9576340932054213,4.131949925422668,4.02736042609232,,0.015438847757569523,0.026794167097819552,0.8555555555555555,0.8555555555555555,0.006304800967878362,0.021807590317042824,1.0,1.0,0.9666666666666667,0.9111111111111111,1.0,1.0
2026-03-09,^IXIC,target_best_entry,index,"baseline_qroll_a0.12_cal(+0.006,0.783)",False,0.12,0.02,0.98,-0.08178656770537407,0.12832374155836448,757,13.106573581695557,False,-0.18,0.0,-0.12098204285636101,-0.19196483049905405,0.0,-0.18,0.0,-0.048392817142544405,,19950.146917701393,18339.12517395752,22695.94921875,18610.678359375,22695.94921875,21597.628298330557,,0.07893282901010339,0.14309078344398757,1.0,0.9777777777777777,0.015945361330581873,0.04254471482293749,1.0,1.0,1.0,1.0,1.0,1.0
2026-03-09,^IXIC,target_best_sale,index,"baseline_ewmgauss_a0.90_cal(+0.013,0.700)",False,0.9,0.02,0.98,-0.11985873894157081,0.10916133327143446,757,1.0350823402404785,False,0.0,0.15,0.13130257598693748,0.0,0.25263487406601426,0.0,0.15,0.052521030394774994,,25675.985815640597,22695.94921875,28429.73749143756,22695.94921875,26100.341601562497,23887.963857506238,,0.05736434827311007,0.19273876393602707,0.9444444444444444,0.43333333333333335,0.09028455391192103,0.1247130293581658,0.23333333333333334,0.23333333333333334,0.8888888888888888,0.6666666666666666,0.5666666666666667,0.9888888888888889
2026-03-09,^JKSE,target_best_entry,index,"baseline_qroll_a0.15_cal(+0.008,0.898)",False,0.15,0.02,0.98,-0.03924856522036791,0.08507075750814472,757,1.2698657512664795,False,-0.14509589728293992,0.0,-0.09905330139365565,-0.14509589728293992,0.0,-0.14509589728293992,0.0,-0.03962132055746226,,6610.578503702164,6272.746981469862,7337.369140625,6272.746981469862,7337.369140625,7046.652885855866,,0.04851274339673481,0.08972889287314093,1.0,1.0,0.024663725420911338,0.06702784548535688,0.8333333333333334,0.8333333333333334,1.0,1.0,0.9888888888888889,0.8888888888888888
2026-03-09,^JKSE,target_best_sale,index,"baseline_qroll_a0.88_cal(-0.008,0.793)",False,0.88,0.02,0.98,-0.04464232933380503,0.0745672947830004,757,0.8229513168334961,False,0.0,0.15,0.1317228527395812,0.07283033492643502,0.23009262425059823,0.07283033492643502,0.15,0.0963873420516935,,8303.868335431494,7871.752192615607,9025.643661286764,7871.752192615607,8437.974511718749,8044.598649741962,,0.020558932207644945,0.06921936454245703,0.9888888888888889,0.8666666666666667,0.016506662494524666,0.041312230425995924,0.9444444444444444,0.9444444444444444,0.9888888888888889,0.9666666666666667,1.0,0.9666666666666667
2026-03-09,^KS11,target_best_entry,index,"baseline_qroll_a0.12_cal(+0.010,0.834)",False,0.12,0.02,0.98,-0.054958323623917615,0.09910892262378755,757,1.0525009632110596,False,-0.18,0.0,-0.10181664707309848,-0.1977958120317999,0.0,-0.18,0.0,-0.0407266588292394,,5016.237367516726,4480.206197266265,5584.8701171875,4579.59349609375,5584.8701171875,5357.417017319191,,0.0577524399989998,0.10427876717603782,1.0,1.0,0.019571513712505356,0.04790873066625771,0.9888888888888889,0.9888888888888889,1.0,1.0,1.0,0.9888888888888889
2026-03-09,^KS11,target_best_sale,index,"baseline_qroll_a0.88_cal(-0.005,0.726)",False,0.88,0.02,0.98,-0.05053264578532695,0.1447637311685517,757,1.50386643409729,False,0.0,0.15,0.124371498031894,0.0,0.4190675485932572,0.0,0.15,0.0497485992127576,,6279.468779975668,5584.8701171875,7925.307946409002,5584.8701171875,6422.600634765625,5862.709582302768,,0.10529035157489142,0.1722606712422127,1.0,0.12222222222222222,0.16509697325778216,0.2690675485932572,1.0,0.0,0.35555555555555557,0.18888888888888888,0.022222222222222223,0.0
2026-03-09,^MXX,target_best_entry,index,"baseline_qroll_a0.12_cal(+0.010,0.905)",False,0.12,0.02,0.98,-0.041973310828753274,0.06380536015231893,757,0.8443653583526611,False,-0.12269428140372622,0.0,-0.11307706071717309,-0.12269428140372622,-0.042633752461215535,-0.12269428140372622,-0.042633752461215535,-0.07081107576359856,,59701.88727341457,59054.518488730275,64443.67290370197,59054.518488730275,64443.67290370197,62546.95865158701,,0.018887163546484866,0.0577237379666816,1.0,1.0,0.010964013853440936,0.022285680075077495,1.0,1.0,1.0,1.0,1.0,1.0
2026-03-09,^MXX,target_best_sale,index,"baseline_ewmgauss_a0.88_cal(-0.006,0.700)",False,0.88,0.02,0.98,-0.06955360955505921,0.10445173289542764,757,0.6446411609649658,False,0.0,0.15,0.08336456821816904,0.024738620376196847,0.17140574802039732,0.024738620376196847,0.15,0.04818899951298572,,72925.06086275371,68978.74312269312,78851.42081937101,68978.74312269312,77410.525,70557.27021871737,,0.04315500718215472,0.07636332653510187,0.9555555555555556,0.9333333333333333,0.03763697001842277,0.07854641044076728,0.8777777777777778,0.8777777777777778,1.0,1.0,1.0,0.9555555555555556
2026-03-09,^N225,target_best_entry,index,"baseline_qroll_a0.15_cal(+0.004,0.734)",False,0.15,0.02,0.98,-0.10647705913153933,0.15253005778497222,757,1.2440941333770752,False,-0.18,0.0,-0.10338435997894471,-0.2666732829775059,0.0,-0.18,0.0,-0.04135374399157789,,49870.51491501252,40788.24788065112,55620.83984375,45609.088671875004,55620.83984375,53320.70987225501,,0.0764722563190358,0.15245729213824866,1.0,0.9111111111111111,0.01522714757391485,0.03736170188973982,1.0,1.0,1.0,1.0,1.0,1.0
2026-03-09,^N225,target_best_sale,index,"baseline_qroll_a0.90_cal(-0.006,0.718)",False,0.9,0.02,0.98,-0.10034902326612997,0.11354648865791153,757,0.6631813049316406,False,0.0,0.15,0.1368216248635597,0.05450236633699708,0.22996715284568278,0.05450236633699708,0.15,0.08743006974762213,,63230.97352744769,58652.307232885505,68411.8060215029,58652.307232885505,63963.96582031249,60483.77375071039,,0.046308268840200485,0.1551926638185262,0.8111111111111111,0.23333333333333334,0.040885724473914926,0.08562291435474309,0.8555555555555555,0.26666666666666666,0.8666666666666667,0.6555555555555556,0.8888888888888888,0.6222222222222222
2026-03-09,^NDX,target_best_entry,index,"baseline_qroll_a0.18_cal(+0.002,0.763)",False,0.18,0.02,0.98,-0.08553872111686231,0.12111108353851885,757,13.209835290908813,False,-0.18,0.0,-0.08947218044048222,-0.193095269980452,0.0,-0.18,0.0,-0.035788872176192886,,22733.37570289737,20146.19212058056,24967.25,20473.145,24967.25,24073.70028115895,,0.07226239715122319,0.1321232141436397,1.0,0.9777777777777777,0.016061944074228236,0.041444203254860514,1.0,1.0,1.0,1.0,1.0,1.0
2026-03-09,^NDX,target_best_sale,index,"baseline_ewmgauss_a0.90_cal(+0.018,0.700)",False,0.9,0.02,0.98,-0.13029779932704852,0.10008089273227584,757,0.9988198280334473,False,0.0,0.15,0.1323162021522351,0.0,0.24169263021219245,0.0,0.15,0.05292648086089405,,28270.82169818539,24967.25,31001.650321665362,24967.25,28712.337499999998,26288.678679274155,,0.0539591512500574,0.1719585090211325,0.9444444444444444,0.5,0.09053219713893408,0.12460607503935882,0.28888888888888886,0.28888888888888886,0.9333333333333333,0.7666666666666667,0.6,0.9888888888888889
2026-03-09,^RUT,target_best_entry,index,"baseline_qroll_a0.12_cal(+0.010,0.854)",False,0.12,0.02,0.98,-0.07236736793932846,0.13792194932861224,757,13.192007780075073,False,-0.18,0.0,-0.13523579274357073,-0.18089657286025743,0.0,-0.18,0.0,-0.05409431709742829,,2183.7890948094755,2068.4819245512767,2525.300048828125,2070.746040039063,2525.300048828125,2388.695667220665,,0.07851942832451125,0.1491625765085091,1.0,1.0,0.025529696963615543,0.05178900976641708,1.0,1.0,1.0,1.0,1.0,1.0
2026-03-09,^RUT,target_best_sale,index,"baseline_qroll_a0.92_cal(-0.003,0.700)",False,0.92,0.02,0.98,-0.08517355379393553,0.10257741379650753,757,0.545853853225708,False,0.0,0.15,0.11896078298350081,0.07896275138796108,0.16713177568327464,0.07896275138796108,0.15,0.09496196402617697,,2825.7117199049917,2724.7046887637466,2947.3579301218297,2724.7046887637466,2904.0950561523437,2765.107501220244,,0.03601071473788476,0.1105920923038555,0.8666666666666667,0.6,0.032572428093658616,0.06815264333358512,0.7333333333333333,0.7333333333333333,0.9333333333333333,0.7888888888888889,1.0,0.9333333333333333
2026-03-09,^TNX,target_best_entry,index,"baseline_qroll_a0.15_cal(+0.030,1.116)",False,0.15,0.02,0.98,-0.07557466339296337,0.14240283084586522,757,0.6762773990631104,False,-0.18,0.0,-0.18,-0.19000970860353106,-0.0750601857029666,-0.18,-0.0750601857029666,-0.11703611142177996,,3.3890599155426027,3.347689790915177,3.8227761572237737,3.3890599155426027,3.8227761572237737,3.649289660551305,,0.037915254109159996,0.07108587352346739,0.9777777777777777,0.9777777777777777,0.022521416123927798,0.05224030678228537,0.9666666666666667,0.9666666666666667,1.0,1.0,1.0,0.9888888888888889
2026-03-09,^TNX,target_best_sale,index,"baseline_qroll_a0.88_cal(-0.026,0.893)",False,0.88,0.02,0.98,-0.10965312842370563,0.1101288094172918,757,0.6873874664306641,False,0.0,0.15,0.15,0.06786667009751197,0.2324896285739093,0.06786667009751197,0.15,0.10072000205850717,,4.75294988155365,4.413492837526139,5.093879507953448,4.413492837526139,4.75294988155365,4.549275655137143,,0.029089835272147615,0.05253112097190189,0.9777777777777777,0.9777777777777777,0.020082719039753175,0.06047282453403163,0.9111111111111111,0.9111111111111111,1.0,0.9888888888888889,0.9555555555555556,0.9444444444444444
2026-03-09,^TWII,target_best_entry,index,"baseline_ewmgauss_a0.18_cal(-0.019,0.700)",False,0.18,0.02,0.98,-0.1568019050000909,0.12922682141035566,757,13.15153956413269,False,-0.18,0.0,-0.10909872627555042,-0.23074159548576992,0.0,-0.18,0.0,-0.043639490510220175,,28607.21400822538,24701.21039738351,32110.419921875,26330.544335937502,32110.419921875,30709.13755641515,,0.10338392469125018,0.13877563532133427,1.0,0.7888888888888889,0.08673411219664083,0.11454127043597546,1.0,1.0,1.0,1.0,1.0,1.0
2026-03-09,^TWII,target_best_sale,index,"baseline_qroll_a0.92_cal(-0.008,0.739)",False,0.92,0.02,0.98,-0.08413086541983683,0.09428615416839559,757,0.500023365020752,False,0.0,0.15,0.12470067759118808,0.07020076901642827,0.1857791742451838,0.07020076901642827,0.15,0.0920007324463322,,36114.6110438704,34364.59609383107,38075.867219627035,34364.59609383107,36926.98291015625,35064.60207384679,,0.03399342208775673,0.11621072729380948,0.8444444444444444,0.5111111111111111,0.0635688490693654,0.13787088474755102,0.26666666666666666,0.23333333333333334,0.9111111111111111,0.8,0.4222222222222222,0.4444444444444444
2026-03-09,^TYX,target_best_entry,index,"baseline_qroll_a0.12_cal(+0.018,0.900)",False,0.12,0.02,0.98,-0.06963317360424577,0.12954342420326365,757,0.500023365020752,False,-0.18,0.0,-0.160818614305942,-0.19258709540741467,-0.10171750472545736,-0.18,-0.10171750472545736,-0.1253579485576512,,3.9777195761164585,3.8271369829667066,4.257858822000785,3.886799812316895,4.257858822000785,4.145803123647054,,0.01432969047374056,0.02989391405768852,1.0,1.0,0.019593810111292315,0.04091291442946913,0.9111111111111111,0.9111111111111111,1.0,1.0,0.9111111111111111,0.9111111111111111
2026-03-09,^TYX,target_best_sale,index,"baseline_qroll_a0.88_cal(-0.009,0.766)",False,0.88,0.02,0.98,-0.1080272859334731,0.12885614328131292,757,0.7207176685333252,False,0.0,0.15,0.15,0.07896234811636305,0.2347344980519373,0.07896234811636305,0.15,0.10737740886981782,,5.450999736785889,5.114281283116678,5.852641238157884,5.114281283116678,5.450999736785889,5.248968664584362,,0.03191466962332088,0.06911200721277894,1.0,0.9666666666666667,0.016351899072862826,0.04191478952259386,1.0,1.0,1.0,1.0,1.0,1.0
2026-03-09,^VIX,target_best_entry,index,"baseline_qroll_a0.12_cal(-0.030,0.700)",False,0.12,0.02,0.98,-0.29795422323898396,0.16652577577135383,757,1.063295602798462,False,-0.18,0.0,-0.18,-0.47795422323898396,0.0,-0.18,0.0,-0.072,,24.181799812316896,15.395129837195567,29.489999771118164,24.181799812316896,29.489999771118164,27.366719787597656,,0.14306152112022488,0.29795422323898396,0.9888888888888889,0.16666666666666666,0.08812855559299013,0.24893726247689285,0.9888888888888889,0.28888888888888886,0.5777777777777777,0.37777777777777777,0.8222222222222222,0.6333333333333333
2026-03-09,^VIX,target_best_sale,index,"baseline_qroll_a0.88_cal(-0.030,1.093)",False,0.88,0.02,0.98,-0.11511342639195643,0.2690675485932572,757,1.1319186687469482,False,0.0,0.15,0.15,0.0,0.4190675485932572,0.0,0.15,0.06,,33.91349973678589,29.489999771118164,41.84830168321637,29.489999771118164,33.91349973678589,31.259399757385257,,0.1355546157908696,0.2690675485932572,0.8,0.3,0.2395569914930091,0.2690675485932572,0.4888888888888889,0.044444444444444446,0.5777777777777777,0.4444444444444444,0.1,0.08888888888888889
2026-03-09,^VVIX,target_best_entry,index,"baseline_qroll_a0.12_cal(-0.008,0.700)",False,0.12,0.02,0.98,-0.29795422323898396,0.12363072283567879,757,1.239210844039917,False,-0.18,0.0,-0.18,-0.47795422323898396,0.0,-0.18,0.0,-0.072,,115.16080200195313,73.31611016284292,140.44000244140625,115.16080200195313,140.44000244140625,130.32832226562502,,0.09437889697238945,0.24205632755601525,0.9222222222222223,0.5777777777777777,0.060826287524134576,0.17039502608130772,1.0,0.5222222222222223,0.8111111111111111,0.7555555555555555,0.9555555555555556,0.7666666666666667
2026-03-09,^VVIX,target_best_sale,index,"baseline_qroll_a0.88_cal(-0.008,0.891)",False,0.88,0.02,0.98,-0.062165760677671225,0.2690675485932572,757,1.2010674476623535,False,0.0,0.15,0.15,0.057167650944412216,0.4190675485932572,0.057167650944412216,0.15,0.09430059056664733,,161.50600280761716,148.46862747960895,199.29384998895742,148.46862747960895,161.50600280761716,153.68357761081225,,0.1509686771728586,0.2690675485932572,0.8,0.1,0.17395828603605004,0.2690675485932572,0.7444444444444445,0.05555555555555555,0.37777777777777777,0.23333333333333334,0.15555555555555556,0.08888888888888889
2026-03-10,000001.SS,target_best_entry,other,"baseline_qroll_a0.12_cal(+0.012,0.846)",False,0.12,0.02,0.98,-0.054699111882551284,0.0731905743280975,757,1.1821184158325195,False,-0.21069876381275293,0.0,-0.1337374343079157,-0.20090263656159796,-0.04386651029062896,-0.20090263656159796,-0.04386651029062896,-0.07981487989754366,,3548.7338490887564,3273.5846782041663,3916.899348488154,3273.5846782041663,3916.899348488154,3769.6331487283946,,0.04604620093391611,0.07456330539747644,0.9666666666666667,0.9666666666666667,0.012021954514822658,0.025987499544423753,1.0,1.0,1.0,1.0,1.0,1.0
2026-03-10,000001.SS,target_best_sale,other,"baseline_qroll_a0.90_cal(-0.020,0.902)",False,0.9,0.02,0.98,-0.18728751061221455,0.10883232801728204,757,0.6557044982910156,False,0.0,0.25,0.24018577242587752,0.11262414570178433,0.3143115310345201,0.11262414570178433,0.25,0.1636487963914216,,5080.548789788497,4557.979443577683,5384.212596908814,4557.979443577683,5120.7537841796875,4767.007182062008,,0.03353049676556499,0.07937515088624107,0.8666666666666667,0.8666666666666667,0.021471043928463662,0.04750568186397745,1.0,1.0,0.9666666666666667,0.9555555555555556,1.0,1.0
2026-03-10,399001.SZ,target_best_entry,other,"baseline_qroll_a0.12_cal(+0.013,0.826)",False,0.12,0.02,0.98,-0.07186327980024294,0.12572188710695215,757,1.2214884757995605,False,-0.25,0.0,-0.16838593402484298,-0.24646191514912563,-0.0317951784685066,-0.24646191514912563,-0.0317951784685066,-0.08643148069104115,,11698.73087310552,10600.397008639675,13620.221326894283,10600.397008639675,13620.221326894283,12851.625145378779,,0.06683472286150892,0.12439823516568181,1.0,1.0,0.02446905223655623,0.04681354194155966,1.0,1.0,1.0,1.0,1.0,1.0
2026-03-10,399001.SZ,target_best_sale,other,"baseline_qroll_a0.92_cal(-0.026,0.897)",False,0.92,0.02,0.98,-0.19576484077476167,0.16906754859325718,757,0.6991984844207764,False,0.0,0.25,0.25,0.1282535753933518,0.35514334176034257,0.1282535753933518,0.25,0.1769521452360111,,17584.375,15871.707171845976,19063.47896021362,15871.707171845976,17584.375,16556.774303107588,,0.05533277677077211,0.11795597123375452,0.8444444444444444,0.7555555555555555,0.05943901199379948,0.15956995365987767,0.8888888888888888,0.8888888888888888,0.9888888888888889,0.9555555555555556,1.0,1.0
2026-03-10,ABCB4.SA,target_best_entry,equity_br,"baseline_qroll_a0.12_cal(+0.005,0.765)",False,0.12,0.02,0.98,-0.06155882687238583,0.06776405829467114,757,0.6507277488708496,False,-0.22774668121246067,0.0,-0.15179045104649522,-0.2011441079141995,-0.09746186405162918,-0.2011441079141995,-0.09746186405162918,-0.1191932988495756,,22.68960543450625,21.369395113295163,24.14289513661892,21.369395113295163,24.14289513661892,23.56157925577385,,0.02119586154833516,0.05225174539033281,0.8555555555555555,0.8555555555555555,0.03516874227512464,0.055657096646487575,0.5,0.5,1.0,1.0,1.0,1.0
2026-03-10,ABCB4.SA,target_best_sale,equity_br,"baseline_ewmgauss_a0.85_cal(+0.005,0.700)",False,0.85,0.02,0.98,-0.14270920997051345,0.11241930028303064,757,0.5323021411895752,False,0.0,0.26,0.14797505606182262,0.054382805463061346,0.22170243025442565,0.054382805463061346,0.22170243025442565,0.09181970570256587,,30.708332749653756,28.20474004613689,32.680540009305886,28.20474004613689,32.680540009305886,29.206177127543636,,0.03810662287848065,0.06519248512072366,0.9333333333333333,0.9333333333333333,0.0892523283895639,0.1733562671376748,0.26666666666666666,0.26666666666666666,1.0,1.0,0.6888888888888889,0.37777777777777777
2026-03-10,ABEV3.SA,target_best_entry,equity_br,"baseline_qroll_a0.12_cal(+0.008,0.757)",False,0.12,0.02,0.98,-0.07713301416023993,0.08056948080618713,757,1.2578794956207275,False,-0.17704079873135736,0.0,-0.11365789153840739,-0.17704079873135736,-0.016275401823445654,-0.17704079873135736,-0.016275401823445654,-0.05522839770943035,,13.498989906134836,12.533668258600601,14.982125179915538,12.533668258600601,14.982125179915538,14.388871070403258,,0.036342153276402604,0.0796739384176747,0.9888888888888889,0.9888888888888889,0.02513873884200457,0.04384466816968414,1.0,1.0,1.0,1.0,1.0,1.0
2026-03-10,ABEV3.SA,target_best_sale,equity_br,"baseline_ewmgauss_a0.82_cal(+0.003,0.700)",False,0.82,0.02,0.98,-0.13272111903882716,0.22566136322865632,757,2.6282846927642822,False,0.0,0.3,0.1872038639110483,0.0,0.4190675485932572,0.0,0.3,0.07488154556441932,,18.081114303906464,15.229999542236328,21.612398115477735,15.229999542236328,19.798999404907228,16.370445446904384,,0.09074790118531292,0.1409271675555851,1.0,1.0,0.16502241983852503,0.24058302465679565,1.0,0.2111111111111111,1.0,1.0,1.0,0.7111111111111111
2026-03-10,AGRO3.SA,target_best_entry,equity_br,"baseline_qroll_a0.12_cal(+0.010,0.837)",False,0.12,0.02,0.98,-0.058626885411076475,0.07026279155248431,757,0.5537278652191162,False,-0.23179264294174212,0.0,-0.16818885108434484,-0.21626406918274932,-0.11057195732641337,-0.21626406918274932,-0.11057195732641337,-0.13361871482958596,,17.80907657135987,16.779786159208726,19.04265425792554,16.779786159208726,19.04265425792554,18.549223183299272,,0.02024488459793738,0.0593420383677962,0.9222222222222223,0.9222222222222223,0.014250428952128736,0.04245977023667514,0.8222222222222222,0.8222222222222222,1.0,1.0,1.0,0.9777777777777777
2026-03-10,AGRO3.SA,target_best_sale,equity_br,"baseline_qroll_a0.82_cal(+0.005,0.704)",False,0.82,0.02,0.98,-0.1254859096208628,0.10146172069761825,757,0.500023365020752,False,0.0,0.26,0.15683731192853748,0.0639164300141041,0.2319685565141938,0.0639164300141041,0.2319685565141938,0.10108478277987745,,24.767886671870624,22.778450604261206,26.376446606985407,22.778450604261206,26.376446606985407,23.574225031304973,,0.029878230679183156,0.060923486216093135,0.9888888888888889,0.9888888888888889,0.030062317732648457,0.0835831167206114,0.6222222222222222,0.6222222222222222,1.0,1.0,0.8888888888888888,0.8
2026-03-10,ALUP11.SA,target_best_entry,equity_br,"baseline_qroll_a0.12_cal(-0.004,0.729)",False,0.12,0.02,0.98,-0.04263056506453285,0.060343518501142855,757,0.8669359683990479,False,-0.15447867391449605,0.0,-0.09666135824384975,-0.14428841318939176,-0.02924531374829327,-0.14428841318939176,-0.02924531374829327,-0.05621173154651586,,30.61414601776178,29.00006515472661,32.8988757245687,29.00006515472661,32.8988757245687,31.984983841845935,,0.015475485361827405,0.035595775781637175,1.0,1.0,0.018706870807303228,0.04645433107016144,0.8444444444444444,0.8444444444444444,1.0,1.0,1.0,0.9888888888888889
2026-03-10,ALUP11.SA,target_best_sale,equity_br,"baseline_qroll_a0.82_cal(+0.009,0.700)",False,0.82,0.02,0.98,-0.09302710302504054,0.06771438800028318,757,0.837437629699707,False,0.0,0.2528596002100187,0.10460117427487692,0.004207214348263405,0.1776778942231022,0.004207214348263405,0.1776778942231022,0.04436479831890881,,37.43493312198053,34.032581881343205,39.9115031164234,34.032581881343205,39.9115031164234,35.39352237759813,,0.034237672350638834,0.0768641307058478,0.9444444444444444,0.9444444444444444,0.01964977951724443,0.04223995960318772,1.0,1.0,1.0,1.0,1.0,1.0
2026-03-10,ASAI3.SA,target_best_entry,equity_br,"baseline_qroll_a0.10_cal(-0.006,0.780)",False,0.1,0.02,0.98,-0.21202836822305238,0.14867366549088382,757,0.7220728397369385,False,-0.18475617958292614,0.0,-0.15394297767253298,-0.29932503515274533,-0.05200150840908403,-0.18475617958292614,-0.05200150840908403,-0.09277809611446361,,7.081497180057357,5.8646493755856355,7.934747266126149,6.8235906835936575,7.934747266126149,7.593447231698632,,0.042770927160689365,0.08988434989185555,0.9888888888888889,0.9666666666666667,0.04964607989018763,0.10594584609951509,1.0,0.34444444444444444,1.0,1.0,0.9333333333333333,0.5222222222222223
2026-03-10,ASAI3.SA,target_best_sale,equity_br,"baseline_ewmgauss_a0.82_cal(+0.030,0.700)",False,0.82,0.02,0.98,-0.20398835587245157,0.23827696048795977,757,1.4155700206756592,False,0.0,0.3,0.2268556526192684,0.0,0.4190675485932572,0.0,0.3,0.09074226104770737,,10.26878167202079,8.369999885559082,11.87759521932617,8.369999885559082,10.880999851226807,9.129512600143764,,0.1329734262588816,0.22624843229862207,0.9666666666666667,0.4111111111111111,0.08867852360607456,0.19680541276696534,1.0,0.9777777777777777,1.0,0.6,1.0,1.0
2026-03-10,AXIA3.SA,target_best_entry,equity_br,"baseline_qroll_a0.08_cal(+0.030,1.049)",False,0.08,0.02,0.98,-0.07329605131850128,0.11369736875801723,757,0.500023365020752,False,-0.1891553741016255,0.0,-0.1891553741016255,-0.1891553741016255,-0.15367021480234438,-0.1891553741016255,-0.15367021480234438,-0.16786427852205682,,47.83172584272089,47.83172584272089,49.92499544934615,47.83172584272089,49.92499544934615,49.08768760669605,,0.02492102140764585,0.06523483550202214,0.7888888888888889,0.7888888888888889,0.0383113924558419,0.06494824164419322,0.4,0.4,0.9666666666666667,0.8555555555555555,0.8111111111111111,0.5555555555555556
2026-03-10,AXIA3.SA,target_best_sale,equity_br,"baseline_ewmgauss_a0.82_cal(-0.030,0.770)",False,0.82,0.02,0.98,-0.12095335003014525,0.15307433691389796,757,0.9061307907104492,False,0.0,0.3,0.20215988695688542,0.13375063583344965,0.28873624678392945,0.13375063583344965,0.28873624678392945,0.16111433628282396,,70.91541374937214,66.87995191077799,76.022553360885,66.87995191077799,76.022553360885,68.49413664621565,,0.04079519510749108,0.10077259184875702,0.9666666666666667,0.9666666666666667,0.11954422585490815,0.22235292471954937,0.5333333333333333,0.35555555555555557,1.0,1.0,1.0,0.7
2026-03-10,AXIA6.SA,target_best_entry,equity_br,"baseline_qroll_a0.12_cal(+0.010,0.860)",False,0.12,0.02,0.98,-0.07565957811247562,0.09185165829299298,757,0.5505034923553467,False,-0.2124970598989644,0.0,-0.20885815584093476,-0.2124970598989644,-0.146880118167734,-0.2124970598989644,-0.146880118167734,-0.1716713332370143,,52.28656158322465,52.04606642735554,56.38268986607615,52.04606642735554,56.38268986607615,54.74423855293555,,0.02312471498439793,0.069650608905971,0.7666666666666667,0.7666666666666667,0.013382533734221895,0.051081818279168634,0.9,0.9,0.9666666666666667,0.8777777777777778,0.9444444444444444,0.9
2026-03-10,AXIA6.SA,target_best_sale,equity_br,"baseline_qroll_a0.88_cal(-0.010,0.821)",False,0.88,0.02,0.98,-0.15529830447518822,0.10338096572997779,757,0.5643355846405029,False,0.0,0.3,0.3,0.19257758990858576,0.37151032674710505,0.19257758990858576,0.3,0.23554655394515145,,85.91699523925782,78.81744854970886,90.64311247209535,78.81744854970886,85.91699523925782,81.65726722552843,,0.05222997595015553,0.09581638248627677,0.7666666666666667,0.7666666666666667,0.04189948312774323,0.11906754859325719,0.6777777777777778,0.35555555555555557,1.0,1.0,0.9333333333333333,0.6444444444444445
2026-03-10,BBAS3.SA,target_best_entry,equity_br,"baseline_qroll_a0.08_cal(+0.030,1.187)",False,0.08,0.02,0.98,-0.1513743315426046,0.0607769203723649,757,25.0,False,-0.14201299668489792,0.0,-0.14201299668489792,-0.14201299668489792,0.0,-0.14201299668489792,0.0,-0.05680519867395917,,21.192279636475156,21.192279636475156,24.700000762939453,21.192279636475156,24.700000762939453,23.296912312353733,,0.11357503350597745,0.22308111957662996,0.0,0.0,0.033310436049703414,0.08063639697777845,1.0,1.0,0.8222222222222222,0.12222222222222222,1.0,1.0
2026-03-10,BBAS3.SA,target_best_sale,equity_br,"baseline_qroll_a0.92_cal(-0.030,0.919)",False,0.92,0.02,0.98,-0.15892517451778637,0.08077196084612526,757,0.5648496150970459,False,0.0,0.3,0.3,0.2013952406419095,0.34941781189576465,0.2013952406419095,0.3,0.2408371443851457,,32.11000099182129,29.674463360446993,33.330620983349476,29.674463360446993,32.11000099182129,30.64867841299671,,0.022979555554540995,0.04908136906915079,1.0,1.0,0.06541604316104636,0.11451984315857305,0.45555555555555555,0.45555555555555555,1.0,1.0,0.8888888888888888,0.6333333333333333
2026-03-10,BBDC4.SA,target_best_entry,equity_br,"baseline_qroll_a0.12_cal(+0.007,0.807)",False,0.12,0.02,0.98,-0.08522512609505262,0.15102705590867904,757,0.500023365020752,False,-0.19350536092183826,0.0,-0.1643130901873334,-0.19350536092183826,-0.06939940276101857,-0.19350536092183826,-0.06939940276101857,-0.10736487773154449,,16.33767844925912,15.766969578671484,18.193240966030178,15.766969578671484,18.193240966030178,17.451015959321754,,0.017862816948862208,0.04266345337252266,1.0,1.0,0.0229181761260964,0.05773428051339473,0.7444444444444445,0.7444444444444445,1.0,1.0,0.9777777777777777,0.9222222222222223
2026-03-10,BBDC4.SA,target_best_sale,equity_br,"baseline_qroll_a0.82_cal(+0.012,0.703)",False,0.82,0.02,0.98,-0.1928020476803967,0.16436736638160443,757,1.0718121528625488,False,0.0,0.3,0.1891192832647012,0.0,0.4105399045180089,0.0,0.3,0.07564771330588049,,23.247281080598896,19.549999237060547,27.57605405717053,19.549999237060547,25.41499900817871,21.02891197447589,,0.09938054564034228,0.18899588171334814,1.0,0.5111111111111111,0.03915036898395124,0.09070907646202775,1.0,1.0,1.0,0.8333333333333334,1.0,1.0
2026-03-10,BBSE3.SA,target_best_entry,equity_br,"baseline_qroll_a0.18_cal(-0.005,0.833)",False,0.18,0.02,0.98,-0.06527396581450343,0.08387203979805061,757,13.25769853591919,False,-0.143266968970677,0.0,-0.10902515565675625,-0.143266968970677,0.0,-0.143266968970677,0.0,-0.043610062262702504,,30.471340356298796,29.300270314838276,34.20000076293945,29.300270314838276,34.20000076293945,32.70853660028319,,0.033648290406763245,0.07613436275662087,0.4777777777777778,0.4777777777777778,0.017590526530048542,0.035367482841012085,1.0,1.0,1.0,0.8555555555555555,1.0,1.0
2026-03-10,BBSE3.SA,target_best_sale,equity_br,"baseline_qroll_a0.88_cal(+0.000,0.737)",False,0.88,0.02,0.98,-0.0967209814539178,0.08153815120447297,757,0.5640435218811035,False,0.0,0.3,0.1399869354339718,0.06516492379973458,0.20306371987460517,0.06516492379973458,0.20306371987460517,0.09509372845342948,,38.98755406158284,36.42864120660727,41.14478013757628,36.42864120660727,41.14478013757628,37.4522063485975,,0.04740429091316199,0.07234998947755544,0.6555555555555556,0.6555555555555556,0.033940189596804365,0.062396663380524665,0.5444444444444444,0.5444444444444444,1.0,1.0,0.9777777777777777,0.8222222222222222
2026-03-10,BEEF3.SA,target_best_entry,equity_br,"baseline_ewmgauss_a0.18_cal(-0.026,0.700)",False,0.18,0.02,0.98,-0.14059995427847288,0.1777438913395611,757,0.9170539379119873,False,-0.3,0.0,-0.1942877971374914,-0.30947698312037664,-0.04866773444328018,-0.3,-0.04866773444328018,-0.10691575952096466,,3.553190691681737,3.0452063990736886,4.195375145943351,3.0869998931884766,4.195375145943351,3.9385013642387054,,0.10196899070188105,0.17112326095539046,0.9111111111111111,0.7888888888888889,0.046483230135085034,0.08783192115182782,0.8666666666666667,0.8666666666666667,1.0,0.9333333333333333,1.0,1.0
2026-03-10,BEEF3.SA,target_best_sale,equity_br,"baseline_ewmgauss_a0.82_cal(+0.006,0.700)",False,0.82,0.02,0.98,-0.17306274239223704,0.2501343484168305,757,1.1058316230773926,False,0.0,0.3,0.21591723575391425,0.044945533315741526,0.4190675485932572,0.044945533315741526,0.3,0.11333421429101062,,5.3621948241405155,4.608209642476385,6.2580876727637404,4.608209642476385,5.732999801635742,4.909803715142037,,0.09904753151160388,0.20708797728441009,0.9888888888888889,0.8555555555555555,0.12481896188202109,0.19283679812054128,0.7777777777777778,0.7777777777777778,1.0,0.9666666666666667,0.9666666666666667,1.0
2026-03-10,BRCO11.SA,target_best_entry,equity_br,"baseline_qroll_a0.12_cal(-0.005,0.728)",False,0.12,0.02,0.98,-0.09450328051366566,0.03885994082340982,757,0.9551272392272949,False,-0.04549019813266275,0.0,-0.04549019813266275,-0.14336464367993296,0.0,-0.04549019813266275,0.0,-0.0181960792530651,,116.44064869074354,104.50094528751443,121.98999786376953,116.44064869074354,121.98999786376953,119.77025819455913,,0.014219174931417852,0.025586118077449396,1.0,0.9555555555555556,0.011673718424581158,0.020596119392461042,1.0,1.0,1.0,1.0,1.0,1.0
2026-03-10,BRCO11.SA,target_best_sale,equity_br,"baseline_qroll_a0.82_cal(+0.011,0.700)",False,0.82,0.02,0.98,-0.06359444943913774,0.11139897268460504,757,0.7586507797241211,False,0.0,0.11408383200186926,0.0491926205727471,0.0,0.1664040731136971,0.0,0.11408383200186926,0.01967704822909884,,127.99100554235217,121.98999786376953,142.289630387432,121.98999786376953,135.9070842859682,124.39040093520259,,0.03330117250550103,0.07524288906549803,0.6666666666666666,0.6666666666666666,0.014401040162286747,0.03293714674357266,1.0,1.0,0.8888888888888888,0.9555555555555556,1.0,1.0
2026-03-10,BRCR11.SA,target_best_entry,equity_br,"baseline_qroll_a0.12_cal(+0.000,0.833)",False,0.12,0.02,0.98,-0.06146395823129091,0.09940263822418816,757,0.6223275661468506,False,-0.16070363665070325,0.0,-0.11127241664538962,-0.150580369987474,-0.04770159599155001,-0.150580369987474,-0.04770159599155001,-0.07312992425308584,,42.88999168099376,40.99298991868186,45.957919379046544,40.99298991868186,45.957919379046544,44.73074829982543,,0.011716197560646515,0.03383288668608675,0.9,0.9,0.0447072716824294,0.07718661406420947,0.8444444444444444,0.8444444444444444,1.0,0.9555555555555556,1.0,1.0
2026-03-10,BRCR11.SA,target_best_sale,equity_br,"baseline_qroll_a0.88_cal(+0.004,0.700)",False,0.88,0.02,0.98,-0.1329527290831397,0.07243106522479266,757,0.6533679962158203,False,0.0,0.18271370234289602,0.08500124938181074,0.0,0.13363341375397988,0.0,0.13363341375397988,0.034000499752724296,,52.36215847402761,48.2599983215332,54.70914664500102,48.2599983215332,54.70914664500102,49.90086238253097,,0.04993272580407159,0.08681846733397482,0.6,0.6,0.06396322413552595,0.11437217744902387,0.35555555555555557,0.2777777777777778,1.0,0.9888888888888889,0.9222222222222223,0.37777777777777777
2026-03-10,BRKM5.SA,target_best_entry,equity_br,"baseline_ewmgauss_a0.18_cal(-0.026,0.700)",False,0.18,0.02,0.98,-0.17620839548983758,0.19590885567560645,757,0.6667211055755615,False,-0.3,0.0,-0.2486514294404833,-0.38803359427397704,-0.08485402991997751,-0.3,-0.08485402991997751,-0.15037298972817983,,8.835859361749955,7.196725071406025,10.762116817601354,8.232000160217284,10.762116817601354,9.991613835260795,,0.053242569762849606,0.15108376405659169,0.9333333333333333,0.8222222222222222,0.16359403416669302,0.2384495827308235,0.3333333333333333,0.28888888888888886,0.9777777777777777,1.0,0.6333333333333333,1.0
2026-03-10,BRKM5.SA,target_best_sale,equity_br,"baseline_ewmgauss_a0.85_cal(-0.001,0.700)",False,0.85,0.02,0.98,-0.2300406829987404,0.19435002167911286,757,0.6349563598632812,False,0.0,0.3,0.21694922846551415,0.03377800033328812,0.37170156050707215,0.03377800033328812,0.3,0.10704649158617854,,14.31132320529202,12.157229520532475,16.13121066552074,12.157229520532475,15.288000297546388,13.018866994436294,,0.07046470435993481,0.15472220123777936,0.9666666666666667,0.9666666666666667,0.17736269680141498,0.23122114606950983,0.15555555555555556,0.12222222222222222,1.0,0.9888888888888889,1.0,0.4666666666666667
2026-03-10,BRL=X,target_best_entry,fx,"baseline_ewmgauss_a0.12_cal(+0.001,0.700)",False,0.12,0.02,0.98,-0.04110852972117311,0.0582970623077054,757,1.6585195064544678,False,-0.11862978215593084,0.0,-0.04785915404460194,-0.1138187074532741,0.0,-0.1138187074532741,0.0,-0.019143661617840778,,5.011498202697076,4.664326684152909,5.263400077819824,4.664326684152909,5.263400077819824,5.162639327770725,,0.01087545214055756,0.02999986220954405,1.0,1.0,0.01889886295759788,0.03788727192694782,1.0,1.0,1.0,1.0,1.0,1.0
2026-03-10,BRL=X,target_best_sale,fx,"baseline_qroll_a0.88_cal(-0.005,0.769)",False,0.88,0.02,0.98,-0.06115266465843013,0.05872852126941972,757,0.8256382942199707,False,0.0,0.15,0.10930534510001824,0.06045918909868006,0.15621519813221194,0.06045918909868006,0.15,0.07999765149921534,,5.838717839725383,5.5816209784267405,6.085623163825548,5.5816209784267405,6.052910089492797,5.6844597229461975,,0.02601955828109441,0.05464179552950007,1.0,1.0,0.014498722357272236,0.03024292335898092,0.9777777777777777,0.9777777777777777,1.0,1.0,1.0,1.0
2026-03-10,BRSR6.SA,target_best_entry,equity_br,"baseline_qroll_a0.12_cal(+0.009,0.879)",False,0.12,0.02,0.98,-0.08569106794747929,0.12355356138824193,757,0.500023365020752,False,-0.21972679113493837,0.0,-0.21972679113493837,-0.21972679113493837,-0.14835201999734252,-0.21972679113493837,-0.14835201999734252,-0.17690192845238084,,13.951284319675967,13.951284319675967,15.227465167716089,13.951284319675967,15.227465167716089,14.71699282850004,,0.02780865918277969,0.058379965160405056,0.8555555555555555,0.8555555555555555,0.012723327723941568,0.029667409597280474,1.0,1.0,1.0,0.9666666666666667,1.0,1.0
2026-03-10,BRSR6.SA,target_best_sale,equity_br,"baseline_ewmgauss_a0.82_cal(-0.005,0.700)",False,0.82,0.02,0.98,-0.18353987488740578,0.1530080079085914,757,0.5083062648773193,False,0.0,0.3,0.21097537308101375,0.10319118473617167,0.3008296565319847,0.10319118473617167,0.3,0.1463048600741085,,21.65223865439755,19.725057457247864,23.25883316709219,19.725057457247864,23.243998908996584,20.49592993610774,,0.08045295904361448,0.14449024532245744,0.5222222222222223,0.5222222222222223,0.20217259924971936,0.24635058820999134,0.0,0.0,1.0,0.9444444444444444,0.3111111111111111,0.022222222222222223
2026-03-10,BTC-USD,target_best_entry,crypto,"baseline_qroll_a0.12_cal(+0.001,0.749)",False,0.12,0.02,0.98,-0.09885195648896668,0.16029846450420165,757,0.8462462425231934,False,-0.257899975080186,0.0,-0.257899975080186,-0.38313801710260775,-0.054813799077714914,-0.257899975080186,-0.054813799077714914,-0.13604826947870335,,51892.770466003385,43135.25968572353,66093.96162922068,51892.770466003385,66093.96162922068,60413.485163933765,,0.06501435572921675,0.1565808780712269,0.9555555555555556,0.9555555555555556,0.06435702973019168,0.14594313559379507,0.6777777777777778,0.07777777777777778,1.0,1.0,0.9222222222222223,0.4777777777777778
2026-03-10,BTC-USD,target_best_sale,crypto,"baseline_ewmgauss_a0.82_cal(+0.004,0.859)",False,0.82,0.02,0.98,-0.3144905671712174,0.12361651965443282,757,0.8227293491363525,False,0.0,0.35,0.2577994072402298,0.0,0.41006008154378715,0.0,0.35,0.10311976289609193,,87954.04088450887,69926.921875,98601.16116116854,69926.921875,94401.34453125001,77137.76947880356,,0.09091220714339282,0.1824497882880216,0.9888888888888889,0.7555555555555555,0.20539143304201793,0.26426047065870406,0.6444444444444445,0.6444444444444445,1.0,1.0,1.0,1.0
2026-03-10,BTLG11.SA,target_best_entry,equity_br,"baseline_qroll_a0.12_cal(+0.001,0.826)",False,0.12,0.02,0.98,-0.03490731710689914,0.06408638259761654,757,0.8493187427520752,False,-0.1504941220262601,0.0,-0.08300808419495072,-0.11037498569508303,-0.032765159060434104,-0.11037498569508303,-0.032765159060434104,-0.052862329114240755,,94.69775206690647,91.87157224085668,99.88633877688584,91.87157224085668,99.88633877688584,97.81090409289409,,0.008484426709273032,0.015952212775851897,1.0,1.0,0.003467821242577015,0.009432579845811622,1.0,1.0,1.0,1.0,1.0,1.0
2026-03-10,BTLG11.SA,target_best_sale,equity_br,"baseline_qroll_a0.88_cal(+0.003,0.703)",False,0.88,0.02,0.98,-0.054337214350759444,0.04766759418472619,757,0.993994951248169,False,0.0,0.09077063257507341,0.08160327001421025,0.03174697537375076,0.12533995487873986,0.03174697537375076,0.09077063257507341,0.05168949322993456,,111.69716606349714,106.54850668334116,116.21385336263597,106.54850668334116,112.64387956438325,108.60797043540354,,0.02542508097599737,0.04532362486324116,0.45555555555555555,0.4222222222222222,0.02399205696586392,0.04178625691968968,0.9222222222222223,0.9222222222222223,0.9666666666666667,1.0,1.0,1.0
2026-03-10,BZ=F,target_best_entry,future,"baseline_ewmgauss_a0.18_cal(-0.017,0.700)",False,0.18,0.02,0.98,-0.10686233206616853,0.15737799858192605,757,1.4942634105682373,False,-0.23821860351640023,0.0,-0.1406706829182583,-0.23821860351640023,0.0,-0.23821860351640023,0.0,-0.05626827316730332,,85.03922843166968,75.38588629858533,98.95999908447266,75.38588629858533,98.95999908447266,93.39169082335147,,0.08017675839343993,0.1429872326634052,1.0,1.0,0.051595692067060564,0.09179378421033488,1.0,1.0,1.0,1.0,1.0,1.0
2026-03-10,BZ=F,target_best_sale,future,"baseline_qroll_a0.92_cal(-0.012,0.756)",False,0.92,0.02,0.98,-0.09182334274986034,0.12431360244738504,757,1.2170374393463135,False,0.0,0.28,0.2258920580675118,0.06287480731606956,0.4190675485932572,0.06287480731606956,0.28,0.12808170761664645,,121.31427694402328,105.1820899589073,140.4309233095936,105.1820899589073,126.668798828125,111.63496475295369,,0.06097008553400255,0.1585933788290584,0.9555555555555556,0.8777777777777778,0.05799622633945818,0.2274801004591618,0.8777777777777778,0.8777777777777778,1.0,1.0,0.8888888888888888,0.8777777777777778
2026-03-10,CL=F,target_best_entry,future,"baseline_qroll_a0.15_cal(+0.022,0.898)",False,0.15,0.02,0.98,-0.12717055714877848,0.14761523516583538,757,0.7789199352264404,False,-0.24183359166547608,0.0,-0.18324420028412078,-0.24183359166547608,-0.006451107754870455,-0.24183359166547608,-0.006451107754870455,-0.07716834476657058,,74.24310344044386,68.91732767447834,90.31359582111757,68.91732767447834,90.31359582111757,83.8853988688481,,0.0736531941334199,0.15450288866248246,0.9333333333333333,0.9333333333333333,0.019119611943089535,0.048286816770517216,1.0,1.0,1.0,1.0,1.0,1.0
2026-03-10,CL=F,target_best_sale,future,"baseline_qroll_a0.90_cal(-0.016,0.790)",False,0.9,0.02,0.98,-0.11188510844012936,0.14783014297491795,757,1.2849478721618652,False,0.0,0.28,0.2430751011226911,0.022020739907146647,0.4190675485932572,0.022020739907146647,0.28,0.11044248439336443,,112.99552858883469,92.90168681703952,128.9932423324523,92.90168681703952,116.352001953125,100.9392235257576,,0.06669405842375116,0.1597688044953223,1.0,0.6444444444444445,0.06048550607772928,0.22560825424673317,0.8777777777777778,0.8777777777777778,1.0,0.9444444444444444,0.9111111111111111,0.8777777777777778
2026-03-10,CMIG4.SA,target_best_entry,equity_br,"baseline_ewmgauss_a0.15_cal(+0.021,0.700)",False,0.15,0.02,0.98,-0.09172396910633375,0.08369102341267351,757,0.6522347927093506,False,-0.19659135369697597,0.0,-0.04165415926612773,-0.1086092390984569,0.0,-0.1086092390984569,0.0,-0.016661663706451092,,11.078478321021482,10.304477570064288,11.5600004196167,10.304477570064288,11.5600004196167,11.367391580178612,,0.035237114032783665,0.057041319533518896,0.8444444444444444,0.8444444444444444,0.01964896335054397,0.04366803092701896,0.9666666666666667,0.9666666666666667,1.0,1.0,1.0,1.0
2026-03-10,CMIG4.SA,target_best_sale,equity_br,"baseline_ewmgauss_a0.82_cal(+0.030,0.700)",False,0.82,0.02,0.98,-0.15467499647620672,0.08643186704801646,757,0.8092126846313477,False,0.0,0.22,0.15600409679933075,0.015923001959623456,0.23428094076867023,0.015923001959623456,0.22,0.07195543989550637,,13.363407844078887,11.744070328951505,14.26828819321072,11.744070328951505,14.103200511932373,12.391805335002458,,0.05351344536426494,0.10212232143364498,0.9888888888888889,0.9111111111111111,0.036291809615656936,0.09495259899403931,0.9444444444444444,0.9444444444444444,1.0,1.0,1.0,1.0
2026-03-10,COPX,target_best_entry,other,"baseline_ewmgauss_a0.18_cal(-0.010,0.700)",False,0.18,0.02,0.98,-0.1150493019061227,0.14550682267000858,757,1.686861276626587,False,-0.25,0.0,-0.12392171510587131,-0.33336593253194097,0.0,-0.25,0.0,-0.04956868604234853,,72.76706020444333,55.37062401637241,83.05999755859375,62.29499816894531,83.05999755859375,78.94282261693358,,0.12053704599131379,0.1486017645222804,1.0,0.8888888888888888,0.08149271241753056,0.12467485614596324,1.0,1.0,1.0,1.0,1.0,1.0
2026-03-10,COPX,target_best_sale,other,"baseline_ewmgauss_a0.92_cal(+0.005,0.700)",False,0.92,0.02,0.98,-0.20691917894033912,0.20153811736104807,757,0.9285612106323242,False,0.0,0.25,0.25,0.0,0.4190675485932572,0.0,0.25,0.1,,103.82499694824219,83.05999755859375,117.86774712163556,83.05999755859375,103.82499694824219,91.36599731445314,,0.06337513465395672,0.23263885251755365,0.9444444444444444,0.7444444444444445,0.12511183759922653,0.16906754859325718,1.0,0.044444444444444446,1.0,0.8888888888888888,1.0,0.16666666666666666
2026-03-10,CPFE3.SA,target_best_entry,equity_br,"baseline_ewmgauss_a0.18_cal(-0.007,0.700)",False,0.18,0.02,0.98,-0.04449301542464736,0.08791427613405577,757,0.6803312301635742,False,-0.20000404067757438,0.0,-0.06486072421985274,-0.10118421129258416,0.0,-0.10118421129258416,0.0,-0.0259442896879411,,46.00885308183789,44.221737490146886,49.20000076293945,44.221737490146886,49.20000076293945,47.92354169049883,,0.01979740652050391,0.040573223399349115,1.0,1.0,0.04574393229969058,0.06432505712782324,0.5444444444444444,0.5444444444444444,1.0,1.0,1.0,1.0
2026-03-10,CPFE3.SA,target_best_sale,equity_br,"baseline_qroll_a0.88_cal(+0.003,0.700)",False,0.88,0.02,0.98,-0.10164014395020529,0.10173702709505371,757,0.5507605075836182,False,0.0,0.3,0.17522005108933178,0.10804572012327224,0.24245841246881017,0.10804572012327224,0.24245841246881017,0.13491545250969605,,57.82082741021687,54.51585027543679,61.128954841386005,54.51585027543679,61.128954841386005,55.83784112934882,,0.03716052912697794,0.05582735488518571,0.9888888888888889,0.9888888888888889,0.1053156604733921,0.15855360904564786,0.1111111111111111,0.044444444444444446,1.0,1.0,0.2222222222222222,0.25555555555555554
2026-03-10,CPTS11.SA,target_best_entry,equity_br,"baseline_qroll_a0.12_cal(-0.004,0.700)",False,0.12,0.02,0.98,-0.16377939444745918,0.04435283129749741,757,0.8485944271087646,False,-0.04857885662885241,0.0,-0.026507122274195914,-0.10652611009984916,0.0,-0.04857885662885241,0.0,-0.010602848909678365,,7.953436885291431,7.2996817486508805,8.170000076293945,7.773110813929948,8.170000076293945,8.08337479989294,,0.009746168022703157,0.025724890412858633,0.9888888888888889,0.9444444444444444,0.007536470959123348,0.014468773657137182,1.0,1.0,1.0,1.0,1.0,1.0
2026-03-10,CPTS11.SA,target_best_sale,equity_br,"baseline_qroll_a0.82_cal(-0.000,1.300)",False,0.82,0.02,0.98,-0.19927458338052706,0.19906754859325718,757,13.07311487197876,False,0.0,0.22,0.22,0.0,0.24654911128389087,0.0,0.22,0.08800000000000001,,9.967400093078613,8.170000076293945,10.184306334293538,8.170000076293945,9.967400093078613,8.888960083007813,,0.11038685298773407,0.1906210614384645,1.0,1.0,0.03512320130748001,0.06833370172519247,1.0,1.0,1.0,1.0,1.0,1.0
2026-03-10,CSAN3.SA,target_best_entry,equity_br,"baseline_qroll_a0.18_cal(+0.015,0.927)",False,0.18,0.02,0.98,-0.14772460693237735,0.10190874867109459,757,25.0,False,-0.24103419710642224,0.0,-0.21186161647330196,-0.24103419710642224,0.0,-0.24103419710642224,0.0,-0.0847446465893208,,4.523914141052686,4.35646353489565,5.739999771118164,4.35646353489565,5.739999771118164,5.253565519091973,,0.07046593061837704,0.13753722822121603,0.4222222222222222,0.4222222222222222,0.043113899503260396,0.09906847374865707,0.8,0.8,1.0,0.7444444444444445,1.0,0.9555555555555556
2026-03-10,CSAN3.SA,target_best_sale,equity_br,"baseline_qroll_a0.88_cal(-0.021,0.833)",False,0.88,0.02,0.98,-0.15957261561221295,0.10629394505004237,757,0.6304352283477783,False,0.0,0.3,0.2430139060581766,0.14405641015506077,0.3089311224393221,0.14405641015506077,0.3,0.1836394085163071,,7.134899536270629,6.566883532436317,7.5132643432111506,6.566883532436317,7.461999702453613,6.794089933970042,,0.05722837037426816,0.12161165654695846,0.7777777777777778,0.7777777777777778,0.11240980684061892,0.2983125150203705,0.5111111111111111,0.5111111111111111,0.9888888888888889,1.0,0.5666666666666667,0.8111111111111111
2026-03-10,CSMG3.SA,target_best_entry,equity_br,"baseline_ewmgauss_a0.18_cal(-0.019,0.700)",False,0.18,0.02,0.98,-0.08062127887468525,0.11623362630024305,757,1.167456865310669,False,-0.26,0.0,-0.1031931737289938,-0.2069447586829476,0.0,-0.2069447586829476,0.0,-0.04127726949159752,,48.13162072386256,42.56327334935869,53.66999816894531,42.56327334935869,53.66999816894531,51.45464719091221,,0.08922137743864676,0.11546034149288473,0.9888888888888889,0.9888888888888889,0.08447782463459028,0.1028356153748648,0.9111111111111111,0.9111111111111111,1.0,1.0,1.0,1.0
2026-03-10,CSMG3.SA,target_best_sale,equity_br,"baseline_ewmgauss_a0.92_cal(+0.007,0.700)",False,0.92,0.02,0.98,-0.22582327888804896,0.19557813594997348,757,0.8667840957641602,False,0.0,0.26,0.26,0.04423357965284355,0.4190675485932572,0.04423357965284355,0.26,0.13054014779170614,,67.62419769287109,56.04401430791932,76.16135273460982,56.04401430791932,67.62419769287109,60.67608766190003,,0.12222902754549396,0.207467581716514,0.9222222222222223,0.2222222222222222,0.11727176942573811,0.15906754859325717,0.6111111111111112,0.0,1.0,0.4222222222222222,0.6333333333333333,0.1111111111111111
2026-03-10,CSNA3.SA,target_best_entry,equity_br,"baseline_ewmgauss_a0.18_cal(-0.030,0.700)",False,0.18,0.02,0.98,-0.13156232726247874,0.20689105006273367,757,0.5391948223114014,False,-0.3,0.0,-0.18676851852368656,-0.2754318004991658,-0.04733924654586624,-0.2754318004991658,-0.04733924654586624,-0.10311095533699437,,5.847134398348172,5.209645395871123,6.849630871846908,5.209645395871123,6.849630871846908,6.448632282447414,,0.03751087477509829,0.09355428511402729,0.9666666666666667,0.9666666666666667,0.14100814950453688,0.19509231219055526,0.15555555555555556,0.15555555555555556,1.0,1.0,0.43333333333333335,0.8555555555555555
2026-03-10,CSNA3.SA,target_best_sale,equity_br,"baseline_qroll_a0.85_cal(-0.024,0.922)",False,0.85,0.02,0.98,-0.26350178729855306,0.172339054163142,757,0.607163667678833,False,0.0,0.3,0.3,0.10003412688096483,0.4190675485932572,0.10003412688096483,0.3,0.18002047612857888,,9.347000074386598,7.909245435218595,10.203095755585215,7.909245435218595,9.347000074386598,8.484347290885795,,0.07722827528991262,0.16036391610243447,0.9666666666666667,0.9666666666666667,0.057902443698313606,0.12539777248872241,0.8111111111111111,0.6555555555555556,1.0,1.0,0.9777777777777777,0.8222222222222222
2026-03-10,CURY3.SA,target_best_entry,equity_br,"baseline_qroll_a0.18_cal(-0.027,0.700)",False,0.18,0.02,0.98,-0.19079551246082313,0.07231833844832279,757,0.8457438945770264,False,-0.08213542742141774,0.0,-0.08087928608561094,-0.2648534083046892,-0.011146499057381881,-0.08213542742141774,-0.011146499057381881,-0.03903961386867351,,32.922903691920034,26.3329506901771,35.420732101990446,32.877908709654776,35.420732101990446,34.42160073796228,,0.03134761156208648,0.06709167553556059,0.9555555555555556,0.9555555555555556,0.03178699656904018,0.06624338903414642,0.7666666666666667,0.2777777777777778,0.9666666666666667,1.0,0.6666666666666666,0.7111111111111111
2026-03-10,CURY3.SA,target_best_sale,equity_br,"baseline_ewmgauss_a0.82_cal(+0.009,0.700)",False,0.82,0.02,0.98,-0.18406802980175915,0.21702762592400965,757,0.8785367012023926,False,0.0,0.3,0.20909689862934477,0.024727862507643833,0.4190675485932572,0.024727862507643833,0.3,0.09847547695632422,,43.30985053991604,36.70575172230168,50.83099915754542,36.70575172230168,46.565999603271486,39.347391249347424,,0.07204315883461286,0.13097491742821343,1.0,0.9,0.03458339728048057,0.08005668786689404,1.0,0.9666666666666667,1.0,1.0,1.0,1.0
2026-03-10,CXSE3.SA,target_best_entry,equity_br,"baseline_qroll_a0.08_cal(-0.000,0.700)",False,0.08,0.02,0.98,-0.06642383278309953,0.07396850817766917,757,0.7952520847320557,False,-0.1611328302512272,0.0,-0.06627156441466894,-0.13347843439171608,0.0,-0.13347843439171608,0.0,-0.02650862576586758,,16.70440114271896,15.502070279849407,17.889999389648438,15.502070279849407,17.889999389648438,17.41576009087665,,0.022835639812019,0.07374182645880747,0.9333333333333333,0.9333333333333333,0.010894459043285435,0.023603327529787263,1.0,1.0,1.0,0.9555555555555556,1.0,1.0
2026-03-10,CXSE3.SA,target_best_sale,equity_br,"baseline_qroll_a0.88_cal(+0.005,0.777)",False,0.88,0.02,0.98,-0.09276735618399355,0.22378933692738773,757,0.8778941631317139,False,0.0,0.1232957929252581,0.12183693531068036,0.0182220232426165,0.3717946081531725,0.0182220232426165,0.1232957929252581,0.05966798806984205,,20.069662087993144,18.215991374337005,24.54140470258327,18.215991374337005,20.095761049827523,18.95745965979946,,0.046543334273898264,0.08696390277094714,0.9222222222222223,0.8888888888888888,0.0650945710942958,0.11257184356049359,1.0,0.0,1.0,1.0,0.5666666666666667,0.1
2026-03-10,CYRE3.SA,target_best_entry,equity_br,"baseline_qroll_a0.12_cal(+0.011,0.765)",False,0.12,0.02,0.98,-0.10244076677817311,0.146882508713945,757,0.6526203155517578,False,-0.3,0.0,-0.20698444392513524,-0.2645650269088098,-0.12442375302199322,-0.2645650269088098,-0.12442375302199322,-0.15744802938325003,,22.616804022268855,20.974605769216158,24.97143496461975,20.974605769216158,24.97143496461975,24.029582587679393,,0.024103634471306448,0.061489710116419516,0.9333333333333333,0.9333333333333333,0.06033014887898596,0.1181088160767011,0.5666666666666667,0.5666666666666667,1.0,0.9777777777777777,0.9666666666666667,0.8111111111111111
2026-03-10,CYRE3.SA,target_best_sale,equity_br,"baseline_qroll_a0.82_cal(-0.015,0.854)",False,0.82,0.02,0.98,-0.22019530011864344,0.18594451926238248,757,0.7584755420684814,False,0.0,0.3,0.3,0.15615582679900145,0.4190675485932572,0.15615582679900145,0.3,0.21369349607940086,,37.07600059509277,32.97356470955366,40.47180713547726,32.97356470955366,37.07600059509277,34.6145390637693,,0.09353770160274127,0.15274812627728648,0.8444444444444444,0.8444444444444444,0.07718743451783887,0.20329197217185174,0.8,0.5777777777777777,1.0,1.0,0.9666666666666667,1.0
2026-03-10,DIRR3.SA,target_best_entry,equity_br,"baseline_qroll_a0.18_cal(+0.003,0.794)",False,0.18,0.02,0.98,-0.0913711650058875,0.12532596638677446,757,0.5020911693572998,False,-0.22,0.0,-0.16726748379324252,-0.22084412877169252,-0.09378100906948565,-0.22,-0.09378100906948565,-0.1231755989589884,,12.574261312384284,11.765253952771822,13.683907108745878,11.778000297546388,13.683907108745878,13.24004879020124,,0.021592004413318763,0.05263745891000566,0.9888888888888889,0.9888888888888889,0.04964298935443694,0.09480917972018567,0.4444444444444444,0.43333333333333335,1.0,1.0,0.9333333333333333,0.6
2026-03-10,DIRR3.SA,target_best_sale,equity_br,"baseline_ewmgauss_a0.88_cal(+0.006,0.700)",False,0.88,0.02,0.98,-0.2071486909998981,0.19906754859325718,757,0.6723170280456543,False,0.0,0.22,0.22,0.05735524115232993,0.3762997732646213,0.05735524115232993,0.22,0.12241314469139797,,18.422000465393065,15.966064544749196,20.78212710131248,15.966064544749196,18.422000465393065,16.948438913006743,,0.06486171565466521,0.142578405328281,0.8555555555555555,0.4666666666666667,0.09074025534562917,0.1961507357307658,0.6666666666666666,0.3888888888888889,0.9222222222222223,0.6333333333333333,0.6666666666666666,0.7666666666666667
2026-03-10,ECOR3.SA,target_best_entry,equity_br,"baseline_qroll_a0.08_cal(+0.004,0.745)",False,0.08,0.02,0.98,-0.1597755979190676,0.2720429807393984,757,0.66748046875,False,-0.3,0.0,-0.22702131315030458,-0.3479096715099196,-0.021189948579222406,-0.3,-0.021189948579222406,-0.10352249440765529,,7.389676570637853,6.23398381399316,9.357424502307676,6.692000293731689,9.357424502307676,8.570325329639747,,0.03785354194310457,0.10438798180842196,0.9444444444444444,0.9444444444444444,0.04272523377988815,0.07532850744843896,0.9888888888888889,0.9888888888888889,1.0,1.0,1.0,1.0
2026-03-10,ECOR3.SA,target_best_sale,equity_br,"baseline_ewmgauss_a0.90_cal(+0.009,0.700)",False,0.9,0.02,0.98,-0.2507875166052902,0.18481908804858274,757,0.7967708110809326,False,0.0,0.3,0.3,0.07349656274953661,0.4190675485932572,0.07349656274953661,0.3,0.16409793764972197,,12.428000545501709,10.262627590342653,13.56628636001598,10.262627590342653,12.428000545501709,11.128776772406276,,0.07870029387963859,0.15146331079222888,0.8111111111111111,0.7,0.10991642734148242,0.15582250798371738,0.26666666666666666,0.2222222222222222,1.0,0.8111111111111111,0.7444444444444445,0.3333333333333333
2026-03-10,EGIE3.SA,target_best_entry,equity_br,"baseline_qroll_a0.12_cal(+0.005,0.744)",False,0.12,0.02,0.98,-0.06222718758447883,0.06800059664374283,757,0.5361106395721436,False,-0.18459950449207155,0.0,-0.10814656704238947,-0.14374779864192438,-0.06924226999804922,-0.14374779864192438,-0.06924226999804922,-0.08480398881578532,,29.07442055355776,27.91382045773609,30.342700577840006,27.91382045773609,30.342700577840006,29.83538856812711,,0.011642244407797929,0.03285885140371561,0.9666666666666667,0.9666666666666667,0.012689890212730582,0.02841151490949069,0.9444444444444444,0.9444444444444444,1.0,1.0,1.0,1.0
2026-03-10,EGIE3.SA,target_best_sale,equity_br,"baseline_qroll_a0.88_cal(-0.000,0.727)",False,0.88,0.02,0.98,-0.08807145689281407,0.09117489219448835,757,0.7006354331970215,False,0.0,0.3,0.16355335545415267,0.09770306412547805,0.23172405938805601,0.09770306412547805,0.23172405938805601,0.12404318065694789,,37.93183761236386,35.785118215528634,40.15420245658887,35.785118215528634,40.15420245658887,36.643805974262726,,0.04644999211834203,0.13270867991133337,0.7111111111111111,0.7111111111111111,0.026102338512670985,0.08310982658308638,0.8777777777777778,0.8777777777777778,0.9444444444444444,0.8222222222222222,0.9777777777777777,0.9111111111111111
2026-03-10,ENGI11.SA,target_best_entry,equity_br,"baseline_qroll_a0.12_cal(+0.000,0.707)",False,0.12,0.02,0.98,-0.0694046890304203,0.08274967716345184,757,0.6098506450653076,False,-0.24230777967938608,0.0,-0.11068138152470904,-0.1558988223582942,-0.05676962594438153,-0.1558988223582942,-0.05676962594438153,-0.07833432817651254,,48.37893420204835,45.91910535170498,51.311733787880975,45.91910535170498,51.311733787880975,50.138613953547924,,0.0159606281681364,0.03155359186930584,0.9777777777777777,0.9777777777777777,0.01950985486427531,0.03617155100344424,0.9888888888888889,0.9888888888888889,1.0,1.0,1.0,1.0
2026-03-10,ENGI11.SA,target_best_sale,equity_br,"baseline_qroll_a0.88_cal(+0.000,0.706)",False,0.88,0.02,0.98,-0.10490490712099487,0.11374339939850249,757,1.1283555030822754,False,0.0,0.3,0.1566150200825119,0.030160186696616853,0.2937239791809978,0.030160186696616853,0.2937239791809978,0.08074212005097488,,62.91985885734311,56.04071572819565,70.37858644151241,56.04071572819565,70.37858644151241,58.79237297985463,,0.05395324220719817,0.10961215501350087,0.9444444444444444,0.9444444444444444,0.023852878303483784,0.07094230154906499,1.0,1.0,1.0,1.0,1.0,1.0
2026-03-10,EQTL3.SA,target_best_entry,equity_br,"baseline_qroll_a0.12_cal(+0.011,0.826)",False,0.12,0.02,0.98,-0.070318001157894,0.1309586610287589,757,0.9099392890930176,False,-0.2945197313681878,0.0,-0.12985926177955817,-0.19965109086034732,0.0,-0.19965109086034732,0.0,-0.051943704711823274,,36.25006302149067,33.34253543263438,41.65999984741211,33.34253543263438,41.65999984741211,39.49602511704353,,0.021386175889947803,0.05002368821535478,0.9666666666666667,0.9666666666666667,0.017583843376305995,0.034559117751092217,1.0,1.0,1.0,1.0,1.0,1.0
2026-03-10,EQTL3.SA,target_best_sale,equity_br,"baseline_qroll_a0.82_cal(+0.003,0.758)",False,0.82,0.02,0.98,-0.1194429075676561,0.10233446762374082,757,1.0891139507293701,False,0.0,0.3,0.1667987615356092,0.02490629643601658,0.2883672177251254,0.02490629643601658,0.2883672177251254,0.08166328247585362,,48.60883622753412,42.69759615313616,53.673378093839496,42.69759615313616,53.673378093839496,45.06209218289534,,0.07093548296349769,0.11801432572109953,0.8333333333333334,0.8333333333333334,0.04903211667863883,0.07881300125963112,1.0,1.0,1.0,1.0,1.0,1.0
2026-03-10,FLRY3.SA,target_best_entry,equity_br,"baseline_qroll_a0.18_cal(-0.004,0.812)",False,0.18,0.02,0.98,-0.0908747554372189,0.08378650873659794,757,0.7850532531738281,False,-0.21090254361614907,0.0,-0.138421290162875,-0.19386290878724377,-0.08730412741627483,-0.19386290878724377,-0.08730412741627483,-0.1077509925149149,,13.802491325990177,12.91431657024863,14.621388296590291,12.91431657024863,14.621388296590291,14.293829508350244,,0.01960869770712947,0.04414576180294596,1.0,1.0,0.038683261291957774,0.09944012696591369,0.7666666666666667,0.7666666666666667,1.0,1.0,0.9333333333333333,1.0
2026-03-10,FLRY3.SA,target_best_sale,equity_br,"baseline_qroll_a0.88_cal(-0.006,0.766)",False,0.88,0.02,0.98,-0.13160593063747028,0.1104698957219169,757,0.8815624713897705,False,0.0,0.3,0.16772898633952418,0.07756728821648046,0.24341063185138517,0.07756728821648046,0.24341063185138517,0.11363196746569795,,18.707018895703087,17.262628450499175,19.919438891447406,17.262628450499175,19.919438891447406,17.84038462858074,,0.03832343274819872,0.0843849824796146,1.0,1.0,0.06315289904905644,0.1647505964357191,0.6222222222222222,0.6222222222222222,1.0,1.0,0.9333333333333333,0.8888888888888888
2026-03-10,GC=F,target_best_entry,future,"baseline_qroll_a0.12_cal(+0.006,0.741)",False,0.12,0.02,0.98,-0.037692396401648474,0.0388433675920338,757,0.763195276260376,False,-0.16856024157329885,0.0,-0.07181988124969381,-0.11720142677409456,-0.025052569457816858,-0.11720142677409456,-0.025052569457816858,-0.04375949417456764,,4854.103748313655,4616.771870821114,5098.682767925875,4616.771870821114,5098.682767925875,5000.851160080988,,0.018011522299233362,0.03846963603372112,0.9222222222222223,0.9222222222222223,0.019198041045960165,0.05777261214174311,0.9,0.9,1.0,0.9777777777777777,0.9,0.9
2026-03-10,GC=F,target_best_sale,future,"baseline_ewmgauss_a0.82_cal(+0.003,0.700)",False,0.82,0.02,0.98,-0.08186679886421888,0.12262586063914616,757,1.0002100467681885,False,0.0,0.28,0.17676084581998078,0.04758274943287355,0.3702529020009995,0.04758274943287355,0.28,0.09925398798771645,,6154.106425220856,5478.543709315105,7166.011869222147,5478.543709315105,6694.016250000001,5748.768795677406,,0.05054575148217463,0.08808422417039538,1.0,1.0,0.11517737646355333,0.24942704874000404,0.5444444444444444,0.5,1.0,1.0,0.8888888888888888,0.5444444444444444
2026-03-10,GGBR4.SA,target_best_entry,equity_br,"baseline_qroll_a0.15_cal(+0.012,0.844)",False,0.15,0.02,0.98,-0.09663709172227916,0.13525841557972748,757,0.8767960071563721,False,-0.2428278005118161,0.0,-0.19541764100531672,-0.2428278005118161,-0.05827249976564927,-0.2428278005118161,-0.05827249976564927,-0.11313055626151625,,15.005887312426381,14.1216627168143,17.563716864469605,14.1216627168143,17.563716864469605,16.540585043652314,,0.08275409479678682,0.1535916158916621,0.7666666666666667,0.7666666666666667,0.012790667540358533,0.028342859278333778,1.0,1.0,1.0,1.0,1.0,1.0
2026-03-10,GGBR4.SA,target_best_sale,equity_br,"baseline_qroll_a0.92_cal(-0.030,0.925)",False,0.92,0.02,0.98,-0.12344845836216946,0.08628132690486437,757,0.8079392910003662,False,0.0,0.3,0.3,0.18465946366572095,0.38061449007037584,0.18465946366572095,0.3,0.23079567819943256,,24.245688819885256,22.0945267027471,25.749191774208377,22.0945267027471,24.245688819885256,22.95499154960236,,0.046598362393663294,0.13383613133999847,0.8,0.8,0.047078612973404335,0.09765541003774562,0.5777777777777777,0.5333333333333333,0.9666666666666667,0.9222222222222223,1.0,0.9111111111111111
2026-03-10,GLD,target_best_entry,other,"baseline_qroll_a0.12_cal(+0.005,0.737)",False,0.12,0.02,0.98,-0.0360933076972399,0.03746056374687471,757,0.8093411922454834,False,-0.170391519038448,0.0,-0.07044296774439493,-0.11728559445730696,-0.021825888401891626,-0.11728559445730696,-0.021825888401891626,-0.04127272013889295,,444.1981098171053,421.81389290224445,467.43026663954976,421.81389290224445,467.43026663954976,458.137403910572,,0.014584264279689016,0.032105431535526655,0.9444444444444444,0.9444444444444444,0.01894695115415658,0.058773222959269567,0.9,0.9,1.0,1.0,0.9111111111111111,0.9
2026-03-10,GLD,target_best_sale,other,"baseline_ewmgauss_a0.82_cal(+0.003,0.700)",False,0.82,0.02,0.98,-0.0803920486159819,0.13066738161178534,757,0.943152666091919,False,0.0,0.25,0.17371543246491558,0.052130990981982206,0.3713359793575083,0.052130990981982206,0.25,0.10076476757515557,,560.8716393645874,502.771299938575,655.3065910078494,502.771299938575,597.3249816894531,526.0114357089799,,0.050696885030200284,0.09024539723957117,0.9777777777777777,0.9777777777777777,0.11264491852524319,0.23571338912639872,0.6444444444444445,0.4666666666666667,1.0,1.0,0.7666666666666667,0.4888888888888889
2026-03-10,GOAU4.SA,target_best_entry,equity_br,"baseline_qroll_a0.12_cal(+0.027,0.930)",False,0.12,0.02,0.98,-0.10055834478728808,0.13093574386328327,757,0.7608003616333008,False,-0.26640204633481757,0.0,-0.2621058960281864,-0.26640204633481757,-0.13436270216329632,-0.26640204633481757,-0.13436270216329632,-0.18545997970925238,,6.2868573999103115,6.25025420142832,7.375229348289966,6.25025420142832,7.375229348289966,6.9398805689381025,,0.07748714787362425,0.14173468166931436,0.6,0.6,0.012598334699240968,0.03241908935220858,1.0,1.0,1.0,1.0,1.0,1.0
2026-03-10,GOAU4.SA,target_best_sale,equity_br,"baseline_qroll_a0.92_cal(-0.030,0.908)",False,0.92,0.02,0.98,-0.1303882469041248,0.09364265571732776,757,0.7723894119262695,False,0.0,0.3,0.3,0.17085321536407486,0.39275105830324064,0.17085321536407486,0.3,0.22251192921844493,,11.075999355316162,9.975668814263345,11.866238326063534,9.975668814263345,11.075999355316162,10.415801030684472,,0.04147775077974203,0.13297247369341686,0.8888888888888888,0.8888888888888888,0.048732764269723165,0.09328714101194478,0.6222222222222222,0.5,0.9444444444444444,0.9444444444444444,1.0,0.8666666666666667
2026-03-10,GRND3.SA,target_best_entry,equity_br,"baseline_qroll_a0.12_cal(+0.026,0.983)",False,0.12,0.02,0.98,-0.05444741123413363,0.0914642852346677,757,0.5520455837249756,False,-0.1654188072747986,0.0,-0.1654188072747986,-0.1654188072747986,-0.11289093134856007,-0.1654188072747986,-0.11289093134856007,-0.1339020817190555,,3.755615367263406,3.755615367263406,3.9919908089314795,3.755615367263406,3.9919908089314795,3.8974406322642503,,0.01867661904781217,0.036198263628266975,0.9333333333333333,0.9333333333333333,0.04585786913856538,0.10594599147536318,0.5666666666666667,0.5666666666666667,1.0,1.0,0.9777777777777777,1.0
2026-03-10,GRND3.SA,target_best_sale,equity_br,"baseline_qroll_a0.88_cal(-0.023,0.897)",False,0.88,0.02,0.98,-0.10857145174499676,0.08344553010459613,757,0.5600714683532715,False,0.0,0.22,0.22,0.1567409815800735,0.2686194320984608,0.1567409815800735,0.22,0.1820445889480441,,5.49,5.205334417110331,5.7087874444430735,5.205334417110331,5.49,5.319200650266198,,0.01543248012981225,0.038595096382204146,1.0,1.0,0.08539898470439135,0.21436229141206845,0.23333333333333334,0.15555555555555556,1.0,1.0,0.5555555555555556,0.35555555555555557
2026-03-10,HE=F,target_best_entry,future,"baseline_qroll_a0.18_cal(+0.005,0.776)",False,0.18,0.02,0.98,-0.1582541010401575,0.11630651022167895,757,0.579254150390625,False,-0.28,0.0,-0.189511998751676,-0.2408461909396371,-0.151784693682244,-0.2408461909396371,-0.151784693682244,-0.1668756157100168,,76.85452224495923,71.98675762739535,80.43201383303352,71.98675762739535,80.43201383303352,79.0010171978038,,0.0401473458324904,0.09015605897532386,0.9222222222222223,0.9222222222222223,0.08588859365821358,0.1619826797161194,0.4444444444444444,0.4444444444444444,1.0,1.0,1.0,1.0
2026-03-10,HE=F,target_best_sale,future,"baseline_ewmgauss_a0.92_cal(+0.022,0.700)",False,0.92,0.02,0.98,-0.23846399270044855,0.11095822974745334,757,1.0057358741760254,False,0.0,0.28,0.19504712730266968,0.06074300052617346,0.257539363493721,0.06074300052617346,0.257539363493721,0.11446465123677195,,113.32034019948125,100.58495178776367,119.2461663055865,100.58495178776367,119.2461663055865,105.6791071524507,,0.07237253918047347,0.11947064694400654,0.7444444444444445,0.6777777777777778,0.10381373655594586,0.19681614172283415,0.9888888888888889,0.9888888888888889,1.0,1.0,0.9888888888888889,1.0
2026-03-10,HG=F,target_best_entry,future,"baseline_ewmgauss_a0.18_cal(-0.017,0.700)",False,0.18,0.02,0.98,-0.09096590103354708,0.10716393470141458,757,12.944151639938354,False,-0.18837255054196791,0.0,-0.09970812625774651,-0.18837255054196791,0.0,-0.18837255054196791,0.0,-0.039883250503098606,,5.182980289659426,4.672539201760987,5.756999969482422,4.672539201760987,5.756999969482422,5.527392097553223,,0.04893456561467251,0.1000587103722043,0.8888888888888888,0.8888888888888888,0.0934598365332619,0.10847754483626057,1.0,1.0,1.0,1.0,1.0,1.0
2026-03-10,HG=F,target_best_sale,future,"baseline_qroll_a0.92_cal(-0.021,0.843)",False,0.92,0.02,0.98,-0.16605259492799046,0.12098376298874015,757,0.9142618179321289,False,0.0,0.26,0.23320164290312762,0.1516776595031905,0.29259895789138873,0.1516776595031905,0.26,0.18428725286316536,,7.099541820558978,6.630208250613455,7.441492161133736,6.630208250613455,7.253819961547852,6.817941678591664,,0.06932059793397906,0.1747497962741704,0.9,0.5111111111111111,0.055980643472423125,0.11026306358921276,0.5777777777777777,0.4666666666666667,1.0,0.9555555555555556,0.9888888888888889,0.7111111111111111
2026-03-10,HGBS11.SA,target_best_entry,equity_br,"baseline_qroll_a0.12_cal(-0.001,0.802)",False,0.12,0.02,0.98,-0.03332154376185927,0.056159235201930655,757,0.9273579120635986,False,-0.12973200935327978,0.0,-0.10120899397796894,-0.11685179978275523,-0.07484502907023677,-0.11685179978275523,-0.07484502907023677,-0.08539061503332965,,18.41622750767448,18.095706420314766,18.95642514259968,18.095706420314766,18.95642514259968,18.7403460886296,,0.014713208355921551,0.03317175274915529,0.8888888888888888,0.8888888888888888,0.012041343619265543,0.021753833401376498,1.0,1.0,1.0,1.0,1.0,1.0
2026-03-10,HGBS11.SA,target_best_sale,equity_br,"baseline_ewmgauss_a0.82_cal(-0.000,0.700)",False,0.82,0.02,0.98,-0.10028391172539067,0.09177464746299287,757,0.7981259822845459,False,0.0,0.25437361233509737,0.07203237902142488,0.03151467071930032,0.1091120893304752,0.03151467071930032,0.1091120893304752,0.04772175404015015,,21.965943200780256,21.135735366943493,22.725706456525824,21.135735366943493,22.725706456525824,21.4678185004782,,0.0341180114774861,0.06812999740980413,1.0,1.0,0.034079234091080095,0.050252867789099286,1.0,1.0,1.0,1.0,1.0,1.0
2026-03-10,HGLG11.SA,target_best_entry,equity_br,"baseline_qroll_a0.12_cal(+0.001,0.762)",False,0.12,0.02,0.98,-0.025404695402040676,0.0359506122680219,757,0.9684219360351562,False,-0.12029579631292683,0.0,-0.07285592702836126,-0.08392703596589371,-0.05718901433795011,-0.08392703596589371,-0.05718901433795011,-0.06345577941411457,,146.4887635295189,144.7395283173888,148.96413573460387,144.7395283173888,148.96413573460387,147.97398685256988,,0.009119989948069009,0.017395282427494857,0.9777777777777777,0.9777777777777777,0.006193047095132304,0.01342234936727298,1.0,1.0,1.0,1.0,1.0,1.0
2026-03-10,HGLG11.SA,target_best_sale,equity_br,"baseline_qroll_a0.88_cal(+0.001,0.718)",False,0.88,0.02,0.98,-0.04787549401906247,0.038365466170590494,757,1.199852466583252,False,0.0,0.2737010341415944,0.08896686435993573,0.063117276045487,0.10968166900731542,0.063117276045487,0.10968166900731542,0.0734571113712665,,172.05676456886985,167.97252961518694,175.32970370315584,167.97252961518694,175.32970370315584,169.6062235966601,,0.02635063181824643,0.052363169456964787,0.7111111111111111,0.7111111111111111,0.015107554413478962,0.03604206020850846,1.0,1.0,1.0,1.0,1.0,1.0
2026-03-10,HGRE11.SA,target_best_entry,equity_br,"baseline_qroll_a0.12_cal(+0.002,0.774)",False,0.12,0.02,0.98,-0.05084338253567778,0.07596039748817877,757,0.5798966884613037,False,-0.17016256973397892,0.0,-0.09700521584193315,-0.12442252859363492,-0.05604354352960112,-0.12442252859363492,-0.05604354352960112,-0.07242821245453393,,117.0732682546506,113.51861382373446,122.38394881993423,113.51861382373446,122.38394881993423,120.25967659382079,,0.013634124057047968,0.03863270291716404,0.9111111111111111,0.9111111111111111,0.020819436858827332,0.04150492092853538,0.8888888888888888,0.8888888888888888,1.0,0.9444444444444444,0.9444444444444444,0.9444444444444444
2026-03-10,HGRE11.SA,target_best_sale,equity_br,"baseline_ewmgauss_a0.82_cal(+0.004,0.700)",False,0.82,0.02,0.98,-0.10930856532411518,0.17850914664749462,757,0.8244583606719971,False,0.0,0.2701424722130547,0.10545321898515929,0.02164960605376033,0.24231085119360823,0.02164960605376033,0.24231085119360823,0.05517105122631992,,143.32200309427492,132.4568651892157,161.06559427478763,132.4568651892157,161.06559427478763,136.80292035123938,,0.03354195319477638,0.07776576261384158,1.0,1.0,0.015366145961701013,0.04278738340732822,1.0,1.0,1.0,1.0,1.0,1.0
2026-03-10,HO=F,target_best_entry,future,"baseline_qroll_a0.12_cal(+0.023,0.925)",False,0.12,0.02,0.98,-0.10635147624644975,0.12621427824804268,757,12.89212942123413,False,-0.22,0.0,-0.21129005405548246,-0.22343189525795867,0.0,-0.22,0.0,-0.08451602162219299,,2.857022943992827,2.8130403378697997,3.6224000453948975,2.82547203540802,3.6224000453948975,3.3162492048340697,,0.06271977291826479,0.11053496708097899,1.0,1.0,0.034196915801176495,0.0684091834821608,0.9666666666666667,0.9555555555555556,1.0,1.0,1.0,1.0
2026-03-10,HO=F,target_best_sale,future,"baseline_qroll_a0.90_cal(-0.016,0.796)",False,0.9,0.02,0.98,-0.14833779139081887,0.19522570058105193,757,0.7844340801239014,False,0.0,0.22,0.22,0.043947470336758554,0.4190675485932572,0.043947470336758554,0.22,0.11436848220205514,,4.419328055381775,3.781595363937763,5.140430352442641,3.781595363937763,4.419328055381775,4.036688440515368,,0.0857425267783754,0.15467393429481865,0.9555555555555556,0.2222222222222222,0.07232359117066206,0.2447476729753061,0.8555555555555555,0.7666666666666667,0.9333333333333333,0.3888888888888889,0.8888888888888888,0.8777777777777778
2026-03-10,IGTI11.SA,target_best_entry,equity_br,"baseline_qroll_a0.18_cal(-0.013,0.735)",False,0.18,0.02,0.98,-0.11143977272886257,0.0833898810469267,757,0.6656463146209717,False,-0.10152319023410034,0.0,-0.04692075628888756,-0.1132330455988048,0.0,-0.10152319023410034,0.0,-0.018768302515555026,,26.505133258606808,24.660988528312593,27.809999465942383,24.986639599751285,27.809999465942383,27.28805298300815,,0.026915633112822187,0.04931739744950623,1.0,1.0,0.02653576185526698,0.054852975689220915,0.7666666666666667,0.7444444444444445,1.0,1.0,1.0,1.0
2026-03-10,IGTI11.SA,target_best_sale,equity_br,"baseline_ewmgauss_a0.85_cal(+0.026,0.700)",False,0.85,0.02,0.98,-0.14605139895131433,0.14037585895692112,757,1.091158390045166,False,0.0,0.3,0.17430872679247914,0.03184516786787364,0.31123616875945304,0.03184516786787364,0.3,0.08883059143771585,,32.65752506495033,28.695613567340796,36.46547715292473,28.695613567340796,36.152999305725096,30.280378166384608,,0.08259954322262604,0.13584866262461032,1.0,0.9111111111111111,0.02798229288558158,0.05842651450413033,1.0,1.0,1.0,1.0,1.0,1.0
2026-03-10,ISAE4.SA,target_best_entry,equity_br,"baseline_qroll_a0.12_cal(+0.004,0.712)",False,0.12,0.02,0.98,-0.06429890402144778,0.07135964021654542,757,0.7849481105804443,False,-0.22116485905645336,0.0,-0.09718412854196253,-0.16121789814074636,-0.026118737462292124,-0.16121789814074636,-0.026118737462292124,-0.054544893894160285,,25.667055501069544,23.846575411834564,27.687444591152012,23.846575411834564,27.687444591152012,26.879288955119023,,0.026588263647970893,0.04835807498233022,0.9444444444444444,0.9444444444444444,0.015644923896468575,0.03739312027463902,1.0,1.0,1.0,0.9555555555555556,1.0,1.0
2026-03-10,ISAE4.SA,target_best_sale,equity_br,"baseline_qroll_a0.88_cal(-0.016,0.856)",False,0.88,0.02,0.98,-0.13995386801917384,0.1185911708153659,757,0.500023365020752,False,0.0,0.26,0.26,0.17121496820206566,0.3352327964980148,0.17121496820206566,0.26,0.20672898092123942,,35.82180038452149,33.29764190341117,37.96066881191928,33.29764190341117,35.82180038452149,34.30730529585529,,0.034550724380881435,0.05980907402146455,0.9666666666666667,0.9666666666666667,0.025800185972727038,0.051501785228220236,1.0,1.0,1.0,1.0,1.0,1.0
2026-03-10,ITSA4.SA,target_best_entry,equity_br,"baseline_qroll_a0.12_cal(+0.013,0.840)",False,0.12,0.02,0.98,-0.05512886387597852,0.0859998320317651,757,0.7325987815856934,False,-0.18629365632925102,0.0,-0.16098211448954222,-0.18629365632925102,-0.07483868193920093,-0.18629365632925102,-0.07483868193920093,-0.10929605495933745,,11.276400029194637,10.936212917490097,12.434167726524,10.936212917490097,12.434167726524,11.971060647592255,,0.019563504031023755,0.04786646059833687,0.9,0.9,0.01511946284197847,0.028747606925358056,0.9888888888888889,0.9888888888888889,1.0,1.0,0.9888888888888889,0.9888888888888889
2026-03-10,ITSA4.SA,target_best_sale,equity_br,"baseline_ewmgauss_a0.82_cal(-0.030,0.827)",False,0.82,0.02,0.98,-0.1093008767340049,0.15066106108945151,757,1.0264606475830078,False,0.0,0.22,0.16233426137480558,0.00893462588416366,0.3737813471104405,0.00893462588416366,0.22,0.07029448008042044,,15.621771985142521,13.560080948517342,18.463620728702725,13.560080948517342,16.396799488067625,14.384757363167413,,0.06472005281094516,0.11021435723780935,0.9222222222222223,0.8888888888888888,0.13696226976340078,0.2500980270767074,0.4666666666666667,0.43333333333333335,1.0,1.0,0.6,0.4444444444444444
2026-03-10,ITUB4.SA,target_best_entry,equity_br,"baseline_qroll_a0.12_cal(+0.022,1.012)",False,0.12,0.02,0.98,-0.05237585428874813,0.09299992925323569,757,0.7099230289459229,False,-0.14288464226217892,0.0,-0.14288464226217892,-0.14288464226217892,-0.04767578098637702,-0.14288464226217892,-0.04767578098637702,-0.08575932549669778,,36.79596256925551,36.79596256925551,40.88327901288112,36.79596256925551,40.88327901288112,39.24835243543088,,0.02119803394249593,0.046330549689447234,0.8666666666666667,0.8666666666666667,0.012765860336575246,0.02549024340215161,0.9777777777777777,0.9777777777777777,0.9666666666666667,0.9111111111111111,0.9888888888888889,0.9888888888888889
2026-03-10,ITUB4.SA,target_best_sale,equity_br,"baseline_ewmgauss_a0.88_cal(-0.030,0.753)",False,0.88,0.02,0.98,-0.12382433187898712,0.16311918049252133,757,1.0467298030853271,False,0.0,0.3,0.1635600694035661,0.0,0.35210404033664433,0.0,0.3,0.06542402776142645,,49.95163413458545,42.93000030517578,58.04582686428155,42.93000030517578,55.809000396728514,45.73865383693965,,0.06918911847064968,0.12372119080294458,1.0,1.0,0.10588611971936886,0.20603499450014498,0.5111111111111111,0.5111111111111111,1.0,1.0,0.9,0.7444444444444445
2026-03-10,JHSF3.SA,target_best_entry,equity_br,"baseline_qroll_a0.12_cal(+0.014,0.834)",False,0.12,0.02,0.98,-0.10836440302256373,0.1314350158089946,757,0.500023365020752,False,-0.26,0.0,-0.26,-0.3156045586988646,-0.1891227997247491,-0.26,-0.1891227997247491,-0.21747367983484947,,6.793200225830078,6.282750360005337,7.443852945986887,6.793200225830078,7.443852945986887,7.1835918579241635,,0.021700383997205395,0.05298515870901889,0.9888888888888889,0.9888888888888889,0.024752129715413837,0.0487457616551703,0.9777777777777777,0.9777777777777777,1.0,1.0,1.0,0.9888888888888889
2026-03-10,JHSF3.SA,target_best_sale,equity_br,"baseline_qroll_a0.82_cal(-0.008,0.839)",False,0.82,0.02,0.98,-0.2109064524106003,0.16462304583505216,757,0.9235961437225342,False,0.0,0.26,0.26,0.04992365560431836,0.4190675485932572,0.04992365560431836,0.26,0.133954193362591,,11.566800384521484,9.638299478858913,13.027040529151147,9.638299478858913,11.566800384521484,10.409699841123942,,0.11109990437734532,0.17902965629079742,0.9111111111111111,0.6777777777777778,0.12417602766631756,0.15906754859325717,0.4888888888888889,0.0,1.0,0.8,1.0,0.2111111111111111
2026-03-10,KC=F,target_best_entry,future,"baseline_qroll_a0.08_cal(+0.015,0.700)",False,0.08,0.02,0.98,-0.1071534413887212,0.08858319163614345,757,1.6028523445129395,False,-0.28,0.0,-0.14678085002483893,-0.29164307644309534,-0.019287355942825657,-0.28,-0.019287355942825657,-0.07028475357563096,,253.91802424024436,210.8070247740024,291.86008885721003,214.27200439453125,291.86008885721003,276.68326301042373,,0.05056347440975387,0.12063673554061544,0.9444444444444444,0.8333333333333334,0.0665554587270627,0.14050233170754195,0.7333333333333333,0.7111111111111111,1.0,1.0,1.0,0.9444444444444444
2026-03-10,KC=F,target_best_sale,future,"baseline_qroll_a0.82_cal(-0.004,0.814)",False,0.82,0.02,0.98,-0.19928824317741678,0.1798298709244332,757,1.263685703277588,False,0.0,0.28,0.2311622106862667,0.0050292162050613876,0.4190675485932572,0.0050292162050613876,0.28,0.09548241399754351,,366.39388141465076,299.09670087683776,422.31451112265427,299.09670087683776,380.9280078125,326.01557309196295,,0.06905948469705932,0.1456317262137805,1.0,1.0,0.08162974107844866,0.14931135259343747,1.0,1.0,1.0,1.0,1.0,1.0
2026-03-10,KFOF11.SA,target_best_entry,equity_br,"baseline_qroll_a0.10_cal(-0.000,0.769)",False,0.1,0.02,0.98,-0.10125217837045535,0.04804324194604574,757,0.7406129837036133,False,-0.07912469126110404,0.0,-0.07912469126110404,-0.14705061867026772,-0.04689445367561598,-0.07912469126110404,-0.04689445367561598,-0.059786548709811205,,76.89308827969782,71.22127334103264,79.58431311808607,76.89308827969782,79.58431311808607,78.50782318273076,,0.0135802842612265,0.02859116472206276,1.0,0.9777777777777777,0.013183069177280357,0.024962370774423176,0.9888888888888889,0.9888888888888889,1.0,1.0,1.0,1.0
2026-03-10,KFOF11.SA,target_best_sale,equity_br,"baseline_qroll_a0.82_cal(+0.002,0.731)",False,0.82,0.02,0.98,-0.10242424329620801,0.11804577831285226,757,0.771630048751831,False,0.0,0.18811048198326916,0.06371501557046955,0.0,0.14622366366267778,0.0,0.14622366366267778,0.02548600622818782,,88.82020380013421,83.5,95.70967591583359,83.5,95.70967591583359,85.62808152005368,,0.04563577523559741,0.08518888141570509,0.9333333333333333,0.9333333333333333,0.021488535370379737,0.04625846976010087,1.0,1.0,1.0,1.0,1.0,1.0
2026-03-10,KLBN11.SA,target_best_entry,equity_br,"baseline_ewmgauss_a0.18_cal(-0.001,0.700)",False,0.18,0.02,0.98,-0.1010921831907472,0.08911350722749006,757,1.4371709823608398,False,-0.1979524134009984,0.0,-0.08288911642195024,-0.1979524134009984,0.0,-0.1979524134009984,0.0,-0.033155646568780096,,18.085425994429073,15.816377857009938,19.719999313354492,15.816377857009938,19.719999313354492,19.066169985784324,,0.03997444778527795,0.08895384147084419,1.0,1.0,0.05857264062754688,0.08303656761149067,1.0,1.0,1.0,1.0,1.0,1.0
2026-03-10,KLBN11.SA,target_best_sale,equity_br,"baseline_qroll_a0.88_cal(-0.000,0.745)",False,0.88,0.02,0.98,-0.1305049426369456,0.08388309010160645,757,0.5524778366088867,False,0.0,0.3,0.15376167770215682,0.06725865882369378,0.2093621812541877,0.06725865882369378,0.2093621812541877,0.10185986637507899,,22.75217949206126,21.046340019174878,23.848621383929473,21.046340019174878,23.848621383929473,21.728675808329427,,0.03273081560587299,0.07062542522754425,0.9111111111111111,0.9111111111111111,0.05788699150620916,0.12269092999098764,0.3,0.3,1.0,0.9888888888888889,0.8666666666666667,0.5444444444444444
2026-03-10,LEVE3.SA,target_best_entry,equity_br,"baseline_qroll_a0.10_cal(+0.004,0.795)",False,0.1,0.02,0.98,-0.14381215385809323,0.1547490304834831,757,0.500023365020752,False,-0.19374800405327708,0.0,-0.1638624045113619,-0.19374800405327708,-0.094026990897827,-0.19374800405327708,-0.094026990897827,-0.12196115634324095,,29.206286465587073,28.162382464467616,31.645637484419925,28.162382464467616,31.645637484419925,30.66989707688678,,0.02620085895503158,0.0861917172054033,0.9,0.9,0.023274077817267147,0.04047153468034312,1.0,1.0,1.0,0.9777777777777777,1.0,1.0
2026-03-10,LEVE3.SA,target_best_sale,equity_br,"baseline_qroll_a0.88_cal(-0.004,0.755)",False,0.88,0.02,0.98,-0.13389107644001266,0.09764887681852533,757,0.7414424419403076,False,0.0,0.3,0.19161892553609988,0.10202335279763658,0.25696239187041686,0.10202335279763658,0.25696239187041686,0.13786158189302192,,41.6232494326292,38.49367604953228,43.90569673162814,38.49367604953228,43.90569673162814,39.74550540277106,,0.052422685834976494,0.13046873809204396,0.8666666666666667,0.8666666666666667,0.08911793079607097,0.16104436575173162,0.37777777777777777,0.37777777777777777,1.0,1.0,1.0,0.6555555555555556
2026-03-10,LREN3.SA,target_best_entry,equity_br,"baseline_qroll_a0.18_cal(+0.012,0.843)",False,0.18,0.02,0.98,-0.12938317159431603,0.18962084521833275,757,0.5849668979644775,False,-0.3,0.0,-0.1740617696310039,-0.2411435967563294,-0.07574826717507004,-0.2411435967563294,-0.07574826717507004,-0.11507366815744358,,12.03391976441993,11.056537563675686,13.466347465199986,11.056537563675686,13.466347465199986,12.893376384887963,,0.05762246547850749,0.12913747269272685,0.8111111111111111,0.8111111111111111,0.029156112631861623,0.06319149726890047,0.9555555555555556,0.9555555555555556,1.0,1.0,1.0,1.0
2026-03-10,LREN3.SA,target_best_sale,equity_br,"baseline_qroll_a0.88_cal(-0.011,0.812)",False,0.88,0.02,0.98,-0.2727655657999861,0.20856237843513478,757,0.9127547740936279,False,0.0,0.3,0.3,0.07933195059650214,0.4190675485932572,0.07933195059650214,0.3,0.16759917035790128,,18.940999603271486,15.725866190805066,20.67581374993871,15.725866190805066,18.940999603271486,17.011919555791632,,0.13194326954744906,0.2107670694328973,0.9666666666666667,0.36666666666666664,0.04071610683669549,0.08018685692561292,1.0,1.0,0.9666666666666667,0.8888888888888888,1.0,1.0
2026-03-10,LTC-USD,target_best_entry,crypto,"baseline_qroll_a0.12_cal(+0.004,0.799)",False,0.12,0.02,0.98,-0.21795422323898395,0.25636000065679226,757,13.014235019683838,False,-0.26,0.0,-0.26,-0.47562858072022923,0.0,-0.26,0.0,-0.10400000000000001,,38.95100532531738,27.601072898392687,52.63649368286133,38.95100532531738,52.63649368286133,47.16229833984375,,0.09577581522170035,0.26,1.0,0.8666666666666667,0.13482055188753062,0.21795422323898395,0.8777777777777778,0.12222222222222222,1.0,1.0,1.0,0.3111111111111111
2026-03-10,LTC-USD,target_best_sale,crypto,"baseline_qroll_a0.88_cal(+0.000,1.000)",False,0.88,0.02,0.98,-0.23618390336172668,0.15906754859325717,757,0.9872775077819824,False,0.0,0.26,0.26,0.019107926384160423,0.4190675485932572,0.019107926384160423,0.26,0.11546475583049626,,66.32198204040527,53.64226792927377,74.69474005708248,53.64226792927377,66.32198204040527,58.714153573726364,,0.12800477464415497,0.15906754859325717,0.5888888888888889,0.15555555555555556,0.10682406069835601,0.2348253981357826,1.0,0.8111111111111111,0.9777777777777777,0.26666666666666666,1.0,1.0
2026-03-10,MBRF3.SA,target_best_entry,equity_br,"baseline_qroll_a0.12_cal(+0.015,0.809)",False,0.12,0.02,0.98,-0.09784259840971089,0.11685086573534523,757,0.9169137477874756,False,-0.3,0.0,-0.2632826773602401,-0.3191594923212945,-0.19655045326913428,-0.3,-0.19655045326913428,-0.2232433429055766,,12.671538511474582,11.71045725151382,13.81933281675425,12.040000534057617,13.81933281675425,13.360215094642383,,0.044847739049949945,0.0984381215242583,1.0,1.0,0.13589825510058,0.27072524363270095,0.5333333333333333,0.4777777777777778,1.0,1.0,0.5555555555555556,0.6333333333333333
2026-03-10,MBRF3.SA,target_best_sale,equity_br,"baseline_qroll_a0.82_cal(-0.005,0.841)",False,0.82,0.02,0.98,-0.25450889074777744,0.23007727067969666,757,0.7924482822418213,False,0.0,0.3,0.3,0.1743828120227217,0.41355854671856085,0.1743828120227217,0.3,0.22462968721363302,,22.36000099182129,20.199385262773795,24.31320808201883,20.199385262773795,22.36000099182129,21.063631554392792,,0.12638840303277585,0.25846794970251374,0.8777777777777778,0.5555555555555556,0.15033360232624488,0.23988351710904982,0.9555555555555556,0.4,0.9,0.7888888888888889,0.9666666666666667,0.5333333333333333
2026-03-10,MDIA3.SA,target_best_entry,equity_br,"baseline_qroll_a0.08_cal(+0.012,0.815)",False,0.08,0.02,0.98,-0.08402460066916022,0.1491176445303989,757,0.531425952911377,False,-0.2638641818531841,0.0,-0.21466883543699744,-0.2566751807383909,-0.14012058151148443,-0.2566751807383909,-0.14012058151148443,-0.1699398830816896,,17.897697959382985,16.940373311506267,19.59665273459639,16.940373311506267,19.59665273459639,18.91707082451103,,0.04857359294072133,0.08603011845102691,0.5444444444444444,0.5444444444444444,0.04501737445180773,0.09333693605973861,0.6444444444444445,0.6444444444444445,1.0,0.9444444444444444,1.0,0.9333333333333333
2026-03-10,MDIA3.SA,target_best_sale,equity_br,"baseline_qroll_a0.88_cal(-0.013,0.831)",False,0.88,0.02,0.98,-0.20407382253207926,0.11065387622002489,757,0.587700605392456,False,0.0,0.3,0.2570433875235131,0.14421740649813444,0.31822042622392066,0.14421740649813444,0.3,0.1893477989082859,,28.64801995251846,26.07671574165481,30.04224472051,26.07671574165481,29.62700119018555,27.105237426000265,,0.061633063036827036,0.13270202946411835,0.6,0.6,0.06540869235842851,0.12835416978139688,0.9222222222222223,0.9222222222222223,0.9888888888888889,0.8666666666666667,0.9777777777777777,0.9666666666666667
2026-03-10,MGLU3.SA,target_best_entry,equity_br,"baseline_ewmgauss_a0.12_cal(+0.005,0.700)",False,0.12,0.02,0.98,-0.21795422323898395,0.26,757,0.8045163154602051,False,-0.26,0.0,-0.26,-0.41977913477917983,-0.06504596579518745,-0.26,-0.06504596579518745,-0.14302757947711248,,6.904199943542481,5.413460628242913,8.72312106779957,6.904199943542481,8.72312106779957,7.995552618096733,,0.04973864231446154,0.10209879198821013,1.0,0.6111111111111112,0.1335467760328957,0.26,0.8222222222222222,0.6777777777777778,1.0,1.0,0.8222222222222222,1.0
2026-03-10,MGLU3.SA,target_best_sale,equity_br,"baseline_qroll_a0.82_cal(-0.005,0.913)",False,0.82,0.02,0.98,-0.23040321442264997,0.2080920264244094,757,0.8969600200653076,False,0.0,0.26,0.26,0.06738697932734275,0.4190675485932572,0.06738697932734275,0.26,0.14443218759640566,,11.75579990386963,9.958720435688944,13.239900120108826,9.958720435688944,11.75579990386963,10.677552222961218,,0.0960282774032583,0.21304603559111213,0.9888888888888889,0.9888888888888889,0.10929732747116283,0.1656693737053368,0.9888888888888889,0.4222222222222222,0.9888888888888889,1.0,0.9888888888888889,0.6222222222222222
2026-03-10,MULT3.SA,target_best_entry,equity_br,"baseline_qroll_a0.12_cal(+0.005,0.813)",False,0.12,0.02,0.98,-0.06910979386444988,0.1284877053235886,757,0.6222574710845947,False,-0.22380009867502015,0.0,-0.16886470226134054,-0.21798022487872756,-0.07754999208792292,-0.21798022487872756,-0.07754999208792292,-0.11407587615728995,,26.95371795930709,25.36090154583636,29.915054038098063,25.36090154583636,29.915054038098063,28.730519606581673,,0.025429142101416443,0.053611995579180186,0.9888888888888889,0.9888888888888889,0.027115826233615376,0.04250777758095144,0.8222222222222222,0.8222222222222222,1.0,1.0,1.0,1.0
2026-03-10,MULT3.SA,target_best_sale,equity_br,"baseline_ewmgauss_a0.82_cal(+0.007,0.700)",False,0.82,0.02,0.98,-0.1290867583390739,0.1349763571396745,757,0.9598937034606934,False,0.0,0.3,0.13488327344204826,0.0,0.2828588013632123,0.0,0.2828588013632123,0.0539533093768193,,36.80426490406451,32.43000030517578,41.603111319706414,32.43000030517578,41.603111319706414,34.17970614473127,,0.0545011024649029,0.0878311037698094,1.0,1.0,0.051091267937601575,0.11115474908922238,0.9777777777777777,0.9777777777777777,1.0,1.0,1.0,1.0
2026-03-10,MXN=X,target_best_entry,fx,"baseline_qroll_a0.12_cal(-0.002,0.700)",False,0.12,0.02,0.98,-0.033523654563969954,0.03296921126911869,757,1.076204776763916,False,-0.11020648778704782,0.0,-0.050171720440615485,-0.1064964481078855,0.0,-0.1064964481078855,0.0,-0.020068688176246196,,16.78640970949491,15.79097719211701,17.673099517822266,15.79097719211701,17.673099517822266,17.318423594491325,,0.017993154959858867,0.04100999600703855,0.9111111111111111,0.9111111111111111,0.013146824936801107,0.03722133982031599,0.8,0.8,1.0,0.9666666666666667,1.0,0.8888888888888888
2026-03-10,MXN=X,target_best_sale,fx,"baseline_qroll_a0.88_cal(-0.002,0.729)",False,0.88,0.02,0.98,-0.055095353599927545,0.07375430141765141,757,0.5350942611694336,False,0.0,0.15,0.08004148507794065,0.034016029477418525,0.1416542183384475,0.034016029477418525,0.1416542183384475,0.052426211717627375,,19.087680649158997,18.27426819197786,20.17656861563697,18.27426819197786,20.17656861563697,18.59963317485031,,0.02031367466971114,0.03472693106402769,0.8333333333333334,0.8333333333333334,0.006635876286882883,0.012748292791642513,1.0,1.0,1.0,1.0,1.0,1.0
2026-03-10,MXRF11.SA,target_best_entry,equity_br,"baseline_qroll_a0.12_cal(-0.002,0.700)",False,0.12,0.02,0.98,-0.03313336058866383,0.03364163212526938,757,1.1109602451324463,False,-0.06552110500848458,0.0,-0.048076247738768264,-0.08882652364714988,-0.006700855482842362,-0.06552110500848458,-0.006700855482842362,-0.023251012385212724,,9.2336602153689,8.838382546830097,9.635001512359652,9.064445103179995,9.635001512359652,9.474464993563352,,0.0060346946665074145,0.019038693155883017,0.9444444444444444,0.9444444444444444,0.006596595053983265,0.01231539415203644,1.0,1.0,1.0,0.9666666666666667,1.0,1.0
2026-03-10,MXRF11.SA,target_best_sale,equity_br,"baseline_qroll_a0.88_cal(+0.002,0.700)",False,0.88,0.02,0.98,-0.04286974974525712,0.034316263837785924,757,1.2763612270355225,False,0.0,0.09676504498777631,0.06309027946405589,0.0025156035221447423,0.11157893577446466,0.0025156035221447423,0.09676504498777631,0.026745473898909203,,10.311975508032964,9.724401162950128,10.782315464995452,9.724401162950128,10.6386207271901,9.959430900983262,,0.017015684238559998,0.02976630429298226,0.8555555555555555,0.8555555555555555,0.019486928861732068,0.03430734715780615,1.0,1.0,1.0,1.0,1.0,1.0
2026-03-10,NEOE3.SA,target_best_entry,equity_br,"baseline_qroll_a0.12_cal(-0.009,0.700)",False,0.12,0.02,0.98,-0.10970880222383572,0.060195957794748574,757,0.6506459712982178,False,-0.07141974487312153,0.0,-0.07141974487312153,-0.10354146045542278,-0.05379492903070571,-0.07141974487312153,-0.05379492903070571,-0.060844855367672035,,30.59672011488116,29.538309561937407,31.177457810335426,30.59672011488116,31.177457810335426,30.94516273215372,,0.016964915478209417,0.03444135135890515,0.9666666666666667,0.9333333333333333,0.0331409397931416,0.05407387018700249,0.45555555555555555,0.2777777777777778,1.0,1.0,0.6555555555555556,0.8888888888888888
2026-03-10,NEOE3.SA,target_best_sale,equity_br,"baseline_qroll_a0.88_cal(+0.005,0.700)",False,0.88,0.02,0.98,-0.23393552513201246,0.12456494936029198,757,0.8608260154724121,False,0.0,0.3,0.12325156900093301,0.03263156531135654,0.17150450606233733,0.03263156531135654,0.17150450606233733,0.06887956678718712,,37.01114005555368,34.02521086484456,38.60107436854102,34.02521086484456,38.60107436854102,35.219582541128204,,0.05675051036079045,0.10724782629113638,1.0,0.8666666666666667,0.04093353483747859,0.0917333181371713,0.9888888888888889,0.9888888888888889,1.0,1.0,1.0,1.0
2026-03-10,NG=F,target_best_entry,future,"baseline_ewmgauss_a0.18_cal(+0.003,0.700)",False,0.18,0.02,0.98,-0.20858110339472619,0.25583680992637037,757,0.5251991748809814,False,-0.26,0.0,-0.22304613812584764,-0.42382103660491743,0.0,-0.26,0.0,-0.08921845525033906,,2.424095960132042,1.797678299854208,3.119999885559082,2.308799915313721,3.119999885559082,2.8416383153882663,,0.06737900604961289,0.2010256544799221,0.8666666666666667,0.6444444444444445,0.14300500330656168,0.21480474888161002,0.4,0.2222222222222222,0.8888888888888888,0.9777777777777777,0.6444444444444445,0.6111111111111112
2026-03-10,NG=F,target_best_sale,future,"baseline_qroll_a0.82_cal(-0.010,0.883)",False,0.82,0.02,0.98,-0.22243696964718163,0.1689335280699167,757,0.8482439517974854,False,0.0,0.26,0.26,0.0,0.4190675485932572,0.0,0.26,0.10400000000000001,,3.931199855804443,3.119999885559082,4.427490589211569,3.119999885559082,3.931199855804443,3.444479873657227,,0.1019976154458864,0.20001998728513404,0.8111111111111111,0.6444444444444445,0.1590675485932571,0.15906754859325717,0.36666666666666664,0.0,0.8444444444444444,0.8666666666666667,0.7666666666666667,0.0
2026-03-10,ODPV3.SA,target_best_entry,equity_br,"baseline_qroll_a0.15_cal(-0.003,0.726)",False,0.15,0.02,0.98,-0.07579557232051923,0.09801222663085246,757,0.7044205665588379,False,-0.24466956914638976,0.0,-0.13106737732539558,-0.21973775711183177,-0.016406572043512493,-0.21973775711183177,-0.016406572043512493,-0.06227089415626573,,11.913066290015975,10.69739537976143,13.485065934804556,10.69739537976143,13.485065934804556,12.856266076889122,,0.02390450060440575,0.05707768591467265,0.9444444444444444,0.9444444444444444,0.04639074781134593,0.0777155311013487,0.6888888888888889,0.6888888888888889,1.0,1.0,1.0,0.8888888888888888
2026-03-10,ODPV3.SA,target_best_sale,equity_br,"baseline_qroll_a0.90_cal(-0.011,0.795)",False,0.9,0.02,0.98,-0.13592335637821576,0.0967714824460663,757,0.6599102020263672,False,0.0,0.3,0.22595998412149274,0.0769958771914806,0.3320159103653944,0.0769958771914806,0.3,0.13658151996348547,,16.807911429072327,14.76561351737933,18.26193818192193,14.76561351737933,17.823000049591066,15.582532682056529,,0.05544739528068078,0.10385390314193495,0.5333333333333333,0.5333333333333333,0.07741678789997701,0.32811580297810605,0.5888888888888889,0.5888888888888889,0.9555555555555556,0.7222222222222222,0.7777777777777778,0.7888888888888889
2026-03-10,PETR4.SA,target_best_entry,equity_br,"baseline_qroll_a0.15_cal(+0.021,0.920)",False,0.15,0.02,0.98,-0.07534377060451536,0.12519112270892502,757,0.9721486568450928,False,-0.23193082504277873,0.0,-0.21506639514368514,-0.23193082504277873,-0.06623344830678171,-0.23193082504277873,-0.06623344830678171,-0.12576662704154307,,33.69719989602432,32.97320991530962,40.0865983491528,32.97320991530962,40.0865983491528,37.53083896790141,,0.0673346668354925,0.13347791076230728,1.0,1.0,0.020238124588695207,0.03919558752694477,1.0,1.0,1.0,1.0,1.0,1.0
2026-03-10,PETR4.SA,target_best_sale,equity_br,"baseline_qroll_a0.85_cal(-0.021,0.855)",False,0.85,0.02,0.98,-0.12576099967048587,0.11139015995000599,757,0.5019626617431641,False,0.0,0.26,0.26,0.18280125138596487,0.32837716763216673,0.18280125138596487,0.26,0.21368075083157895,,54.091800384521484,50.77765808296177,57.02723221183746,50.77765808296177,54.091800384521484,52.10331500358566,,0.031523445709683975,0.06569885280696186,0.9666666666666667,0.9666666666666667,0.07288561802555857,0.18770008662383286,0.37777777777777777,0.37777777777777777,1.0,1.0,0.6888888888888889,0.5888888888888889
2026-03-10,POMO4.SA,target_best_entry,equity_br,"baseline_qroll_a0.12_cal(+0.008,0.738)",False,0.12,0.02,0.98,-0.10191340403378639,0.14441877564099062,757,1.031857967376709,False,-0.22,0.0,-0.1940915206631902,-0.2963543105143027,-0.04917763966836558,-0.22,-0.04917763966836558,-0.10714319206629543,,5.085282458500817,4.44000426039182,5.999689039286121,4.9217999553680425,5.999689039286121,5.633926406972,,0.08094567018431287,0.17213877788699247,0.9666666666666667,0.9666666666666667,0.07801582174838727,0.16449271304358443,0.8222222222222222,0.5666666666666667,1.0,1.0,0.9777777777777777,0.8777777777777778
2026-03-10,POMO4.SA,target_best_sale,equity_br,"baseline_ewmgauss_a0.85_cal(-0.005,0.700)",False,0.85,0.02,0.98,-0.20617629044264787,0.19906754859325718,757,0.8950908184051514,False,0.0,0.22,0.20109020503033012,0.021628317724442347,0.37436443503613237,0.021628317724442347,0.22,0.09341307264679746,,7.57887912501445,6.44647462638319,8.672239506436231,6.44647462638319,7.6981999301910395,6.8994364258356935,,0.0962198436699094,0.2017030783579628,0.9888888888888889,0.12222222222222222,0.11576956639584156,0.2001918616466296,0.4777777777777778,0.3888888888888889,0.9888888888888889,0.4,0.4777777777777778,0.9333333333333333
2026-03-10,PRIO3.SA,target_best_entry,equity_br,"baseline_ewmgauss_a0.18_cal(-0.022,0.700)",False,0.18,0.02,0.98,-0.07500235257273792,0.1492475469041614,757,0.6086940765380859,False,-0.28371118686627916,0.0,-0.13784002416075775,-0.19771499314092367,-0.018694531589893038,-0.19771499314092367,-0.018694531589893038,-0.06635272861823892,,50.781223892483084,47.25458812818936,57.798893586708616,47.25458812818936,57.798893586708616,54.99182570901841,,0.08056115231887498,0.14541501556058067,0.8111111111111111,0.8111111111111111,0.08632420244179745,0.13536369681455465,0.2777777777777778,0.2777777777777778,1.0,1.0,0.6111111111111112,0.9666666666666667
2026-03-10,PRIO3.SA,target_best_sale,equity_br,"baseline_ewmgauss_a0.90_cal(+0.015,0.700)",False,0.9,0.02,0.98,-0.26016052953162333,0.13787513667057424,757,0.6716744899749756,False,0.0,0.3,0.23248757178160948,0.003310269931644738,0.3539427820367705,0.003310269931644738,0.3,0.09498119067163065,,72.59351985856358,59.09497642990385,79.7472319279185,59.09497642990385,76.57000198364258,64.49439380136775,,0.08496236890966367,0.16554198602436374,0.8222222222222222,0.7,0.14092096919919236,0.22276091347468638,0.2,0.2,1.0,0.9777777777777777,0.9333333333333333,0.4666666666666667
2026-03-10,PSSA3.SA,target_best_entry,equity_br,"baseline_qroll_a0.15_cal(+0.011,0.826)",False,0.15,0.02,0.98,-0.052524395175987046,0.0712134501722865,757,0.5462627410888672,False,-0.21117926110253635,0.0,-0.14007405528172426,-0.16807457378814902,-0.10211048572943583,-0.16807457378814902,-0.10211048572943583,-0.11729591355035121,,42.961899410839344,41.562993531893596,44.858559310914984,41.562993531893596,44.858559310914984,44.09989535088473,,0.018229816321312722,0.03810147926560877,0.9444444444444444,0.9444444444444444,0.031008533911019785,0.06382555741252553,0.6111111111111112,0.6111111111111112,1.0,0.9888888888888889,0.9444444444444444,1.0
2026-03-10,PSSA3.SA,target_best_sale,equity_br,"baseline_qroll_a0.88_cal(-0.006,0.763)",False,0.88,0.02,0.98,-0.19922716573022844,0.13471353453510793,757,0.9911093711853027,False,0.0,0.3,0.2308447538299178,0.03814836636229796,0.3611423031262839,0.03814836636229796,0.3,0.1152269213493459,,61.49300277447067,51.865891433007185,68.00266821802614,51.865891433007185,64.94799880981445,55.716735969592584,,0.10450161351719643,0.19935289419481905,1.0,0.4111111111111111,0.037833771150593776,0.10721681014864859,1.0,1.0,1.0,0.7555555555555555,1.0,1.0
2026-03-10,RADL3.SA,target_best_entry,equity_br,"baseline_ewmgauss_a0.10_cal(-0.030,0.700)",False,0.1,0.02,0.98,-0.1271105449867938,0.12621074507825555,757,13.083512306213379,False,-0.2566363957229072,0.0,-0.19710313774272084,-0.2566363957229072,0.0,-0.2566363957229072,0.0,-0.07884125509708834,,19.0607713262193,17.647451795395757,23.739999771118164,17.647451795395757,23.739999771118164,21.86830839315862,,0.10863589087219563,0.15523609371279742,0.4444444444444444,0.4444444444444444,0.16527984215566982,0.2013654867778773,1.0,1.0,1.0,0.8666666666666667,1.0,1.0
2026-03-10,RADL3.SA,target_best_sale,equity_br,"baseline_qroll_a0.90_cal(-0.030,0.924)",False,0.9,0.02,0.98,-0.20057307716060868,0.1134377324959219,757,1.164477825164795,False,0.0,0.3,0.3,0.11172978648498763,0.406479625381449,0.11172978648498763,0.3,0.18703787189099258,,30.861999702453613,26.39246487669885,33.38982598463796,26.39246487669885,30.861999702453613,28.180278807000757,,0.1062834978186155,0.20929368772034776,1.0,0.8777777777777778,0.08189460908780977,0.12957430893104863,0.9666666666666667,0.36666666666666664,1.0,1.0,0.9666666666666667,0.7666666666666667
2026-03-10,RAIL3.SA,target_best_entry,equity_br,"baseline_qroll_a0.15_cal(+0.030,1.148)",False,0.15,0.02,0.98,-0.07120795497646878,0.10560573654010988,757,0.9085373878479004,False,-0.26039983909735337,0.0,-0.19973378414222404,-0.26039983909735337,-0.10076859692372653,-0.26039983909735337,-0.10076859692372653,-0.14035467181112554,,13.644538369820411,12.610182179119981,15.331894736391348,12.610182179119981,15.331894736391348,14.656952189762974,,0.04307011255932894,0.10169843529334427,0.9333333333333333,0.9333333333333333,0.03846116721563494,0.12690252193058585,0.9111111111111111,0.9111111111111111,1.0,1.0,1.0,1.0
2026-03-10,RAIL3.SA,target_best_sale,equity_br,"baseline_ewmgauss_a0.88_cal(-0.000,0.700)",False,0.88,0.02,0.98,-0.12754775149291436,0.10157379173077773,757,0.6870837211608887,False,0.0,0.3,0.11835064921534769,0.027957690303003005,0.19033588984110117,0.027957690303003005,0.19033588984110117,0.06411487386794087,,19.067877715887846,17.526677835396722,20.29522601363656,17.526677835396722,20.29522601363656,18.14315778759317,,0.05345039724470067,0.09390530504252269,0.8888888888888888,0.8888888888888888,0.029170730802471265,0.08621713443537304,0.9888888888888889,0.9888888888888889,1.0,0.9777777777777777,1.0,1.0
2026-03-10,RANI3.SA,target_best_entry,equity_br,"baseline_qroll_a0.10_cal(+0.024,0.940)",False,0.1,0.02,0.98,-0.07844147252782167,0.09189959625853997,757,0.7253439426422119,False,-0.19393743586744214,0.0,-0.19393743586744214,-0.19393743586744214,-0.1348456890783211,-0.19393743586744214,-0.1348456890783211,-0.1584823877939695,,7.891352472108895,7.891352472108895,8.46986067092022,7.891352472108895,8.46986067092022,8.23845739139569,,0.019757705258271818,0.062066185113554294,0.9444444444444444,0.9444444444444444,0.016891414986777542,0.03257799193452697,1.0,1.0,1.0,0.9777777777777777,1.0,1.0
2026-03-10,RANI3.SA,target_best_sale,equity_br,"baseline_qroll_a0.88_cal(-0.022,0.933)",False,0.88,0.02,0.98,-0.19470133442668264,0.19906754859325718,757,0.5512394905090332,False,0.0,0.22,0.22,0.1248566394830254,0.31727696833105534,0.1248566394830254,0.22,0.16291398368981524,,11.943799953460694,11.012346457628944,12.896141469710905,11.012346457628944,11.943799953460694,11.384927855961644,,0.059955924883984976,0.1393431359078023,0.7666666666666667,0.7333333333333333,0.0689637349701676,0.13513184340007164,0.7888888888888889,0.7888888888888889,0.9888888888888889,1.0,0.9444444444444444,1.0
2026-03-10,RBRF11.SA,target_best_entry,equity_br,"baseline_qroll_a0.12_cal(-0.000,0.772)",False,0.12,0.02,0.98,-0.07072026749452907,0.06831578211527486,757,0.6293954849243164,False,-0.0864678234951409,0.0,-0.07451006698262655,-0.09454002465678997,-0.05516112681703424,-0.0864678234951409,-0.05516112681703424,-0.06290070288327115,,6.154508142827131,6.021308922383739,6.283178596773579,6.07498906087853,6.283178596773579,6.231710415195001,,0.015375042481706869,0.034803775438822,0.9666666666666667,0.9555555555555556,0.011324150312312108,0.017168099986092176,1.0,1.0,1.0,0.9777777777777777,1.0,1.0
2026-03-10,RBRF11.SA,target_best_sale,equity_br,"baseline_qroll_a0.82_cal(+0.001,0.700)",False,0.82,0.02,0.98,-0.08204851778828662,0.0918728605294048,757,0.7131590843200684,False,0.0,0.15203733761268817,0.04592392432730129,0.019592783710230294,0.07540790861735834,0.019592783710230294,0.07540790861735834,0.030125239957058694,,6.955394196523632,6.780292108908977,7.151462694864323,6.780292108908977,7.151462694864323,6.850332943954839,,0.03430042889257308,0.06587471935873362,0.6777777777777778,0.6777777777777778,0.013029936639671034,0.03787448940196442,1.0,1.0,0.9888888888888889,1.0,1.0,1.0
2026-03-10,RBRP11.SA,target_best_entry,equity_br,"baseline_qroll_a0.12_cal(-0.000,0.806)",False,0.12,0.02,0.98,-0.16826265081701727,0.04256603759485146,757,0.7493281364440918,False,-0.052440277667099515,0.0,-0.052440277667099515,-0.15499918516571587,-0.02649556390515818,-0.052440277667099515,-0.02649556390515818,-0.036873449409934714,,50.021678609470655,44.60759378872321,51.39130007271663,50.021678609470655,51.39130007271663,50.843451487418236,,0.016845488343446804,0.035939164264219677,0.9666666666666667,0.9111111111111111,0.01318450516236126,0.025202752474454075,0.8777777777777778,0.8555555555555555,1.0,1.0,1.0,0.9888888888888889
2026-03-10,RBRP11.SA,target_best_sale,equity_br,"baseline_ewmgauss_a0.82_cal(+0.000,0.700)",False,0.82,0.02,0.98,-0.1384961281332711,0.2116723553889005,757,0.6031448841094971,False,0.0,0.2607046915314988,0.11603986591601485,0.048092457038961006,0.2198881703663652,0.048092457038961006,0.2198881703663652,0.07527142058978255,,58.91574554347144,55.32880176664405,64.3978976304814,55.32880176664405,64.3978976304814,56.763579277375015,,0.05744218619374837,0.08461707409911462,0.9333333333333333,0.9333333333333333,0.016697130047922674,0.04284322414780657,0.9888888888888889,0.9888888888888889,1.0,1.0,1.0,1.0
2026-03-10,RCRB11.SA,target_best_entry,equity_br,"baseline_qroll_a0.18_cal(-0.006,0.811)",False,0.18,0.02,0.98,-0.062129922922242786,0.07060043997962383,757,0.9167385101318359,False,-0.09451207913496805,0.0,-0.0542095614726027,-0.1144321230215232,0.0,-0.09451207913496805,0.0,-0.021683824589041084,,133.45103664886247,124.95363284674046,141.10000610351562,127.76435116071568,141.10000610351562,138.04041832165436,,0.023230817133172814,0.047243860178155905,1.0,0.9777777777777777,0.013448461875292021,0.03209003138454846,1.0,1.0,1.0,1.0,1.0,1.0
2026-03-10,RCRB11.SA,target_best_sale,equity_br,"baseline_qroll_a0.82_cal(+0.012,0.700)",False,0.82,0.02,0.98,-0.08804580032851372,0.09686205533146167,757,0.821526050567627,False,0.0,0.14058311273116814,0.05791285033196882,0.0,0.14205003065565422,0.0,0.14058311273116814,0.02316514013278753,,149.2715096388284,141.10000610351562,161.14326629603303,141.10000610351562,160.93628416793467,144.36860751764073,,0.03822440436807601,0.09501371020769146,0.7777777777777778,0.7333333333333333,0.03715030528895558,0.08028627783910429,0.7555555555555555,0.2777777777777778,0.8444444444444444,1.0,0.8666666666666667,0.4444444444444444
2026-03-10,RENT3.SA,target_best_entry,equity_br,"baseline_qroll_a0.08_cal(+0.015,0.780)",False,0.08,0.02,0.98,-0.10589833716678186,0.1478956277905809,757,1.0373954772949219,False,-0.3,0.0,-0.21586842919262061,-0.3212553941507112,-0.04388832516438873,-0.3,-0.04388832516438873,-0.1126803667756815,,35.936751325889986,31.106866528891395,43.818599808408834,32.08100128173828,43.818599808408834,40.66586041540129,,0.06382816737299671,0.09542219983444408,0.9444444444444444,0.9444444444444444,0.044046605107380274,0.08221164288727989,0.9666666666666667,0.9666666666666667,1.0,1.0,1.0,1.0
2026-03-10,RENT3.SA,target_best_sale,equity_br,"baseline_ewmgauss_a0.88_cal(-0.030,0.763)",False,0.88,0.02,0.98,-0.14968113875492944,0.269180558797179,757,1.5214602947235107,False,0.0,0.3,0.20086650341474654,0.0,0.4190675485932572,0.0,0.3,0.08034660136589862,,55.03571405035007,45.83000183105469,65.03586835041926,45.83000183105469,59.579002380371094,49.51228671877284,,0.1092122498574726,0.19434361479744658,1.0,0.8222222222222222,0.07468281224211393,0.16336416493774472,1.0,0.7888888888888889,1.0,0.9,1.0,0.9666666666666667
2026-03-10,SANB11.SA,target_best_entry,equity_br,"baseline_qroll_a0.12_cal(+0.005,0.780)",False,0.12,0.02,0.98,-0.0694080747642139,0.08674568625084844,757,0.872356653213501,False,-0.18627796950939993,0.0,-0.13917140864483224,-0.18627796950939993,-0.03391070365526136,-0.18627796950939993,-0.03391070365526136,-0.07601498565108972,,27.133317593570943,25.6485187735561,30.451135063026744,25.6485187735561,30.451135063026744,29.124008075244426,,0.026215785851402253,0.0633595780349992,0.8777777777777778,0.8777777777777778,0.02709583968010242,0.050242200061354714,1.0,1.0,1.0,1.0,1.0,1.0
2026-03-10,SANB11.SA,target_best_sale,equity_br,"baseline_qroll_a0.88_cal(+0.007,0.733)",False,0.88,0.02,0.98,-0.13158031666689998,0.08780766307168633,757,0.7929623126983643,False,0.0,0.3,0.20838569777339974,0.06325215928399439,0.3052378499105676,0.06325215928399439,0.3,0.12130557467975653,,38.088317746972635,33.513708547349715,41.141097626671566,33.513708547349715,40.97600059509278,35.34355222719888,,0.05955757971165987,0.11421663403379381,0.6555555555555556,0.6555555555555556,0.05036036084952865,0.08969016515504377,0.8111111111111111,0.8111111111111111,1.0,1.0,1.0,0.9888888888888889
2026-03-10,SB=F,target_best_entry,future,"baseline_qroll_a0.15_cal(+0.017,0.874)",False,0.15,0.02,0.98,-0.1055713762791421,0.16986665298502857,757,0.9673120975494385,False,-0.2467115406994677,0.0,-0.18002417942950386,-0.2467115406994677,-0.005995224339965188,-0.2467115406994677,-0.005995224339965188,-0.07560680637578067,,11.96344734724192,10.990478736137462,14.502529828553,10.990478736137462,14.502529828553,13.486896836028567,,0.025203264586505583,0.05935217424431947,0.9666666666666667,0.9666666666666667,0.028315721802762213,0.09419339455840835,1.0,1.0,1.0,1.0,1.0,1.0
2026-03-10,SB=F,target_best_sale,future,"baseline_qroll_a0.85_cal(-0.013,0.831)",False,0.85,0.02,0.98,-0.20585051964713505,0.11753327690177251,757,0.5465314388275146,False,0.0,0.28,0.20321909791315915,0.08406365622295885,0.2712525891403562,0.08406365622295885,0.2712525891403562,0.13172583289903897,,17.554966822149655,15.816488909707957,18.547575469535545,15.816488909707957,18.547575469535545,16.511880074684637,,0.02782500425082527,0.07912991173192098,1.0,1.0,0.025421479663051662,0.0458221818494147,0.9666666666666667,0.9666666666666667,1.0,1.0,1.0,1.0
2026-03-10,SBSP3.SA,target_best_entry,equity_br,"baseline_qroll_a0.12_cal(+0.007,0.739)",False,0.12,0.02,0.98,-0.06365881281389049,0.06882382075860409,757,0.8001937866210938,False,-0.249653602543145,0.0,-0.1561026159862602,-0.20708901545954408,-0.10097939481129375,-0.20708901545954408,-0.10097939481129375,-0.12302868328128033,,124.98964206134909,117.43804640424139,133.1539423832179,117.43804640424139,133.1539423832179,129.88822225447038,,0.022954297187664792,0.04916629387157251,0.9777777777777777,0.9777777777777777,0.02396897192598718,0.05204128785644851,0.8888888888888888,0.8888888888888888,1.0,1.0,1.0,0.9666666666666667
2026-03-10,SBSP3.SA,target_best_sale,equity_br,"baseline_qroll_a0.88_cal(-0.008,0.769)",False,0.88,0.02,0.98,-0.17633448667896762,0.13811705999566243,757,0.8079860210418701,False,0.0,0.3,0.2306088470402974,0.08800155296194645,0.3423084956059117,0.08800155296194645,0.3,0.14504447059328684,,182.26547708624247,161.14391067325732,198.80931210347168,161.14391067325732,192.54300079345703,169.5925372384514,,0.06650621505832856,0.14302518748488102,0.9444444444444444,0.9444444444444444,0.037386349247874394,0.08054053029882893,0.9777777777777777,0.9777777777777777,1.0,1.0,1.0,1.0
2026-03-10,SEK=X,target_best_entry,fx,"baseline_qroll_a0.12_cal(+0.005,0.820)",False,0.12,0.02,0.98,-0.07125678224040714,0.0577682018130796,757,25.0,False,-0.08870503061780351,0.0,-0.06351953738346762,-0.08870503061780351,0.0,-0.08870503061780351,0.0,-0.02540781495338705,,8.635464700903228,8.40322447114736,9.221190452575684,8.40322447114736,9.221190452575684,8.9869001519067,,0.027190431504150785,0.05161063056620803,0.7777777777777778,0.7777777777777778,0.015639147468080653,0.035045072790555444,1.0,1.0,1.0,1.0,1.0,1.0
2026-03-10,SEK=X,target_best_sale,fx,"baseline_qroll_a0.88_cal(-0.006,0.833)",False,0.88,0.02,0.98,-0.05430591340813826,0.04735525730214673,757,0.500023365020752,False,0.0,0.15,0.08023442698474742,0.04730484787979997,0.10894932364151724,0.04730484787979997,0.10894932364151724,0.06047667952177895,,9.961047384655318,9.65739746420544,10.225832915553422,9.65739746420544,10.225832915553422,9.778857432385392,,0.008602987898487366,0.022385223306738655,1.0,1.0,0.007029701168182228,0.015383524063379304,0.9888888888888889,0.9888888888888889,1.0,1.0,1.0,1.0
2026-03-10,SI=F,target_best_entry,future,"baseline_qroll_a0.12_cal(+0.015,0.776)",False,0.12,0.02,0.98,-0.08564442576686783,0.11182614570062195,757,0.9501972198486328,False,-0.26130353492686936,0.0,-0.13089499884521058,-0.26130353492686936,0.0,-0.26130353492686936,0.0,-0.05235799953808423,,72.84490642121457,61.9145843142496,83.81600189208984,61.9145843142496,83.81600189208984,79.42756370373974,,0.07402229698440695,0.12038749491223853,0.9111111111111111,0.9111111111111111,0.022404143065259646,0.07253411059398342,0.9777777777777777,0.9777777777777777,1.0,1.0,0.9888888888888889,0.9888888888888889
2026-03-10,SI=F,target_best_sale,future,"baseline_qroll_a0.92_cal(-0.019,0.830)",False,0.92,0.02,0.98,-0.1619324338006494,0.13906754859325715,757,0.500023365020752,False,0.0,0.28,0.28,0.13932582753979073,0.4008109571088775,0.13932582753979073,0.28,0.19559549652387445,,107.284482421875,95.49373571678194,117.41037383149785,95.49373571678194,107.284482421875,100.21003439881916,,0.02860707960190735,0.15450699134235754,0.9,0.9,0.13906754859325712,0.13906754859325715,0.0,0.0,0.9444444444444444,0.9333333333333333,0.0,0.0
2026-03-10,SLCE3.SA,target_best_entry,equity_br,"baseline_qroll_a0.12_cal(+0.006,0.769)",False,0.12,0.02,0.98,-0.0713182060402385,0.06621851604333436,757,0.5992896556854248,False,-0.22,0.0,-0.1585228705260132,-0.20780509010823475,-0.1127646324932839,-0.20780509010823475,-0.1127646324932839,-0.1310679277063756,,14.271451345483495,13.435624946488236,15.047511020625665,13.435624946488236,15.047511020625665,14.737087150568799,,0.026324521797681674,0.050288603115782204,0.9333333333333333,0.9333333333333333,0.03434897195031476,0.06342967952264174,0.4666666666666667,0.4666666666666667,1.0,0.9888888888888889,0.7111111111111111,0.9888888888888889
2026-03-10,SLCE3.SA,target_best_sale,equity_br,"baseline_qroll_a0.88_cal(-0.013,0.864)",False,0.88,0.02,0.98,-0.17530666768093844,0.07520606671179116,757,0.5031075477600098,False,0.0,0.22,0.22,0.1183020180495811,0.26362814784054767,0.1183020180495811,0.22,0.15898121082974867,,20.69119888305664,18.966401202284818,21.431132230489563,18.966401202284818,20.69119888305664,19.656320274593547,,0.049536966838960673,0.10179109595342671,0.9777777777777777,0.9777777777777777,0.0439483456966205,0.07825221215286537,0.24444444444444444,0.24444444444444444,1.0,1.0,0.9444444444444444,0.6222222222222222
2026-03-10,SMTO3.SA,target_best_entry,equity_br,"baseline_qroll_a0.12_cal(+0.002,0.781)",False,0.12,0.02,0.98,-0.1101370817202163,0.09982453171908504,757,0.500023365020752,False,-0.2602361467278141,0.0,-0.198169081196133,-0.2602361467278141,-0.1315862868142515,-0.2602361467278141,-0.1315862868142515,-0.1582194045670041,,15.138567074093723,13.966740928944338,16.395650176145143,13.966740928944338,16.395650176145143,15.892816935324573,,0.025297788504980392,0.06119204600968957,0.9888888888888889,0.9888888888888889,0.09399699281241228,0.17238425964950999,0.12222222222222222,0.12222222222222222,1.0,1.0,0.4,0.5333333333333333
2026-03-10,SMTO3.SA,target_best_sale,equity_br,"baseline_qroll_a0.85_cal(-0.008,0.794)",False,0.85,0.02,0.98,-0.20861851723847452,0.1038251155822926,757,0.500023365020752,False,0.0,0.3,0.22080686129086524,0.08165866196215557,0.2900580383657005,0.08165866196215557,0.2900580383657005,0.13731794169363945,,23.04883251662965,20.42171463008142,24.356294681684634,20.42171463008142,24.356294681684634,21.472561784700712,,0.03888556630461691,0.0704953702914036,0.9444444444444444,0.9444444444444444,0.08234743902722474,0.20333611194665158,0.4111111111111111,0.4111111111111111,1.0,0.9666666666666667,0.8,0.5888888888888889
2026-03-10,SUZB3.SA,target_best_entry,equity_br,"baseline_qroll_a0.12_cal(-0.000,0.730)",False,0.12,0.02,0.98,-0.09185530462615547,0.1603040385863348,757,0.5860650539398193,False,-0.293673879100909,0.0,-0.1251727033148095,-0.20469770233765355,0.0,-0.20469770233765355,0.0,-0.0500690813259238,,47.94053519090818,43.58256530512909,54.79999923706055,43.58256530512909,54.79999923706055,52.0562136185996,,0.044163346326511484,0.09198606765684661,0.9444444444444444,0.9444444444444444,0.034387216075814714,0.062278341591339735,1.0,1.0,1.0,1.0,1.0,1.0
2026-03-10,SUZB3.SA,target_best_sale,equity_br,"baseline_qroll_a0.88_cal(-0.000,0.801)",False,0.88,0.02,0.98,-0.10697966093015954,0.175432494102425,757,0.500023365020752,False,0.0,0.11607062829395923,0.11607062829395923,0.037049155405570036,0.24565539193896213,0.037049155405570036,0.11607062829395923,0.06865774456092572,,61.16066957901465,56.83029292501953,68.26191452789548,56.83029292501953,61.16066957901465,58.562443586617576,,0.02616047541670023,0.05762290493871634,1.0,0.9555555555555556,0.06294785600154926,0.1602652548309795,0.6666666666666666,0.4111111111111111,1.0,1.0,0.6444444444444445,0.6
2026-03-10,SYNE3.SA,target_best_entry,equity_br,"baseline_qroll_a0.18_cal(+0.012,0.824)",False,0.18,0.02,0.98,-0.257954223238984,0.12120970213820684,757,0.7515945434570312,False,-0.22,0.0,-0.16135114765780434,-0.2831234097975512,-0.1041317719200408,-0.22,-0.1041317719200408,-0.12701952221514623,,3.899717243370997,3.333476212808066,4.165787346008463,3.6270000743865967,4.165787346008463,4.059359304953476,,0.04056140646634188,0.07953830501593345,0.7888888888888889,0.7888888888888889,0.02205572367317182,0.046469986523400265,1.0,1.0,1.0,1.0,1.0,1.0
2026-03-10,SYNE3.SA,target_best_sale,equity_br,"baseline_qroll_a0.88_cal(-0.023,0.875)",False,0.88,0.02,0.98,-0.12844859945016338,0.19906754859325718,757,1.8536174297332764,False,0.0,0.22,0.22,0.07045510551610998,0.4190675485932572,0.07045510551610998,0.22,0.13027306330966598,,5.673000116348266,4.977616342736465,6.598664236291473,4.977616342736465,5.673000116348266,5.255769852181186,,0.12577563137401804,0.19906754859325718,0.8111111111111111,0.14444444444444443,0.04326562094677501,0.0973179130458718,1.0,0.9555555555555556,0.5111111111111111,0.2222222222222222,1.0,1.0
2026-03-10,TAEE11.SA,target_best_entry,equity_br,"baseline_qroll_a0.12_cal(+0.007,0.862)",False,0.12,0.02,0.98,-0.032402223899126684,0.05136653295639346,757,0.8263275623321533,False,-0.1372456396753955,0.0,-0.1250468028068375,-0.1372456396753955,-0.0709706647396561,-0.1372456396753955,-0.0709706647396561,-0.09260111996652867,,37.412997243399744,36.89137499937554,39.725292816387416,36.89137499937554,39.725292816387416,38.800374587192344,,0.015631338829107923,0.02923402707959884,0.8444444444444444,0.8444444444444444,0.016867122921956447,0.08930374867420449,0.8666666666666667,0.8666666666666667,0.9888888888888889,0.9666666666666667,0.9222222222222223,0.9
2026-03-10,TAEE11.SA,target_best_sale,equity_br,"baseline_qroll_a0.88_cal(-0.003,0.782)",False,0.88,0.02,0.98,-0.07887874720531236,0.059518482766035684,757,1.0490546226501465,False,0.0,0.3,0.17419734762880953,0.06877534017164712,0.25374422376856426,0.06877534017164712,0.25374422376856426,0.11094414315451209,,50.20867661375663,45.70083175183571,53.610100903975756,45.70083175183571,53.610100903975756,47.50396969660408,,0.034114338440238264,0.07618699455122156,0.9555555555555556,0.9555555555555556,0.0666494743518342,0.1891981414569019,0.6555555555555556,0.6111111111111112,1.0,1.0,0.9222222222222223,0.9777777777777777
2026-03-10,TGMA3.SA,target_best_entry,equity_br,"baseline_qroll_a0.12_cal(+0.025,1.020)",False,0.12,0.02,0.98,-0.06458322880364403,0.1156827639831858,757,0.7657420635223389,False,-0.22527073061068312,0.0,-0.22527073061068312,-0.22527073061068312,-0.1382049845971455,-0.22527073061068312,-0.1382049845971455,-0.17303128300256054,,29.25377591178325,29.25377591178325,32.541378335117464,29.25377591178325,32.541378335117464,31.22633736578378,,0.023292458849469105,0.046696865116357206,0.9111111111111111,0.9111111111111111,0.04068634496621006,0.07284868241648215,0.7,0.7,1.0,0.9777777777777777,1.0,1.0
2026-03-10,TGMA3.SA,target_best_sale,equity_br,"baseline_qroll_a0.88_cal(-0.019,0.855)",False,0.88,0.02,0.98,-0.17074696517484914,0.10974225703640778,757,0.615142822265625,False,0.0,0.3,0.3,0.19676543814186281,0.3663507770745749,0.19676543814186281,0.3,0.2380592628851177,,49.08799781799316,45.18986093550569,51.593403048961534,45.18986093550569,49.08799781799316,46.74911568850068,,0.03786907193289715,0.08568031086282107,0.9111111111111111,0.9111111111111111,0.04294803649349305,0.10193849523354905,0.7222222222222222,0.7222222222222222,1.0,1.0,1.0,0.8666666666666667
2026-03-10,TIMS3.SA,target_best_entry,equity_br,"baseline_qroll_a0.12_cal(+0.022,0.913)",False,0.12,0.02,0.98,-0.06391295540186977,0.08539878527834105,757,0.6014859676361084,False,-0.22419366154393183,0.0,-0.19311794789581357,-0.22419366154393183,-0.1300687349918706,-0.22419366154393183,-0.1300687349918706,-0.1552884201534478,,21.511475385977178,20.682996864860126,23.192367392375754,20.682996864860126,23.192367392375754,22.520010589816323,,0.015535296660025235,0.03371307847441111,0.9444444444444444,0.9444444444444444,0.029605451322197683,0.058615379604535105,0.6555555555555556,0.6555555555555556,1.0,0.9666666666666667,0.8333333333333334,0.7555555555555555
2026-03-10,TIMS3.SA,target_best_sale,equity_br,"baseline_qroll_a0.90_cal(-0.005,0.756)",False,0.9,0.02,0.98,-0.10626755046073388,0.12673325892345869,757,0.6864879131317139,False,0.0,0.3,0.2675262778412705,0.17798237055488703,0.3743151436610072,0.17798237055488703,0.3,0.21379993346944043,,33.79225037383911,31.405009819247443,36.639241520298604,31.405009819247443,34.65799980163575,32.35990604108411,,0.053654256992868396,0.0843562158139616,0.8222222222222222,0.5,0.04859221678626333,0.12126868730066656,0.7,0.7,0.9666666666666667,0.8111111111111111,1.0,0.8888888888888888
2026-03-10,UGPA3.SA,target_best_entry,equity_br,"baseline_qroll_a0.12_cal(+0.004,0.808)",False,0.12,0.02,0.98,-0.08746040731426254,0.15182153636969414,757,0.6182153224945068,False,-0.25727357152053326,0.0,-0.18234196192067814,-0.22502633255073723,-0.10824664351284548,-0.22502633255073723,-0.10824664351284548,-0.13788477087597856,,21.839645448510396,20.699545948060226,23.818731335347316,20.699545948060226,23.818731335347316,23.027096980612548,,0.02763355210506013,0.05617292578073641,0.9111111111111111,0.9111111111111111,0.0183664233982358,0.0452967163868918,0.9666666666666667,0.9666666666666667,1.0,1.0,1.0,1.0
2026-03-10,UGPA3.SA,target_best_sale,equity_br,"baseline_qroll_a0.92_cal(-0.008,0.751)",False,0.92,0.02,0.98,-0.1570677275431941,0.14597447004371963,757,0.6032617092132568,False,0.0,0.3,0.25550450401206415,0.18070299788657207,0.32502298744551145,0.18070299788657207,0.3,0.2106236003367689,,33.53452415271353,31.536575992584464,35.391362781574834,31.536575992584464,34.722998809814456,32.33575525663609,,0.06306512356643146,0.1529370248351185,0.7555555555555555,0.7555555555555555,0.11108983166735456,0.16272853320271702,0.14444444444444443,0.14444444444444443,0.9666666666666667,0.8888888888888888,0.8333333333333334,0.7555555555555555
2026-03-10,UNIP6.SA,target_best_entry,equity_br,"baseline_qroll_a0.12_cal(+0.019,0.845)",False,0.12,0.02,0.98,-0.07550949738103073,0.10170806343585974,757,0.6219186782836914,False,-0.22,0.0,-0.20072801182477532,-0.2507934986823503,-0.13329194232530267,-0.22,-0.13329194232530267,-0.16026637012509173,,55.237687590626685,51.777661763342124,59.898194394894944,53.90580047607422,59.898194394894944,58.03399167318764,,0.02338579553841012,0.061709275433255835,0.8555555555555555,0.8555555555555555,0.072301301601977,0.15119247111199502,0.3,0.3,0.9888888888888889,0.9555555555555556,0.7666666666666667,0.7333333333333333
2026-03-10,UNIP6.SA,target_best_sale,equity_br,"baseline_ewmgauss_a0.88_cal(-0.030,0.700)",False,0.88,0.02,0.98,-0.13671755239352992,0.22903001450178134,757,1.3188738822937012,False,0.0,0.22,0.18413476548009244,0.0,0.4190675485932572,0.0,0.22,0.07365390619203697,,81.8355543650677,69.11000061035156,98.0717591494101,69.11000061035156,84.3142007446289,74.20022211223801,,0.03575390272211643,0.085843609809495,1.0,0.9444444444444444,0.11048793307224931,0.17497239489667074,0.7333333333333333,0.4666666666666667,1.0,0.9777777777777777,0.9888888888888889,0.8666666666666667
2026-03-10,USIM5.SA,target_best_entry,equity_br,"baseline_ewmgauss_a0.08_cal(-0.030,0.700)",False,0.08,0.02,0.98,-0.08695141269870794,0.2115832641626372,757,1.2234511375427246,False,-0.3,0.0,-0.22698120238802952,-0.34154756347079135,0.0,-0.3,0.0,-0.09079248095521181,,5.202416522672725,4.431384910400557,6.730000019073486,4.71100001335144,6.730000019073486,6.118966620513182,,0.03499023540989976,0.07423386611086534,0.9666666666666667,0.7888888888888889,0.18568404321298437,0.22710465921149062,1.0,1.0,1.0,1.0,1.0,1.0
2026-03-10,USIM5.SA,target_best_sale,equity_br,"baseline_qroll_a0.82_cal(-0.021,0.900)",False,0.82,0.02,0.98,-0.2048477412580385,0.1626071862382668,757,0.9343674182891846,False,0.0,0.3,0.3,0.09386928333893313,0.4190675485932572,0.09386928333893313,0.3,0.17632157000335988,,8.749000024795533,7.361740297734921,9.550324629099187,7.361740297734921,8.749000024795533,7.9166441885591645,,0.05093801702623738,0.1044484657796225,0.9888888888888889,0.9888888888888889,0.07526754777507429,0.11906754859325719,1.0,0.2222222222222222,1.0,1.0,1.0,0.4666666666666667
2026-03-10,USO,target_best_entry,other,"baseline_ewmgauss_a0.18_cal(-0.011,0.700)",False,0.18,0.02,0.98,-0.10685175539414356,0.1384184884153872,757,1.4443440437316895,False,-0.23819148951970573,0.0,-0.12396180270827553,-0.23819148951970573,0.0,-0.23819148951970573,0.0,-0.04958472108331022,,95.28667177861882,82.86190912760102,108.7699966430664,82.86190912760102,108.7699966430664,103.37666669728736,,0.0781669865091265,0.13514982415329665,1.0,1.0,0.04314753299523353,0.08578987947156111,1.0,1.0,1.0,1.0,1.0,1.0
2026-03-10,USO,target_best_sale,other,"baseline_ewmgauss_a0.92_cal(+0.010,0.700)",False,0.92,0.02,0.98,-0.19065072108746217,0.10741563301619719,757,1.214771032333374,False,0.0,0.25,0.1682935028705937,0.0,0.3598710663824418,0.0,0.25,0.06731740114823748,,127.07528038535077,108.7699966430664,147.91317132542133,108.7699966430664,135.962495803833,116.09211013998014,,0.06074556882495015,0.1314892067218777,1.0,0.8333333333333334,0.09639216405514313,0.25528201247375404,0.8888888888888888,0.8888888888888888,1.0,1.0,0.9222222222222223,0.8888888888888888
2026-03-10,VALE3.SA,target_best_entry,equity_br,"baseline_qroll_a0.12_cal(+0.030,1.037)",False,0.12,0.02,0.98,-0.06761312319166979,0.11671421836805657,757,0.6917333602905273,False,-0.20314303846431864,0.0,-0.20314303846431864,-0.20314303846431864,-0.08147346781884275,-0.20314303846431864,-0.08147346781884275,-0.13014129607703312,,63.15888447358822,63.15888447358822,72.80241490286288,63.15888447358822,72.80241490286288,68.94500273115301,,0.03968053366026233,0.0720945715492417,0.9444444444444444,0.9444444444444444,0.013056473352066236,0.028689209426428938,0.9333333333333333,0.9333333333333333,1.0,1.0,0.9333333333333333,0.9333333333333333
2026-03-10,VALE3.SA,target_best_sale,equity_br,"baseline_qroll_a0.88_cal(-0.023,0.825)",False,0.88,0.02,0.98,-0.09251611340818315,0.10872062245014116,757,0.6152713298797607,False,0.0,0.3,0.2713542394821915,0.18557078188902568,0.37216295876232225,0.18557078188902568,0.3,0.219884164926292,,100.76753973726416,93.96834270517661,108.75763904275799,93.96834270517661,103.0380027770996,96.68802151801162,,0.03498605786753869,0.059214444463386785,0.7777777777777778,0.7777777777777778,0.10995030650398736,0.14185630141474664,0.05555555555555555,0.0,1.0,1.0,0.12222222222222222,0.0
2026-03-10,VIVT3.SA,target_best_entry,equity_br,"baseline_qroll_a0.12_cal(+0.003,0.722)",False,0.12,0.02,0.98,-0.06609838100875266,0.06527014374720519,757,0.6405055522918701,False,-0.23057975973039255,0.0,-0.10699246586941585,-0.15770420193825307,-0.05691616668676214,-0.15770420193825307,-0.05691616668676214,-0.07694668635982363,,37.58668724781842,35.45223026894307,39.694398688057355,35.45223026894307,39.694398688057355,38.851314111961784,,0.017030613838609945,0.042759621882290384,1.0,1.0,0.018467965417772104,0.03810888096115959,0.9111111111111111,0.9111111111111111,1.0,1.0,1.0,1.0
2026-03-10,VIVT3.SA,target_best_sale,equity_br,"baseline_ewmgauss_a0.92_cal(+0.030,0.700)",False,0.92,0.02,0.98,-0.16951909946713328,0.11140132814590015,757,0.5218579769134521,False,0.0,0.3,0.20510342683007401,0.09913762702998795,0.274740009804377,0.09913762702998795,0.274740009804377,0.14152394695002238,,50.722803419162005,46.26270288940729,53.65380720717612,46.26270288940729,53.65380720717612,48.046743101309175,,0.04106124287841007,0.114955950008434,0.8333333333333334,0.8333333333333334,0.08127052806227018,0.13012861073669071,0.36666666666666664,0.36666666666666664,1.0,0.9555555555555556,0.6444444444444445,0.8666666666666667
2026-03-10,VULC3.SA,target_best_entry,equity_br,"baseline_qroll_a0.12_cal(+0.027,0.935)",False,0.12,0.02,0.98,-0.0767607654008129,0.08976184168021231,757,0.7848780155181885,False,-0.26,0.0,-0.26,-0.27319764885543013,-0.19131066030317262,-0.26,-0.19131066030317262,-0.21878639618190357,,12.565199661254884,12.341103589731082,13.731544617863527,12.565199661254884,13.731544617863527,13.26500663522007,,0.03704828093840942,0.08275737259182332,0.8777777777777778,0.8777777777777778,0.0305153422612333,0.05480216639395282,0.9555555555555556,0.9555555555555556,1.0,1.0,1.0,1.0
2026-03-10,VULC3.SA,target_best_sale,equity_br,"baseline_ewmgauss_a0.92_cal(-0.011,0.700)",False,0.92,0.02,0.98,-0.21918022151782882,0.18347603988378225,757,0.8599381446838379,False,0.0,0.26,0.19974644228666494,0.015980935152065306,0.35357678009179694,0.015980935152065306,0.26,0.08948713800590516,,20.371694040827233,17.251355813802903,22.983733106340434,17.251355813802903,21.394799423217773,18.499491104612638,,0.1287377882372809,0.2015106675483288,0.7444444444444445,0.43333333333333335,0.09315582689530498,0.1751264815258313,0.9222222222222223,0.9222222222222223,1.0,0.5666666666666667,1.0,1.0
2026-03-10,WEGE3.SA,target_best_entry,equity_br,"baseline_ewmgauss_a0.08_cal(-0.003,0.700)",False,0.08,0.02,0.98,-0.09184233366365975,0.1318749886923574,757,2.090129852294922,False,-0.25861073126430617,0.0,-0.13602802987000787,-0.25861073126430617,0.0,-0.25861073126430617,0.0,-0.05441121194800315,,40.24381595063496,34.53391349523291,46.58000183105469,34.53391349523291,46.58000183105469,44.0455274788868,,0.03195744579770707,0.1241651759885852,0.9444444444444444,0.9444444444444444,0.12011287832051527,0.14253727579297906,1.0,1.0,1.0,1.0,1.0,1.0
2026-03-10,WEGE3.SA,target_best_sale,equity_br,"baseline_qroll_a0.90_cal(-0.015,0.831)",False,0.9,0.02,0.98,-0.170317919316479,0.15906754859325717,757,0.500023365020752,False,0.0,0.26,0.26,0.16787135236848078,0.34604307868937106,0.16787135236848078,0.26,0.20472281142108847,,58.690802307128905,54.39944973176014,62.698689070029396,54.39944973176014,58.690802307128905,56.115990761907646,,0.04847339149580481,0.0904322243781483,0.9222222222222223,0.9222222222222223,0.07448334677936547,0.1566731527531759,0.5666666666666667,0.16666666666666666,1.0,1.0,0.5777777777777777,0.4222222222222222
2026-03-10,WIZC3.SA,target_best_entry,equity_br,"baseline_qroll_a0.18_cal(-0.002,0.907)",False,0.18,0.02,0.98,-0.10964440856329315,0.13634948825157417,757,0.5222551822662354,False,-0.16396436089240743,0.0,-0.16396436089240743,-0.2183553555293685,-0.09632585217663737,-0.16396436089240743,-0.09632585217663737,-0.12338125566294539,,7.87545578417798,7.363092610548103,8.512610541440942,7.87545578417798,8.512610541440942,8.257748638535757,,0.034603556574580335,0.06640162509236379,0.9666666666666667,0.9666666666666667,0.016338386593069888,0.04174964923120401,1.0,1.0,1.0,1.0,1.0,1.0
2026-03-10,WIZC3.SA,target_best_sale,equity_br,"baseline_qroll_a0.92_cal(+0.005,0.700)",False,0.92,0.02,0.98,-0.22237507931830597,0.15918035696753743,757,0.9727795124053955,False,0.0,0.3,0.2392345243359409,0.03375985758118427,0.386317241077733,0.03375985758118427,0.3,0.11594972428308692,,11.673589313790654,9.738017937284372,13.059108516719856,9.738017937284372,12.24600009918213,10.512246487886886,,0.11929537938451702,0.17627308092396815,0.9444444444444444,0.34444444444444444,0.07360593703531422,0.11846054044764084,0.9666666666666667,0.9111111111111111,1.0,0.6333333333333333,1.0,1.0
2026-03-10,XPML11.SA,target_best_entry,equity_br,"baseline_qroll_a0.12_cal(-0.001,0.789)",False,0.12,0.02,0.98,-0.10586715604133014,0.036752550269386626,757,0.6778311729431152,False,-0.043788118607517884,0.0,-0.043788118607517884,-0.14824414705831618,0.0,-0.043788118607517884,0.0,-0.017515247443007153,,104.91556879363397,93.45465322450258,109.72000122070312,104.91556879363397,109.72000122070312,107.79822824987546,,0.008550084069695978,0.019403974085562273,0.9444444444444444,0.9444444444444444,0.28531401575011756,0.4629980798947968,0.35555555555555557,0.35555555555555557,1.0,1.0,0.35555555555555557,0.35555555555555557
2026-03-10,XPML11.SA,target_best_sale,equity_br,"baseline_ewmgauss_a0.82_cal(+0.008,0.700)",False,0.82,0.02,0.98,-0.0727306580311688,0.06810414876594598,757,1.2174346446990967,False,0.0,0.10586774995143935,0.10586774995143935,0.0,0.2768120081129265,0.0,0.10586774995143935,0.042347099980575745,,121.33581087460814,109.72000122070312,140.0918150887587,109.72000122070312,121.33581087460814,114.36632508226513,,0.04272214356404759,0.07241077191987524,0.8888888888888888,0.8666666666666667,0.1922892825666586,0.3326290584046114,0.4111111111111111,0.4111111111111111,1.0,1.0,0.4111111111111111,0.4111111111111111
2026-03-10,ZC=F,target_best_entry,future,"baseline_qroll_a0.12_cal(+0.014,0.867)",False,0.12,0.02,0.98,-0.07135830361039805,0.1258166145598762,757,12.877537965774536,False,-0.17781869464307948,0.0,-0.16200689709799454,-0.17781869464307948,0.0,-0.17781869464307948,0.0,-0.06480275883919782,,366.6219825196274,359.7043210936527,437.5,359.7043210936527,437.5,409.14879300785094,,0.02335068126229856,0.06847256634573405,0.8222222222222222,0.8222222222222222,0.012745378349631787,0.02959344981487213,1.0,1.0,1.0,1.0,1.0,1.0
2026-03-10,ZC=F,target_best_sale,future,"baseline_qroll_a0.88_cal(-0.019,0.870)",False,0.88,0.02,0.98,-0.09657669288673006,0.08696456581449373,757,1.0093574523925781,False,0.0,0.28,0.24388072372898467,0.1338777340791957,0.34293528800579265,0.1338777340791957,0.28,0.1778789299391113,,544.1978166314308,496.0715086596481,587.5341885025343,496.0715086596481,560.0,515.3220318483611,,0.02440070587509807,0.06020081335315801,1.0,1.0,0.02298801005005656,0.06567404742250438,1.0,1.0,1.0,1.0,1.0,1.0
2026-03-10,ZS=F,target_best_entry,future,"baseline_qroll_a0.12_cal(+0.008,0.772)",False,0.12,0.02,0.98,-0.09035396400851768,0.12660495265146413,757,0.5374424457550049,False,-0.19797155686979026,0.0,-0.12521546642079526,-0.16648865544686242,-0.06738302708335166,-0.16648865544686242,-0.06738302708335166,-0.0905160028183291,,1032.6831418902511,983.9601422449789,1100.9543365281033,983.9601422449789,1100.9543365281033,1073.6458586729625,,0.02251070844514547,0.04591735018362855,0.9666666666666667,0.9666666666666667,0.021202107728459367,0.04731461701591089,0.9111111111111111,0.9111111111111111,1.0,1.0,1.0,0.9888888888888889
2026-03-10,ZS=F,target_best_sale,future,"baseline_qroll_a0.88_cal(-0.006,0.763)",False,0.88,0.02,0.98,-0.11356831740150657,0.07313720609238532,757,0.5565316677093506,False,0.0,0.28,0.1757799704876205,0.12205998014145375,0.21037527043679832,0.12205998014145375,0.21037527043679832,0.14354797627992044,,1388.0082551606358,1324.591806556986,1428.8480067506403,1324.591806556986,1428.8480067506403,1349.958385998446,,0.017480995070572807,0.03849623816469861,0.9555555555555556,0.9555555555555556,0.04718551387833268,0.09213760556782412,0.5888888888888889,0.5888888888888889,1.0,1.0,1.0,1.0
2026-03-10,ZW=F,target_best_entry,future,"baseline_qroll_a0.18_cal(-0.001,0.700)",False,0.18,0.02,0.98,-0.12303001556566986,0.10176826304351284,757,0.6829948425292969,False,-0.2640319992452212,0.0,-0.11917001418124652,-0.2219795941382016,-0.03412773951073936,-0.2219795941382016,-0.03412773951073936,-0.06814464937894223,,526.7363315196146,465.25620270535546,577.5916117725778,465.25620270535546,577.5916117725778,557.2494996713925,,0.023263607828368435,0.05212488932349223,1.0,1.0,0.017009886376236245,0.03739909059311963,1.0,1.0,1.0,1.0,1.0,1.0
2026-03-10,ZW=F,target_best_sale,future,"baseline_qroll_a0.88_cal(-0.010,0.781)",False,0.88,0.02,0.98,-0.19034412920495755,0.13320119639681396,757,0.500023365020752,False,0.0,0.28,0.21570455788586332,0.09925579838880484,0.2971944055040742,0.09925579838880484,0.28,0.14583530218762825,,726.9913256157463,657.3549674365054,775.7222544914364,657.3549674365054,765.44,685.2095107082016,,0.028713769921990165,0.06752965878537336,0.9444444444444444,0.9444444444444444,0.03125465398562177,0.07012245373380313,0.9222222222222223,0.9222222222222223,1.0,1.0,1.0,0.9555555555555556
2026-03-10,^BSESN,target_best_entry,index,"baseline_qroll_a0.15_cal(+0.006,0.821)",False,0.15,0.02,0.98,-0.04018220642388754,0.04384931659087558,757,1.0156543254852295,False,-0.15497263483584064,0.0,-0.08853043249331462,-0.14665230414793368,-0.02510424020929576,-0.14665230414793368,-0.02510424020929576,-0.0504747171229033,,71282.36763385985,66736.88990147007,76242.67494107244,66736.88990147007,76242.67494107244,74258.5520181874,,0.02438846569269073,0.04839282418522461,0.9777777777777777,0.9777777777777777,0.017764238316206753,0.03962107322991522,0.8222222222222222,0.8222222222222222,1.0,1.0,1.0,0.9222222222222223
2026-03-10,^BSESN,target_best_sale,index,"baseline_qroll_a0.88_cal(-0.005,0.768)",False,0.88,0.02,0.98,-0.06244847081553645,0.058127208218957845,757,0.8600783348083496,False,0.0,0.15,0.13734555911862478,0.060852909523711377,0.20854512753331084,0.060852909523711377,0.15,0.09144996936167674,,88947.22013989463,82965.0377784713,94515.45191859368,82965.0377784713,89936.873046875,85357.91072304064,,0.03429726128654382,0.06267839428114293,0.9888888888888889,0.9888888888888889,0.01757307003608199,0.03155008293289134,0.9666666666666667,0.9666666666666667,1.0,1.0,1.0,1.0
2026-03-10,^BVSP,target_best_entry,index,"baseline_qroll_a0.12_cal(+0.030,1.193)",False,0.12,0.02,0.98,-0.04124744314649524,0.06209066160528249,757,0.6132268905639648,False,-0.11918514341709993,0.0,-0.11918514341709993,-0.11918514341709993,-0.07027084973699241,-0.11918514341709993,-0.07027084973699241,-0.08983656720903542,,159352.61977869537,159352.61977869537,168201.94921983202,159352.61977869537,168201.94921983202,164662.21744337736,,0.02245494159057657,0.04542938762128674,0.6888888888888889,0.6888888888888889,0.017659737143240213,0.03703086985752375,0.8,0.8,1.0,0.9111111111111111,0.8555555555555555,0.8555555555555555
2026-03-10,^BVSP,target_best_sale,index,"baseline_ewmgauss_a0.88_cal(-0.030,0.700)",False,0.88,0.02,0.98,-0.07112403420957134,0.09524335250403199,757,0.5625131130218506,False,0.0,0.15,0.0881241529603907,0.03672720370438054,0.15695064473668618,0.03672720370438054,0.15,0.057285983406784605,,196857.98113282907,187559.50205817798,209309.7258925376,187559.50205817798,208052.24999999997,191278.89368803846,,0.020959934179272423,0.05498893097225985,0.9333333333333333,0.9333333333333333,0.11493791607399678,0.1749164740008822,0.0,0.0,1.0,1.0,0.26666666666666666,0.07777777777777778
2026-03-10,^FVX,target_best_entry,index,"baseline_ewmgauss_a0.18_cal(+0.009,0.768)",False,0.18,0.02,0.98,-0.10049119063197418,0.13698345907927637,757,0.6133086681365967,False,-0.18,0.0,-0.10538794190862971,-0.16732571018733766,-0.02095815564467314,-0.16732571018733766,-0.02095815564467314,-0.05473007015025577,,3.323483719024272,3.093384915185033,3.6371403677482035,3.093384915185033,3.6371403677482035,3.511677708258631,,0.048176304602388566,0.09335797589539901,0.9555555555555556,0.9555555555555556,0.07594890931632521,0.10412802622640471,0.2222222222222222,0.2222222222222222,1.0,1.0,0.9666666666666667,1.0
2026-03-10,^FVX,target_best_sale,index,"baseline_qroll_a0.82_cal(-0.022,0.912)",False,0.82,0.02,0.98,-0.08468522273667636,0.1252582896477817,757,0.6012406349182129,False,0.0,0.15,0.15,0.09883129601131381,0.22568385767899324,0.09883129601131381,0.15,0.11929877760678828,,4.272249901294708,4.082158170368584,4.55341542607617,4.082158170368584,4.272249901294708,4.158194862739033,,0.029594203877008004,0.06804842938513528,0.9555555555555556,0.9555555555555556,0.018427270633391852,0.04501564451491252,0.9888888888888889,0.9888888888888889,0.9777777777777777,0.9555555555555556,1.0,1.0
2026-03-10,^GDAXI,target_best_entry,index,"baseline_ewmgauss_a0.18_cal(-0.015,0.700)",False,0.18,0.02,0.98,-0.1006227170461131,0.09350032149191806,757,25.0,False,-0.13964245592073007,0.0,-0.0826819528888434,-0.13964245592073007,0.0,-0.13964245592073007,0.0,-0.03307278115553736,,21473.8367841823,20140.427342273175,23409.369140625,20140.427342273175,23409.369140625,22635.15619804792,,0.07591717607423744,0.10253290818372642,0.8,0.8,0.049092198137449077,0.07907850171479615,1.0,1.0,1.0,0.8777777777777778,1.0,1.0
2026-03-10,^GDAXI,target_best_sale,index,"baseline_ewmgauss_a0.88_cal(+0.009,0.700)",False,0.88,0.02,0.98,-0.08926525454558487,0.08741912131360904,757,0.9124393463134766,False,0.0,0.15,0.09529407056073876,0.0,0.19308634200794197,0.0,0.15,0.038117628224295506,,25640.1432152941,23409.369140625,27929.39859670188,23409.369140625,26920.774511718748,24301.67877049264,,0.06024148396451211,0.09778178870249415,0.8777777777777778,0.6888888888888889,0.0402965160464099,0.0781942262862833,0.7666666666666667,0.7666666666666667,1.0,0.9222222222222223,1.0,1.0
2026-03-10,^HSI,target_best_entry,index,"baseline_ewmgauss_a0.18_cal(-0.014,0.700)",False,0.18,0.02,0.98,-0.08043237191196144,0.11693732413345732,757,1.4817163944244385,False,-0.18,0.0,-0.0971815560665495,-0.22890479217851661,0.0,-0.18,0.0,-0.038872622426619804,,23254.15563135033,19861.32216256646,25757.2890625,21120.97703125,25757.2890625,24756.035690040135,,0.0872068526966597,0.11638542224400637,1.0,0.8555555555555555,0.05258762748915361,0.07144396873044816,1.0,1.0,1.0,1.0,1.0,1.0
2026-03-10,^HSI,target_best_sale,index,"baseline_qroll_a0.92_cal(-0.011,0.760)",False,0.92,0.02,0.98,-0.13255833509634293,0.19825861684132048,757,0.9153716564178467,False,0.0,0.15,0.13614449968655698,0.0020314831071069073,0.3367283494168211,0.0020314831071069073,0.15,0.05567668973888694,,29264.00229519609,25809.614560115337,34430.49849396756,25809.614560115337,29620.882421874998,27191.36965414764,,0.051611688817506295,0.1349696507026485,0.8888888888888888,0.6555555555555556,0.02701607261297998,0.05588860986090236,1.0,1.0,0.8888888888888888,0.9888888888888889,1.0,1.0
2026-03-10,^IRX,target_best_entry,index,"baseline_qroll_a0.08_cal(+0.030,1.300)",False,0.08,0.02,0.98,-0.07504290983781213,0.04594690504688322,757,0.5189023017883301,False,-0.0699599412683344,0.0,-0.0699599412683344,-0.0699599412683344,-0.055371302814781115,-0.0699599412683344,-0.055371302814781115,-0.06120675819620243,,3.3434940377489974,3.3434940377489974,3.395940193406906,3.3434940377489974,3.395940193406906,3.3749617311437423,,0.016326218157753966,0.040681153622094166,0.8666666666666667,0.8666666666666667,0.01631176377246784,0.043315489946388355,0.28888888888888886,0.28888888888888886,0.9666666666666667,0.8888888888888888,0.8777777777777778,0.5777777777777777
2026-03-10,^IRX,target_best_sale,index,"baseline_qroll_a0.88_cal(-0.030,1.300)",False,0.88,0.02,0.98,-0.040337109968331404,0.024974255783463937,757,1.9814825057983398,False,0.0,0.15,0.15,0.10109334919041123,0.15246354590651348,0.10109334919041123,0.15,0.12065600951424674,,4.134250032901764,3.9584306218420613,4.143106480506162,3.9584306218420613,4.134250032901764,4.028758386265943,,0.015438847757569523,0.026794167097819552,0.8555555555555555,0.8555555555555555,0.006304800967878362,0.021807590317042824,1.0,1.0,0.9666666666666667,0.9111111111111111,1.0,1.0
2026-03-10,^IXIC,target_best_entry,index,"baseline_qroll_a0.12_cal(+0.006,0.783)",False,0.12,0.02,0.98,-0.08178656770537407,0.12832374155836448,757,13.106573581695557,False,-0.18,0.0,-0.12098204285636101,-0.19196483049905405,0.0,-0.18,0.0,-0.048392817142544405,,19951.158131718497,18340.05473004118,22697.099609375,18611.6216796875,22697.099609375,21598.7230183124,,0.07893282901010339,0.14309078344398757,1.0,0.9777777777777777,0.015945361330581873,0.04254471482293749,1.0,1.0,1.0,1.0,1.0,1.0
2026-03-10,^IXIC,target_best_sale,index,"baseline_ewmgauss_a0.90_cal(+0.013,0.700)",False,0.9,0.02,0.98,-0.11985873894157081,0.10916133327143446,757,1.0350823402404785,False,0.0,0.15,0.13130257598693748,0.0,0.25187030598237226,0.0,0.15,0.052521030394774994,,25677.28725551805,22697.099609375,28413.825032900662,22697.099609375,26101.664550781246,23889.17466783222,,0.05736434827311007,0.19273876393602707,0.9444444444444444,0.43333333333333335,0.09028455391192103,0.1247130293581658,0.23333333333333334,0.23333333333333334,0.8888888888888888,0.6666666666666666,0.5666666666666667,0.9888888888888889
2026-03-10,^JKSE,target_best_entry,index,"baseline_qroll_a0.15_cal(+0.008,0.898)",False,0.15,0.02,0.98,-0.03924856522036791,0.08507075750814472,757,1.2698657512664795,False,-0.14509589728293992,0.0,-0.09905330139365565,-0.14509589728293992,0.0,-0.14509589728293992,0.0,-0.03962132055746226,,6703.866079392136,6361.267125129029,7440.9130859375,6361.267125129029,7440.9130859375,7146.094283319355,,0.04851274339673481,0.08972889287314093,1.0,1.0,0.024663725420911338,0.06702784548535688,0.8333333333333334,0.8333333333333334,1.0,1.0,0.9888888888888889,0.8888888888888888
2026-03-10,^JKSE,target_best_sale,index,"baseline_qroll_a0.88_cal(-0.008,0.793)",False,0.88,0.02,0.98,-0.04464232933380503,0.0745672947830004,757,0.8229513168334961,False,0.0,0.15,0.1317228527395812,0.07252488976783791,0.23060281759223247,0.07252488976783791,0.15,0.09620407495653523,,8421.051384604469,7980.564487267179,9156.808609013602,7980.564487267179,8557.050048828125,8156.759246202095,,0.020558932207644945,0.06921936454245703,0.9888888888888889,0.8666666666666667,0.016506662494524666,0.041312230425995924,0.9444444444444444,0.9444444444444444,0.9888888888888889,0.9666666666666667,1.0,0.9666666666666667
2026-03-10,^KS11,target_best_entry,index,"baseline_qroll_a0.12_cal(+0.010,0.834)",False,0.12,0.02,0.98,-0.054958323623917615,0.09910892262378755,757,1.0525009632110596,False,-0.18,0.0,-0.10181664707309848,-0.199225827497535,0.0,-0.18,0.0,-0.0407266588292394,,4717.142310992068,4205.561947181244,5251.8701171875,4306.533496093751,5251.8701171875,5037.978994709327,,0.0577524399989998,0.10427876717603782,1.0,1.0,0.019571513712505356,0.04790873066625771,0.9888888888888889,0.9888888888888889,1.0,1.0,1.0,0.9888888888888889
2026-03-10,^KS11,target_best_sale,index,"baseline_qroll_a0.88_cal(-0.005,0.726)",False,0.88,0.02,0.98,-0.05053264578532695,0.1447637311685517,757,1.50386643409729,False,0.0,0.15,0.124371498031894,0.0,0.4190675485932572,0.0,0.15,0.0497485992127576,,5905.053071131048,5251.8701171875,7452.758452727448,5251.8701171875,6039.650634765624,5513.143298764919,,0.10529035157489142,0.1722606712422127,1.0,0.12222222222222222,0.16509697325778216,0.2690675485932572,1.0,0.0,0.35555555555555557,0.18888888888888888,0.022222222222222223,0.0
2026-03-10,^MXX,target_best_entry,index,"baseline_qroll_a0.12_cal(+0.010,0.905)",False,0.12,0.02,0.98,-0.041973310828753274,0.06380536015231893,757,0.8443653583526611,False,-0.12269428140372622,0.0,-0.11307706071717309,-0.12269428140372622,-0.043066117730041625,-0.12269428140372622,-0.043066117730041625,-0.07107049492489421,,59701.88727341457,59054.518488730275,64414.56888417884,59054.518488730275,64414.56888417884,62529.49623987313,,0.018887163546484866,0.0577237379666816,1.0,1.0,0.010964013853440936,0.022285680075077495,1.0,1.0,1.0,1.0,1.0,1.0
2026-03-10,^MXX,target_best_sale,index,"baseline_ewmgauss_a0.88_cal(-0.006,0.700)",False,0.88,0.02,0.98,-0.06955360955505921,0.10445173289542764,757,0.6446411609649658,False,0.0,0.15,0.08336456821816904,0.025098453330191235,0.17086537095243448,0.025098453330191235,0.15,0.04840489928538236,,72925.06086275371,69002.96473824183,78815.0461476067,69002.96473824183,77410.525,70571.80318804659,,0.04315500718215472,0.07636332653510187,0.9555555555555556,0.9333333333333333,0.03763697001842277,0.07854641044076728,0.8777777777777778,0.8777777777777778,1.0,1.0,1.0,0.9555555555555556
2026-03-10,^N225,target_best_entry,index,"baseline_qroll_a0.15_cal(+0.004,0.734)",False,0.15,0.02,0.98,-0.10647705913153933,0.15253005778497222,757,1.2440941333770752,False,-0.18,0.0,-0.10338435997894471,-0.2666732829775059,0.0,-0.18,0.0,-0.04135374399157789,,47277.39390952147,38667.378213739925,52728.71875,43237.549375,52728.71875,50548.188813808585,,0.0764722563190358,0.15245729213824866,1.0,0.9111111111111111,0.01522714757391485,0.03736170188973982,1.0,1.0,1.0,1.0,1.0,1.0
2026-03-10,^N225,target_best_sale,index,"baseline_qroll_a0.90_cal(-0.006,0.718)",False,0.9,0.02,0.98,-0.10034902326612997,0.11354648865791153,757,0.6631813049316406,False,0.0,0.15,0.1368216248635597,0.047702597169919314,0.23766119796417284,0.047702597169919314,0.15,0.08335020824737546,,59943.147726348645,55244.01557981723,65260.28921524093,55244.01557981723,60638.026562499996,57123.668438429784,,0.046308268840200485,0.1551926638185262,0.8111111111111111,0.23333333333333334,0.040885724473914926,0.08562291435474309,0.8555555555555555,0.26666666666666666,0.8666666666666667,0.6555555555555556,0.8888888888888888,0.6222222222222222
2026-03-10,^NDX,target_best_entry,index,"baseline_qroll_a0.18_cal(+0.002,0.763)",False,0.18,0.02,0.98,-0.08553872111686231,0.12111108353851885,757,13.209835290908813,False,-0.18,0.0,-0.08947218044048222,-0.193095269980452,0.0,-0.18,0.0,-0.035788872176192886,,22723.56085321739,20137.494254945836,24956.470703125,20464.3059765625,24956.470703125,24063.306763161956,,0.07226239715122319,0.1321232141436397,1.0,0.9777777777777777,0.016061944074228236,0.041444203254860514,1.0,1.0,1.0,1.0,1.0,1.0
2026-03-10,^NDX,target_best_sale,index,"baseline_ewmgauss_a0.90_cal(+0.018,0.700)",False,0.9,0.02,0.98,-0.13029779932704852,0.10008089273227584,757,0.9988198280334473,False,0.0,0.15,0.1323162021522351,0.0,0.24063084319780795,0.0,0.15,0.05292648086089405,,28258.616125686018,24956.470703125,30961.76729165936,24956.470703125,28699.94130859375,26277.328872149406,,0.0539591512500574,0.1719585090211325,0.9444444444444444,0.5,0.09053219713893408,0.12460607503935882,0.28888888888888886,0.28888888888888886,0.9333333333333333,0.7666666666666667,0.6,0.9888888888888889
2026-03-10,^RUT,target_best_entry,index,"baseline_qroll_a0.12_cal(+0.010,0.854)",False,0.12,0.02,0.98,-0.07236736793932846,0.13792194932861224,757,13.192007780075073,False,-0.18,0.0,-0.13523579274357073,-0.18089657286025743,0.0,-0.18,0.0,-0.05409431709742829,,2208.322345584822,2091.7197847914913,2553.669921875,2094.0093359375,2553.669921875,2415.530891358929,,0.07851942832451125,0.1491625765085091,1.0,1.0,0.025529696963615543,0.05178900976641708,1.0,1.0,1.0,1.0,1.0,1.0
2026-03-10,^RUT,target_best_sale,index,"baseline_qroll_a0.92_cal(-0.003,0.700)",False,0.92,0.02,0.98,-0.08517355379393553,0.10257741379650753,757,0.545853853225708,False,0.0,0.15,0.11896078298350081,0.0786552007060964,0.16750216945166613,0.0786552007060964,0.15,0.09477743361705816,,2857.4564952626656,2754.5293421171996,2981.4151738525293,2754.5293421171996,2936.7204101562497,2795.700203375386,,0.03601071473788476,0.1105920923038555,0.8666666666666667,0.6,0.032572428093658616,0.06815264333358512,0.7333333333333333,0.7333333333333333,0.9333333333333333,0.7888888888888889,1.0,0.9333333333333333
2026-03-10,^TNX,target_best_entry,index,"baseline_qroll_a0.15_cal(+0.030,1.116)",False,0.15,0.02,0.98,-0.07557466339296337,0.14240283084586522,757,0.6762773990631104,False,-0.18,0.0,-0.18,-0.19000970860353106,-0.07507459549207299,-0.18,-0.07507459549207299,-0.11704475729524379,,3.3915201282501224,3.3501199719003734,3.825491617705513,3.3915201282501224,3.825491617705513,3.651903021923357,,0.037915254109159996,0.07108587352346739,0.9777777777777777,0.9777777777777777,0.022521416123927798,0.05224030678228537,0.9666666666666667,0.9666666666666667,1.0,1.0,1.0,0.9888888888888889
2026-03-10,^TNX,target_best_sale,index,"baseline_qroll_a0.88_cal(-0.026,0.893)",False,0.88,0.02,0.98,-0.10965312842370563,0.1101288094172918,757,0.6873874664306641,False,0.0,0.15,0.15,0.06787794821888495,0.23247830152745724,0.06787794821888495,0.15,0.10072676893133096,,4.756400179862975,4.416743360852183,5.0975304478803585,4.416743360852183,4.756400179862975,4.5526060884565,,0.029089835272147615,0.05253112097190189,0.9777777777777777,0.9777777777777777,0.020082719039753175,0.06047282453403163,0.9111111111111111,0.9111111111111111,1.0,0.9888888888888889,0.9555555555555556,0.9444444444444444
2026-03-10,^TWII,target_best_entry,index,"baseline_ewmgauss_a0.18_cal(-0.019,0.700)",False,0.18,0.02,0.98,-0.1568019050000909,0.12922682141035566,757,13.15153956413269,False,-0.18,0.0,-0.10909872627555042,-0.23074159548576992,0.0,-0.18,0.0,-0.043639490510220175,,29196.501699755347,25210.037270524143,32771.87109375,26872.934296875002,32771.87109375,31341.723336152136,,0.10338392469125018,0.13877563532133427,1.0,0.7888888888888889,0.08673411219664083,0.11454127043597546,1.0,1.0,1.0,1.0,1.0,1.0
2026-03-10,^TWII,target_best_sale,index,"baseline_qroll_a0.92_cal(-0.008,0.739)",False,0.92,0.02,0.98,-0.08413086541983683,0.09428615416839559,757,0.500023365020752,False,0.0,0.15,0.12470067759118808,0.06946437363212775,0.1866044586207405,0.06946437363212775,0.15,0.09155889521575189,,36858.545625071696,35048.348592030175,38887.24835718791,35048.348592030175,37687.6517578125,35772.42740524678,,0.03399342208775673,0.11621072729380948,0.8444444444444444,0.5111111111111111,0.0635688490693654,0.13787088474755102,0.26666666666666666,0.23333333333333334,0.9111111111111111,0.8,0.4222222222222222,0.4444444444444444
2026-03-10,^TYX,target_best_entry,index,"baseline_qroll_a0.12_cal(+0.018,0.900)",False,0.12,0.02,0.98,-0.06963317360424577,0.12954342420326365,757,0.500023365020752,False,-0.18,0.0,-0.160818614305942,-0.19240376125143366,-0.1020585739760731,-0.18,-0.1020585739760731,-0.12556259010802065,,4.0037343143170006,3.853041581131766,4.284078461351163,3.912219924926758,4.284078461351163,4.171940802537498,,0.01432969047374056,0.02989391405768852,1.0,1.0,0.019593810111292315,0.04091291442946913,0.9111111111111111,0.9111111111111111,1.0,1.0,0.9111111111111111,0.9111111111111111
2026-03-10,^TYX,target_best_sale,index,"baseline_qroll_a0.88_cal(-0.009,0.766)",False,0.88,0.02,0.98,-0.1080272859334731,0.12885614328131292,757,0.7207176685333252,False,0.0,0.15,0.15,0.07937230249565366,0.23424549992724863,0.07937230249565366,0.15,0.1076233814973922,,5.486649894714355,5.149685156387278,5.8885851671543525,5.149685156387278,5.486649894714355,5.284471051718109,,0.03191466962332088,0.06911200721277894,1.0,0.9666666666666667,0.016351899072862826,0.04191478952259386,1.0,1.0,1.0,1.0,1.0,1.0
2026-03-10,^VIX,target_best_entry,index,"baseline_qroll_a0.12_cal(-0.030,0.700)",False,0.12,0.02,0.98,-0.29795422323898396,0.16652577577135383,757,1.063295602798462,False,-0.18,0.0,-0.18,-0.47795422323898396,0.0,-0.18,0.0,-0.072,,20.91,13.31216730740591,25.5,20.91,25.5,23.664,,0.14306152112022488,0.29795422323898396,0.9888888888888889,0.16666666666666666,0.08812855559299013,0.24893726247689285,0.9888888888888889,0.28888888888888886,0.5777777777777777,0.37777777777777777,0.8222222222222222,0.6333333333333333
2026-03-10,^VIX,target_best_sale,index,"baseline_qroll_a0.88_cal(-0.030,1.093)",False,0.88,0.02,0.98,-0.11511342639195643,0.2690675485932572,757,1.1319186687469482,False,0.0,0.15,0.15,0.0,0.4190675485932572,0.0,0.15,0.06,,29.325,25.5,36.186222489128056,25.5,29.325,27.03,,0.1355546157908696,0.2690675485932572,0.8,0.3,0.2395569914930091,0.2690675485932572,0.4888888888888889,0.044444444444444446,0.5777777777777777,0.4444444444444444,0.1,0.08888888888888889
2026-03-10,^VVIX,target_best_entry,index,"baseline_qroll_a0.12_cal(-0.008,0.700)",False,0.12,0.02,0.98,-0.29795422323898396,0.12363072283567879,757,1.239210844039917,False,-0.18,0.0,-0.18,-0.47795422323898396,0.0,-0.18,0.0,-0.072,,100.5319987487793,64.00281143432193,122.5999984741211,100.5319987487793,122.5999984741211,113.77279858398438,,0.09437889697238945,0.24205632755601525,0.9222222222222223,0.5777777777777777,0.060826287524134576,0.17039502608130772,1.0,0.5222222222222223,0.8111111111111111,0.7555555555555555,0.9555555555555556,0.7666666666666667
2026-03-10,^VVIX,target_best_sale,index,"baseline_qroll_a0.88_cal(-0.008,0.891)",False,0.88,0.02,0.98,-0.062165760677671225,0.2690675485932572,757,1.2010674476623535,False,0.0,0.15,0.15,0.054127087274802047,0.4190675485932572,0.054127087274802047,0.15,0.09247625236488122,,140.98999824523924,129.23597929142045,173.97767929220808,129.23597929142045,140.98999824523924,133.93758687294797,,0.1509686771728586,0.2690675485932572,0.8,0.1,0.17395828603605004,0.2690675485932572,0.7444444444444445,0.05555555555555555,0.37777777777777777,0.23333333333333334,0.15555555555555556,0.08888888888888889
2026-03-11,000001.SS,target_best_entry,other,"baseline_qroll_a0.12_cal(+0.012,0.846)",False,0.12,0.02,0.98,-0.054699111882551284,0.0731905743280975,757,1.1821184158325195,False,-0.21069876381275293,0.0,-0.1337374343079157,-0.200191171224121,-0.04481849204814416,-0.200191171224121,-0.04481849204814416,-0.08038606895205277,,3571.720261622922,3297.7223215012223,3938.345347698954,3297.7223215012223,3938.345347698954,3791.695313268541,,0.04604620093391611,0.07456330539747644,0.9666666666666667,0.9666666666666667,0.012021954514822658,0.025987499544423753,1.0,1.0,1.0,1.0,1.0,1.0
2026-03-11,000001.SS,target_best_sale,other,"baseline_qroll_a0.90_cal(-0.020,0.902)",False,0.9,0.02,0.98,-0.18728751061221455,0.10883232801728204,757,0.6557044982910156,False,0.0,0.25,0.24018577242587752,0.11397537629085605,0.31352633414543696,0.11397537629085605,0.25,0.16445953474486463,,5113.457313038844,4593.074409568044,5415.850583470975,4593.074409568044,5153.9227294921875,4801.227570956365,,0.03353049676556499,0.07937515088624107,0.8666666666666667,0.8666666666666667,0.021471043928463662,0.04750568186397745,1.0,1.0,0.9666666666666667,0.9555555555555556,1.0,1.0
2026-03-11,399001.SZ,target_best_entry,other,"baseline_qroll_a0.12_cal(+0.013,0.826)",False,0.12,0.02,0.98,-0.07186327980024294,0.12572188710695215,757,1.2214884757995605,False,-0.25,0.0,-0.16838593402484298,-0.24809293161230322,-0.028941781459308313,-0.24809293161230322,-0.028941781459308313,-0.08471944248552218,,11937.046775871417,10792.926928102745,13938.63794646408,10792.926928102745,13938.63794646408,13138.001478227014,,0.06683472286150892,0.12439823516568181,1.0,1.0,0.02446905223655623,0.04681354194155966,1.0,1.0,1.0,1.0,1.0,1.0
2026-03-11,399001.SZ,target_best_sale,other,"baseline_qroll_a0.92_cal(-0.026,0.897)",False,0.92,0.02,0.98,-0.19576484077476167,0.16906754859325718,757,0.6991984844207764,False,0.0,0.25,0.25,0.125710278210184,0.3573397985827249,0.125710278210184,0.25,0.1754261669261104,,17942.587890625,16158.524484932917,19483.35090681102,16158.524484932917,17942.587890625,16872.14984720975,,0.05533277677077211,0.11795597123375452,0.8444444444444444,0.7555555555555555,0.05943901199379948,0.15956995365987767,0.8888888888888888,0.8888888888888888,0.9888888888888889,0.9555555555555556,1.0,1.0
2026-03-11,ABCB4.SA,target_best_entry,equity_br,"baseline_qroll_a0.12_cal(+0.005,0.765)",False,0.12,0.02,0.98,-0.06155882687238583,0.06776405829467114,757,0.6507277488708496,False,-0.22774668121246067,0.0,-0.15179045104649522,-0.20116689699261509,-0.09743677779646978,-0.20116689699261509,-0.09743677779646978,-0.11917824709647995,,22.715052303394135,21.392751047052933,24.170643710351523,21.392751047052933,24.170643710351523,23.588407147568567,,0.02119586154833516,0.05225174539033281,0.8555555555555555,0.8555555555555555,0.03516874227512464,0.055657096646487575,0.5,0.5,1.0,1.0,1.0,1.0
2026-03-11,ABCB4.SA,target_best_sale,equity_br,"baseline_ewmgauss_a0.85_cal(+0.005,0.700)",False,0.85,0.02,0.98,-0.14270920997051345,0.11241930028303064,757,0.5323021411895752,False,0.0,0.26,0.14797505606182262,0.054339589189468865,0.22173647391032641,0.054339589189468865,0.22173647391032641,0.09179377593841037,,30.742772789587526,28.23521492245152,32.71810361021841,28.23521492245152,32.71810361021841,29.238238069305922,,0.03810662287848065,0.06519248512072366,0.9333333333333333,0.9333333333333333,0.0892523283895639,0.1733562671376748,0.26666666666666666,0.26666666666666666,1.0,1.0,0.6888888888888889,0.37777777777777777
2026-03-11,ABEV3.SA,target_best_entry,equity_br,"baseline_qroll_a0.12_cal(+0.008,0.757)",False,0.12,0.02,0.98,-0.07713301416023993,0.08056948080618713,757,1.2578794956207275,False,-0.17704079873135736,0.0,-0.11365789153840739,-0.17704079873135736,-0.016275401823445654,-0.17704079873135736,-0.016275401823445654,-0.05522839770943035,,13.498989906134836,12.533668258600601,14.982125179915538,12.533668258600601,14.982125179915538,14.388871070403258,,0.036342153276402604,0.0796739384176747,0.9888888888888889,0.9888888888888889,0.02513873884200457,0.04384466816968414,1.0,1.0,1.0,1.0,1.0,1.0
2026-03-11,ABEV3.SA,target_best_sale,equity_br,"baseline_ewmgauss_a0.82_cal(+0.003,0.700)",False,0.82,0.02,0.98,-0.13272111903882716,0.22566136322865632,757,2.6282846927642822,False,0.0,0.3,0.1872038639110483,0.0,0.4190675485932572,0.0,0.3,0.07488154556441932,,18.081114303906464,15.229999542236328,21.612398115477735,15.229999542236328,19.798999404907228,16.370445446904384,,0.09074790118531292,0.1409271675555851,1.0,1.0,0.16502241983852503,0.24058302465679565,1.0,0.2111111111111111,1.0,1.0,1.0,0.7111111111111111
2026-03-11,AGRO3.SA,target_best_entry,equity_br,"baseline_qroll_a0.12_cal(+0.010,0.837)",False,0.12,0.02,0.98,-0.058626885411076475,0.07026279155248431,757,0.5537278652191162,False,-0.23179264294174212,0.0,-0.16818885108434484,-0.21708975418091964,-0.1095823954128362,-0.21708975418091964,-0.1095823954128362,-0.13302497768143967,,18.15011901549098,17.08310132484709,19.428911860358024,17.08310132484709,19.428911860358024,18.917394722411206,,0.02024488459793738,0.0593420383677962,0.9222222222222223,0.9222222222222223,0.014250428952128736,0.04245977023667514,0.8222222222222222,0.8222222222222222,1.0,1.0,1.0,0.9777777777777777
2026-03-11,AGRO3.SA,target_best_sale,equity_br,"baseline_qroll_a0.82_cal(+0.005,0.704)",False,0.82,0.02,0.98,-0.1254859096208628,0.10146172069761825,757,0.500023365020752,False,0.0,0.26,0.15683731192853748,0.062320527150877186,0.23325892489944505,0.062320527150877186,0.23325892489944505,0.10012724106194132,,25.24218979324196,23.17983357823764,26.909709364945133,23.17983357823764,26.909709364945133,24.00477606423937,,0.029878230679183156,0.060923486216093135,0.9888888888888889,0.9888888888888889,0.030062317732648457,0.0835831167206114,0.6222222222222222,0.6222222222222222,1.0,1.0,0.8888888888888888,0.8
2026-03-11,ALUP11.SA,target_best_entry,equity_br,"baseline_qroll_a0.12_cal(-0.004,0.729)",False,0.12,0.02,0.98,-0.04263056506453285,0.060343518501142855,757,0.8669359683990479,False,-0.15447867391449605,0.0,-0.09666135824384975,-0.14373491449316084,-0.030028790551047582,-0.14373491449316084,-0.030028790551047582,-0.05668181762816846,,31.436184043921337,29.798024322359588,33.75499734879424,29.798024322359588,33.75499734879424,32.82747202684508,,0.015475485361827405,0.035595775781637175,1.0,1.0,0.018706870807303228,0.04645433107016144,0.8444444444444444,0.8444444444444444,1.0,1.0,1.0,0.9888888888888889
2026-03-11,ALUP11.SA,target_best_sale,equity_br,"baseline_qroll_a0.82_cal(+0.009,0.700)",False,0.82,0.02,0.98,-0.09302710302504054,0.06771438800028318,757,0.837437629699707,False,0.0,0.2528596002100187,0.10460117427487692,0.005373944602577424,0.17682863177631802,0.005373944602577424,0.17682863177631802,0.04506483647149723,,38.4401200220219,34.987012505130245,40.95363548796687,34.987012505130245,40.95363548796687,36.36825551188691,,0.034237672350638834,0.0768641307058478,0.9444444444444444,0.9444444444444444,0.01964977951724443,0.04223995960318772,1.0,1.0,1.0,1.0,1.0,1.0
2026-03-11,ASAI3.SA,target_best_entry,equity_br,"baseline_qroll_a0.10_cal(-0.006,0.780)",False,0.1,0.02,0.98,-0.21202836822305238,0.14867366549088382,757,0.7220728397369385,False,-0.18475617958292614,0.0,-0.15394297767253298,-0.30291961284483815,-0.049481001149352624,-0.18475617958292614,-0.049481001149352624,-0.09126579175862476,,7.005351918949828,5.771825419504195,7.870297056667405,6.750218615359786,7.870297056667405,7.524319001580373,,0.042770927160689365,0.08988434989185555,0.9888888888888889,0.9666666666666667,0.04964607989018763,0.10594584609951509,1.0,0.34444444444444444,1.0,1.0,0.9333333333333333,0.5222222222222223
2026-03-11,ASAI3.SA,target_best_sale,equity_br,"baseline_ewmgauss_a0.82_cal(+0.030,0.700)",False,0.82,0.02,0.98,-0.20398835587245157,0.23827696048795977,757,1.4155700206756592,False,0.0,0.3,0.2268556526192684,0.0,0.4190675485932572,0.0,0.3,0.09074226104770737,,10.15836447608174,8.279999732971191,11.749878923420253,8.279999732971191,10.76399965286255,9.03134563021541,,0.1329734262588816,0.22624843229862207,0.9666666666666667,0.4111111111111111,0.08867852360607456,0.19680541276696534,1.0,0.9777777777777777,1.0,0.6,1.0,1.0
2026-03-11,AXIA3.SA,target_best_entry,equity_br,"baseline_qroll_a0.08_cal(+0.030,1.049)",False,0.08,0.02,0.98,-0.07329605131850128,0.11369736875801723,757,0.500023365020752,False,-0.1891553741016255,0.0,-0.1891553741016255,-0.1891553741016255,-0.15367021480234438,-0.1891553741016255,-0.15367021480234438,-0.16786427852205682,,47.83172584272089,47.83172584272089,49.92499544934615,47.83172584272089,49.92499544934615,49.08768760669605,,0.02492102140764585,0.06523483550202214,0.7888888888888889,0.7888888888888889,0.0383113924558419,0.06494824164419322,0.4,0.4,0.9666666666666667,0.8555555555555555,0.8111111111111111,0.5555555555555556
2026-03-11,AXIA3.SA,target_best_sale,equity_br,"baseline_ewmgauss_a0.82_cal(-0.030,0.770)",False,0.82,0.02,0.98,-0.12095335003014525,0.15307433691389796,757,0.9061307907104492,False,0.0,0.3,0.20215988695688542,0.13375063583344965,0.28873624678392945,0.13375063583344965,0.28873624678392945,0.16111433628282396,,70.91541374937214,66.87995191077799,76.022553360885,66.87995191077799,76.022553360885,68.49413664621565,,0.04079519510749108,0.10077259184875702,0.9666666666666667,0.9666666666666667,0.11954422585490815,0.22235292471954937,0.5333333333333333,0.35555555555555557,1.0,1.0,1.0,0.7
2026-03-11,AXIA6.SA,target_best_entry,equity_br,"baseline_qroll_a0.12_cal(+0.010,0.860)",False,0.12,0.02,0.98,-0.07565957811247562,0.09185165829299298,757,0.5505034923553467,False,-0.2124970598989644,0.0,-0.20885815584093476,-0.2124970598989644,-0.14679490754050192,-0.2124970598989644,-0.14679490754050192,-0.17162020686067506,,52.159982026844496,51.9200690811881,56.251812006232235,51.9200690811881,56.251812006232235,54.615080014477144,,0.02312471498439793,0.069650608905971,0.7666666666666667,0.7666666666666667,0.013382533734221895,0.051081818279168634,0.9,0.9,0.9666666666666667,0.8777777777777778,0.9444444444444444,0.9
2026-03-11,AXIA6.SA,target_best_sale,equity_br,"baseline_qroll_a0.88_cal(-0.010,0.821)",False,0.88,0.02,0.98,-0.15529830447518822,0.10338096572997779,757,0.5643355846405029,False,0.0,0.3,0.3,0.19242989999637958,0.3716086428607551,0.19242989999637958,0.3,0.23545793999782774,,85.70900039672851,78.61690367066204,90.43015824239131,78.61690367066204,85.70900039672851,81.45374236108863,,0.05222997595015553,0.09581638248627677,0.7666666666666667,0.7666666666666667,0.04189948312774323,0.11906754859325719,0.6777777777777778,0.35555555555555557,1.0,1.0,0.9333333333333333,0.6444444444444445
2026-03-11,BBAS3.SA,target_best_entry,equity_br,"baseline_qroll_a0.08_cal(+0.030,1.187)",False,0.08,0.02,0.98,-0.1513743315426046,0.0607769203723649,757,25.0,False,-0.14201299668489792,0.0,-0.14201299668489792,-0.14201299668489792,0.0,-0.14201299668489792,0.0,-0.05680519867395917,,21.192279636475156,21.192279636475156,24.700000762939453,21.192279636475156,24.700000762939453,23.296912312353733,,0.11357503350597745,0.22308111957662996,0.0,0.0,0.033310436049703414,0.08063639697777845,1.0,1.0,0.8222222222222222,0.12222222222222222,1.0,1.0
2026-03-11,BBAS3.SA,target_best_sale,equity_br,"baseline_qroll_a0.92_cal(-0.030,0.919)",False,0.92,0.02,0.98,-0.15892517451778637,0.08077196084612526,757,0.5648496150970459,False,0.0,0.3,0.3,0.2013952406419095,0.34941781189576465,0.2013952406419095,0.3,0.2408371443851457,,32.11000099182129,29.674463360446993,33.330620983349476,29.674463360446993,32.11000099182129,30.64867841299671,,0.022979555554540995,0.04908136906915079,1.0,1.0,0.06541604316104636,0.11451984315857305,0.45555555555555555,0.45555555555555555,1.0,1.0,0.8888888888888888,0.6333333333333333
2026-03-11,BBDC4.SA,target_best_entry,equity_br,"baseline_qroll_a0.12_cal(+0.007,0.807)",False,0.12,0.02,0.98,-0.08522512609505262,0.15102705590867904,757,0.500023365020752,False,-0.19350536092183826,0.0,-0.1643130901873334,-0.19350536092183826,-0.06939940276101857,-0.19350536092183826,-0.06939940276101857,-0.10736487773154449,,16.33767844925912,15.766969578671484,18.193240966030178,15.766969578671484,18.193240966030178,17.451015959321754,,0.017862816948862208,0.04266345337252266,1.0,1.0,0.0229181761260964,0.05773428051339473,0.7444444444444445,0.7444444444444445,1.0,1.0,0.9777777777777777,0.9222222222222223
2026-03-11,BBDC4.SA,target_best_sale,equity_br,"baseline_qroll_a0.82_cal(+0.012,0.703)",False,0.82,0.02,0.98,-0.1928020476803967,0.16436736638160443,757,1.0718121528625488,False,0.0,0.3,0.1891192832647012,0.0,0.4105399045180089,0.0,0.3,0.07564771330588049,,23.247281080598896,19.549999237060547,27.57605405717053,19.549999237060547,25.41499900817871,21.02891197447589,,0.09938054564034228,0.18899588171334814,1.0,0.5111111111111111,0.03915036898395124,0.09070907646202775,1.0,1.0,1.0,0.8333333333333334,1.0,1.0
2026-03-11,BBSE3.SA,target_best_entry,equity_br,"baseline_qroll_a0.18_cal(-0.005,0.833)",False,0.18,0.02,0.98,-0.06527396581450343,0.08387203979805061,757,13.25769853591919,False,-0.143266968970677,0.0,-0.10902515565675625,-0.143266968970677,0.0,-0.143266968970677,0.0,-0.043610062262702504,,30.747540382813646,29.56585546282399,34.5099983215332,29.56585546282399,34.5099983215332,33.00501514604538,,0.033648290406763245,0.07613436275662087,0.4777777777777778,0.4777777777777778,0.017590526530048542,0.035367482841012085,1.0,1.0,1.0,0.8555555555555555,1.0,1.0
2026-03-11,BBSE3.SA,target_best_sale,equity_br,"baseline_qroll_a0.88_cal(+0.000,0.737)",False,0.88,0.02,0.98,-0.0967209814539178,0.08153815120447297,757,0.5640435218811035,False,0.0,0.3,0.1399869354339718,0.06632428634858889,0.2020863489113636,0.06632428634858889,0.2020863489113636,0.09578934598274205,,39.340947228396146,36.79884933209989,41.48399788326913,36.79884933209989,41.48399788326913,37.8156884906184,,0.04740429091316199,0.07234998947755544,0.6555555555555556,0.6555555555555556,0.033940189596804365,0.062396663380524665,0.5444444444444444,0.5444444444444444,1.0,1.0,0.9777777777777777,0.8222222222222222
2026-03-11,BEEF3.SA,target_best_entry,equity_br,"baseline_ewmgauss_a0.18_cal(-0.026,0.700)",False,0.18,0.02,0.98,-0.14059995427847288,0.1777438913395611,757,0.9170539379119873,False,-0.3,0.0,-0.1942877971374914,-0.3080435494549744,-0.05047985507285804,-0.3,-0.05047985507285804,-0.10800303189871138,,3.5934764555022696,3.0861257958268578,4.234859882596372,3.1220000267028807,4.234859882596372,3.978306511758731,,0.10196899070188105,0.17112326095539046,0.9111111111111111,0.7888888888888889,0.046483230135085034,0.08783192115182782,0.8666666666666667,0.8666666666666667,1.0,0.9333333333333333,1.0,1.0
2026-03-11,BEEF3.SA,target_best_sale,equity_br,"baseline_ewmgauss_a0.82_cal(+0.006,0.700)",False,0.82,0.02,0.98,-0.17306274239223704,0.2501343484168305,757,1.1058316230773926,False,0.0,0.3,0.21591723575391425,0.047073134027690505,0.4190675485932572,0.047073134027690505,0.3,0.11461077471818,,5.422990917846019,4.66994621770617,6.329041320859058,4.66994621770617,5.798000049591065,4.971164097762109,,0.09904753151160388,0.20708797728441009,0.9888888888888889,0.8555555555555555,0.12481896188202109,0.19283679812054128,0.7777777777777778,0.7777777777777778,1.0,0.9666666666666667,0.9666666666666667,1.0
2026-03-11,BRCO11.SA,target_best_entry,equity_br,"baseline_qroll_a0.12_cal(-0.005,0.728)",False,0.12,0.02,0.98,-0.09450328051366566,0.03885994082340982,757,0.9551272392272949,False,-0.04549019813266275,0.0,-0.04549019813266275,-0.14336464367993296,0.0,-0.04549019813266275,0.0,-0.0181960792530651,,116.20202124027672,104.28678644843441,121.73999786376953,116.20202124027672,121.73999786376953,119.5248072143724,,0.014219174931417852,0.025586118077449396,1.0,0.9555555555555556,0.011673718424581158,0.020596119392461042,1.0,1.0,1.0,1.0,1.0,1.0
2026-03-11,BRCO11.SA,target_best_sale,equity_br,"baseline_qroll_a0.82_cal(+0.011,0.700)",False,0.82,0.02,0.98,-0.06359444943913774,0.11139897268460504,757,0.7586507797241211,False,0.0,0.11408383200186926,0.0491926205727471,0.0,0.1677510988576944,0.0,0.11408383200186926,0.01967704822909884,,127.72870738720898,121.73999786376953,142.16201628035026,121.73999786376953,135.62856332796775,124.13548167314532,,0.03330117250550103,0.07524288906549803,0.6666666666666666,0.6666666666666666,0.014401040162286747,0.03293714674357266,1.0,1.0,0.8888888888888888,0.9555555555555556,1.0,1.0
2026-03-11,BRCR11.SA,target_best_entry,equity_br,"baseline_qroll_a0.12_cal(+0.000,0.833)",False,0.12,0.02,0.98,-0.06146395823129091,0.09940263822418816,757,0.6223275661468506,False,-0.16070363665070325,0.0,-0.11127241664538962,-0.15090544736467545,-0.047175864329439585,-0.15090544736467545,-0.047175864329439585,-0.0728144852558196,,42.587824167044126,40.68860940754619,45.65933083666016,40.68860940754619,45.65933083666016,44.430728168813744,,0.011716197560646515,0.03383288668608675,0.9,0.9,0.0447072716824294,0.07718661406420947,0.8444444444444444,0.8444444444444444,1.0,0.9555555555555556,1.0,1.0
2026-03-11,BRCR11.SA,target_best_sale,equity_br,"baseline_qroll_a0.88_cal(+0.004,0.700)",False,0.88,0.02,0.98,-0.1329527290831397,0.07243106522479266,757,0.6533679962158203,False,0.0,0.18271370234289602,0.08500124938181074,0.0,0.13403560249945212,0.0,0.13403560249945212,0.034000499752724296,,51.99325788367974,47.91999816894531,54.342983995292535,47.91999816894531,54.342983995292535,49.54930205483909,,0.04993272580407159,0.08681846733397482,0.6,0.6,0.06396322413552595,0.11437217744902387,0.35555555555555557,0.2777777777777778,1.0,0.9888888888888889,0.9222222222222223,0.37777777777777777
2026-03-11,BRKM5.SA,target_best_entry,equity_br,"baseline_ewmgauss_a0.18_cal(-0.026,0.700)",False,0.18,0.02,0.98,-0.17620839548983758,0.19590885567560645,757,0.6667211055755615,False,-0.3,0.0,-0.2486514294404833,-0.38803359427397704,-0.08480324189409652,-0.3,-0.08480324189409652,-0.15034251691265124,,9.046236760874907,7.3680755015966515,11.018968932683093,8.42799997329712,11.018968932683093,10.229876063959818,,0.053242569762849606,0.15108376405659169,0.9333333333333333,0.8222222222222222,0.16359403416669302,0.2384495827308235,0.3333333333333333,0.28888888888888886,0.9777777777777777,1.0,0.6333333333333333,1.0
2026-03-11,BRKM5.SA,target_best_sale,equity_br,"baseline_ewmgauss_a0.85_cal(-0.001,0.700)",False,0.85,0.02,0.98,-0.2300406829987404,0.19435002167911286,757,0.6349563598632812,False,0.0,0.3,0.21694922846551415,0.033721205139333466,0.3717495439638784,0.033721205139333466,0.3,0.10701241446980575,,14.652068664301861,12.44600327044424,16.515864456997,12.44600327044424,15.651999950408936,13.328429427987288,,0.07046470435993481,0.15472220123777936,0.9666666666666667,0.9666666666666667,0.17736269680141498,0.23122114606950983,0.15555555555555556,0.12222222222222222,1.0,0.9888888888888889,1.0,0.4666666666666667
2026-03-11,BRL=X,target_best_entry,fx,"baseline_ewmgauss_a0.12_cal(+0.001,0.700)",False,0.12,0.02,0.98,-0.04110852972117311,0.0582970623077054,757,1.6585195064544678,False,-0.11862978215593084,0.0,-0.04785915404460194,-0.1135273001314151,0.0,-0.1135273001314151,0.0,-0.019143661617840778,,5.011498202697076,4.665860477473459,5.263400077819824,4.665860477473459,5.263400077819824,5.162639327770725,,0.01087545214055756,0.02999986220954405,1.0,1.0,0.01889886295759788,0.03788727192694782,1.0,1.0,1.0,1.0,1.0,1.0
2026-03-11,BRL=X,target_best_sale,fx,"baseline_qroll_a0.88_cal(-0.005,0.769)",False,0.88,0.02,0.98,-0.06115266465843013,0.05872852126941972,757,0.8256382942199707,False,0.0,0.15,0.10930534510001824,0.06067498994583356,0.15600795181330168,0.06067498994583356,0.15,0.08012713200750743,,5.838717839725383,5.582756824622442,6.084532343534468,5.582756824622442,6.052910089492797,5.685141230663618,,0.02601955828109441,0.05464179552950007,1.0,1.0,0.014498722357272236,0.03024292335898092,0.9777777777777777,0.9777777777777777,1.0,1.0,1.0,1.0
2026-03-11,BRSR6.SA,target_best_entry,equity_br,"baseline_qroll_a0.12_cal(+0.009,0.879)",False,0.12,0.02,0.98,-0.08569106794747929,0.12355356138824193,757,0.500023365020752,False,-0.21972679113493837,0.0,-0.21972679113493837,-0.21972679113493837,-0.1498170868479291,-0.21972679113493837,-0.1498170868479291,-0.17778096856273282,,14.02931193821308,14.02931193821308,15.286288389291382,14.02931193821308,15.286288389291382,14.78349780886006,,0.02780865918277969,0.058379965160405056,0.8555555555555555,0.8555555555555555,0.012723327723941568,0.029667409597280474,1.0,1.0,1.0,0.9666666666666667,1.0,1.0
2026-03-11,BRSR6.SA,target_best_sale,equity_br,"baseline_ewmgauss_a0.82_cal(-0.005,0.700)",False,0.82,0.02,0.98,-0.18353987488740578,0.1530080079085914,757,0.5083062648773193,False,0.0,0.3,0.21097537308101375,0.10540360571972886,0.298985271885014,0.10540360571972886,0.298985271885014,0.14763231266424282,,21.773336653656095,19.875156324827113,23.355754593864287,19.875156324827113,23.355754593864287,20.6344284563587,,0.08045295904361448,0.14449024532245744,0.5222222222222223,0.5222222222222223,0.20217259924971936,0.24635058820999134,0.0,0.0,1.0,0.9444444444444444,0.3111111111111111,0.022222222222222223
2026-03-11,BTC-USD,target_best_entry,crypto,"baseline_qroll_a0.12_cal(+0.001,0.749)",False,0.12,0.02,0.98,-0.09885195648896668,0.16029846450420165,757,0.8462462425231934,False,-0.257899975080186,0.0,-0.257899975080186,-0.3835978134959776,-0.054068192632889756,-0.257899975080186,-0.054068192632889756,-0.13560090561180824,,52099.04528464887,43274.44326888366,66409.0316848243,52099.04528464887,66409.0316848243,60685.037124754126,,0.06501435572921675,0.1565808780712269,0.9555555555555556,0.9555555555555556,0.06435702973019168,0.14594313559379507,0.6777777777777778,0.07777777777777778,1.0,1.0,0.9222222222222223,0.4777777777777778
2026-03-11,BTC-USD,target_best_sale,crypto,"baseline_ewmgauss_a0.82_cal(+0.004,0.859)",False,0.82,0.02,0.98,-0.3144905671712174,0.12361651965443282,757,0.8227293491363525,False,0.0,0.35,0.2577994072402298,0.0,0.4106190882782129,0.0,0.35,0.10311976289609193,,88303.6599869323,70204.8828125,99032.34778564752,70204.8828125,94776.591796875,77444.39368227293,,0.09091220714339282,0.1824497882880216,0.9888888888888889,0.7555555555555555,0.20539143304201793,0.26426047065870406,0.6444444444444445,0.6444444444444445,1.0,1.0,1.0,1.0
2026-03-11,BTLG11.SA,target_best_entry,equity_br,"baseline_qroll_a0.12_cal(+0.001,0.826)",False,0.12,0.02,0.98,-0.03490731710689914,0.06408638259761654,757,0.8493187427520752,False,-0.1504941220262601,0.0,-0.08300808419495072,-0.11065638223985257,-0.03224854282852713,-0.11065638223985257,-0.03224854282852713,-0.052552359375096565,,95.01870483431271,92.15378811496169,100.27840865011679,92.15378811496169,100.27840865011679,98.17452712379516,,0.008484426709273032,0.015952212775851897,1.0,1.0,0.003467821242577015,0.009432579845811622,1.0,1.0,1.0,1.0,1.0,1.0
2026-03-11,BTLG11.SA,target_best_sale,equity_br,"baseline_qroll_a0.88_cal(+0.003,0.703)",False,0.88,0.02,0.98,-0.054337214350759444,0.04766759418472619,757,0.993994951248169,False,0.0,0.09077063257507341,0.08160327001421025,0.03123433461875811,0.12578967155567145,0.03123433461875811,0.09077063257507341,0.05138190877693896,,112.07573380958456,106.8565045855654,116.65432885867236,106.8565045855654,113.02565594332013,108.94419627517307,,0.02542508097599737,0.04532362486324116,0.45555555555555555,0.4222222222222222,0.02399205696586392,0.04178625691968968,0.9222222222222223,0.9222222222222223,0.9666666666666667,1.0,1.0,1.0
2026-03-11,BZ=F,target_best_entry,future,"baseline_ewmgauss_a0.18_cal(-0.017,0.700)",False,0.18,0.02,0.98,-0.10686233206616853,0.15737799858192605,757,1.4942634105682373,False,-0.23821860351640023,0.0,-0.1406706829182583,-0.23821860351640023,0.0,-0.23821860351640023,0.0,-0.05626827316730332,,85.03922843166968,75.38588629858533,98.95999908447266,75.38588629858533,98.95999908447266,93.39169082335147,,0.08017675839343993,0.1429872326634052,1.0,1.0,0.051595692067060564,0.09179378421033488,1.0,1.0,1.0,1.0,1.0,1.0
2026-03-11,BZ=F,target_best_sale,future,"baseline_qroll_a0.92_cal(-0.012,0.756)",False,0.92,0.02,0.98,-0.09182334274986034,0.12431360244738504,757,1.2170374393463135,False,0.0,0.28,0.2258920580675118,0.06331030977147475,0.4190675485932572,0.06331030977147475,0.28,0.12834300908988958,,121.31427694402328,105.22518728149547,140.4309233095936,105.22518728149547,126.668798828125,111.6608231465066,,0.06097008553400255,0.1585933788290584,0.9555555555555556,0.8777777777777778,0.05799622633945818,0.2274801004591618,0.8777777777777778,0.8777777777777778,1.0,1.0,0.8888888888888888,0.8777777777777778
2026-03-11,CL=F,target_best_entry,future,"baseline_qroll_a0.15_cal(+0.022,0.898)",False,0.15,0.02,0.98,-0.12717055714877848,0.14761523516583538,757,0.7789199352264404,False,-0.24183359166547608,0.0,-0.18324420028412078,-0.24183359166547608,0.0,-0.24183359166547608,0.0,-0.07329768011364832,,68.15826899374923,63.26898446177576,83.44999694824219,63.26898446177576,83.44999694824219,77.33330576644501,,0.0736531941334199,0.15450288866248246,0.9333333333333333,0.9333333333333333,0.019119611943089535,0.048286816770517216,1.0,1.0,1.0,1.0,1.0,1.0
2026-03-11,CL=F,target_best_sale,future,"baseline_qroll_a0.90_cal(-0.016,0.790)",False,0.9,0.02,0.98,-0.11188510844012936,0.14783014297491795,757,1.2849478721618652,False,0.0,0.28,0.2430751011226911,0.009149640685428312,0.4190675485932572,0.009149640685428312,0.28,0.10271982486033343,,103.73461339512441,84.2135344355187,118.42118259945683,84.2135344355187,106.81599609375,92.02196601936097,,0.06669405842375116,0.1597688044953223,1.0,0.6444444444444445,0.06048550607772928,0.22560825424673317,0.8777777777777778,0.8777777777777778,1.0,0.9444444444444444,0.9111111111111111,0.8777777777777778
2026-03-11,CMIG4.SA,target_best_entry,equity_br,"baseline_ewmgauss_a0.15_cal(+0.021,0.700)",False,0.15,0.02,0.98,-0.09172396910633375,0.08369102341267351,757,0.6522347927093506,False,-0.19659135369697597,0.0,-0.04165415926612773,-0.1086092390984569,0.0,-0.1086092390984569,0.0,-0.016661663706451092,,11.078478321021482,10.304477570064288,11.5600004196167,10.304477570064288,11.5600004196167,11.367391580178612,,0.035237114032783665,0.057041319533518896,0.8444444444444444,0.8444444444444444,0.01964896335054397,0.04366803092701896,0.9666666666666667,0.9666666666666667,1.0,1.0,1.0,1.0
2026-03-11,CMIG4.SA,target_best_sale,equity_br,"baseline_ewmgauss_a0.82_cal(+0.030,0.700)",False,0.82,0.02,0.98,-0.15467499647620672,0.08643186704801646,757,0.8092126846313477,False,0.0,0.22,0.15600409679933075,0.015923001959623456,0.23428094076867023,0.015923001959623456,0.22,0.07195543989550637,,13.363407844078887,11.744070328951505,14.26828819321072,11.744070328951505,14.103200511932373,12.391805335002458,,0.05351344536426494,0.10212232143364498,0.9888888888888889,0.9111111111111111,0.036291809615656936,0.09495259899403931,0.9444444444444444,0.9444444444444444,1.0,1.0,1.0,1.0
2026-03-11,COPX,target_best_entry,other,"baseline_ewmgauss_a0.18_cal(-0.010,0.700)",False,0.18,0.02,0.98,-0.1150493019061227,0.14550682267000858,757,1.686861276626587,False,-0.25,0.0,-0.12392171510587131,-0.33336593253194097,0.0,-0.25,0.0,-0.04956868604234853,,72.09248286601147,54.8573180222683,82.29000091552734,61.71750068664551,82.29000091552734,78.210993695721,,0.12053704599131379,0.1486017645222804,1.0,0.8888888888888888,0.08149271241753056,0.12467485614596324,1.0,1.0,1.0,1.0,1.0,1.0
2026-03-11,COPX,target_best_sale,other,"baseline_ewmgauss_a0.92_cal(+0.005,0.700)",False,0.92,0.02,0.98,-0.20691917894033912,0.20153811736104807,757,0.9285612106323242,False,0.0,0.25,0.25,0.0,0.4190675485932572,0.0,0.25,0.1,,102.86250114440918,82.29000091552734,116.77506987293427,82.29000091552734,102.86250114440918,90.51900100708009,,0.06337513465395672,0.23263885251755365,0.9444444444444444,0.7444444444444445,0.12511183759922653,0.16906754859325718,1.0,0.044444444444444446,1.0,0.8888888888888888,1.0,0.16666666666666666
2026-03-11,CPFE3.SA,target_best_entry,equity_br,"baseline_ewmgauss_a0.18_cal(-0.007,0.700)",False,0.18,0.02,0.98,-0.04449301542464736,0.08791427613405577,757,0.6803312301635742,False,-0.20000404067757438,0.0,-0.06486072421985274,-0.1012756940175307,0.0,-0.1012756940175307,0.0,-0.0259442896879411,,45.58803969428217,43.81280991664538,48.75,43.81280991664538,48.75,47.485215877712875,,0.01979740652050391,0.040573223399349115,1.0,1.0,0.04574393229969058,0.06432505712782324,0.5444444444444444,0.5444444444444444,1.0,1.0,1.0,1.0
2026-03-11,CPFE3.SA,target_best_sale,equity_br,"baseline_qroll_a0.88_cal(+0.003,0.700)",False,0.88,0.02,0.98,-0.10164014395020529,0.10173702709505371,757,0.5507605075836182,False,0.0,0.3,0.17522005108933178,0.10787653782998273,0.24262775602626152,0.10787653782998273,0.24262775602626152,0.13481394313372236,,57.29197749060493,54.008981219211655,60.57810310628025,54.008981219211655,60.57810310628025,55.32217972776896,,0.03716052912697794,0.05582735488518571,0.9888888888888889,0.9888888888888889,0.1053156604733921,0.15855360904564786,0.1111111111111111,0.044444444444444446,1.0,1.0,0.2222222222222222,0.25555555555555554
2026-03-11,CPTS11.SA,target_best_entry,equity_br,"baseline_qroll_a0.12_cal(-0.004,0.700)",False,0.12,0.02,0.98,-0.16377939444745918,0.04435283129749741,757,0.8485944271087646,False,-0.04857885662885241,0.0,-0.026507122274195914,-0.10652611009984916,0.0,-0.04857885662885241,0.0,-0.010602848909678365,,7.953436885291431,7.2996817486508805,8.170000076293945,7.773110813929948,8.170000076293945,8.08337479989294,,0.009746168022703157,0.025724890412858633,0.9888888888888889,0.9444444444444444,0.007536470959123348,0.014468773657137182,1.0,1.0,1.0,1.0,1.0,1.0
2026-03-11,CPTS11.SA,target_best_sale,equity_br,"baseline_qroll_a0.82_cal(-0.000,1.300)",False,0.82,0.02,0.98,-0.19927458338052706,0.19906754859325718,757,13.07311487197876,False,0.0,0.22,0.22,0.0,0.24654911128389087,0.0,0.22,0.08800000000000001,,9.967400093078613,8.170000076293945,10.184306334293538,8.170000076293945,9.967400093078613,8.888960083007813,,0.11038685298773407,0.1906210614384645,1.0,1.0,0.03512320130748001,0.06833370172519247,1.0,1.0,1.0,1.0,1.0,1.0
2026-03-11,CSAN3.SA,target_best_entry,equity_br,"baseline_qroll_a0.18_cal(+0.015,0.927)",False,0.18,0.02,0.98,-0.14772460693237735,0.10190874867109459,757,25.0,False,-0.24103419710642224,0.0,-0.21186161647330196,-0.24103419710642224,0.0,-0.24103419710642224,0.0,-0.0847446465893208,,4.815525628575952,4.637281157012627,6.110000133514404,4.637281157012627,6.110000133514404,5.5922103315390235,,0.07046593061837704,0.13753722822121603,0.4222222222222222,0.4222222222222222,0.043113899503260396,0.09906847374865707,0.8,0.8,1.0,0.7444444444444445,1.0,0.9555555555555556
2026-03-11,CSAN3.SA,target_best_sale,equity_br,"baseline_qroll_a0.88_cal(-0.021,0.833)",False,0.88,0.02,0.98,-0.15957261561221295,0.10629394505004237,757,0.6304352283477783,False,0.0,0.3,0.2430139060581766,0.13884009000756503,0.31240579912488053,0.13884009000756503,0.3,0.18050961642780966,,7.594815131975721,6.958313101997779,8.018799607878098,6.958313101997779,7.943000173568726,7.212913913988956,,0.05722837037426816,0.12161165654695846,0.7777777777777778,0.7777777777777778,0.11240980684061892,0.2983125150203705,0.5111111111111111,0.5111111111111111,0.9888888888888889,1.0,0.5666666666666667,0.8111111111111111
2026-03-11,CSMG3.SA,target_best_entry,equity_br,"baseline_ewmgauss_a0.18_cal(-0.019,0.700)",False,0.18,0.02,0.98,-0.08062127887468525,0.11623362630024305,757,1.167456865310669,False,-0.26,0.0,-0.1031931737289938,-0.20716216076267358,0.0,-0.20716216076267358,0.0,-0.04127726949159752,,47.898452454292574,42.34546887268815,53.40999984741211,42.34546887268815,53.40999984741211,51.2053808901643,,0.08922137743864676,0.11546034149288473,0.9888888888888889,0.9888888888888889,0.08447782463459028,0.1028356153748648,0.9111111111111111,0.9111111111111111,1.0,1.0,1.0,1.0
2026-03-11,CSMG3.SA,target_best_sale,equity_br,"baseline_ewmgauss_a0.92_cal(+0.007,0.700)",False,0.92,0.02,0.98,-0.22582327888804896,0.19557813594997348,757,0.8667840957641602,False,0.0,0.26,0.26,0.0437814605980906,0.4190675485932572,0.0437814605980906,0.26,0.13026887635885437,,67.29659980773926,55.74836765127561,75.79239755383334,55.74836765127561,67.29659980773926,60.36766051386107,,0.12222902754549396,0.207467581716514,0.9222222222222223,0.2222222222222222,0.11727176942573811,0.15906754859325717,0.6111111111111112,0.0,1.0,0.4222222222222222,0.6333333333333333,0.1111111111111111
2026-03-11,CSNA3.SA,target_best_entry,equity_br,"baseline_ewmgauss_a0.18_cal(-0.030,0.700)",False,0.18,0.02,0.98,-0.13156232726247874,0.20689105006273367,757,0.5391948223114014,False,-0.3,0.0,-0.18676851852368656,-0.27090168878593723,-0.05446316711456728,-0.27090168878593723,-0.05446316711456728,-0.107385307678215,,5.847134398348172,5.242216899348452,6.798409882550313,5.242216899348452,6.798409882550313,6.417899688869457,,0.03751087477509829,0.09355428511402729,0.9666666666666667,0.9666666666666667,0.14100814950453688,0.19509231219055526,0.15555555555555556,0.15555555555555556,1.0,1.0,0.43333333333333335,0.8555555555555555
2026-03-11,CSNA3.SA,target_best_sale,equity_br,"baseline_qroll_a0.85_cal(-0.024,0.922)",False,0.85,0.02,0.98,-0.26350178729855306,0.172339054163142,757,0.607163667678833,False,0.0,0.3,0.3,0.11025107039894841,0.4190675485932572,0.11025107039894841,0.3,0.18615064223936906,,9.347000074386598,7.982705259697514,10.203095755585215,7.982705259697514,9.347000074386598,8.528423185573148,,0.07722827528991262,0.16036391610243447,0.9666666666666667,0.9666666666666667,0.057902443698313606,0.12539777248872241,0.8111111111111111,0.6555555555555556,1.0,1.0,0.9777777777777777,0.8222222222222222
2026-03-11,CURY3.SA,target_best_entry,equity_br,"baseline_qroll_a0.18_cal(-0.027,0.700)",False,0.18,0.02,0.98,-0.19079551246082313,0.07231833844832279,757,0.8457438945770264,False,-0.08213542742141774,0.0,-0.08087928608561094,-0.27305674706959154,-0.008037139609903945,-0.08213542742141774,-0.008037139609903945,-0.03717399820018675,,34.283201927773256,27.11498277969055,37.000213935742984,34.23634785690602,37.000213935742984,35.91340913255509,,0.03134761156208648,0.06709167553556059,0.9555555555555556,0.9555555555555556,0.03178699656904018,0.06624338903414642,0.7666666666666667,0.2777777777777778,0.9666666666666667,1.0,0.6666666666666666,0.7111111111111111
2026-03-11,CURY3.SA,target_best_sale,equity_br,"baseline_ewmgauss_a0.82_cal(+0.009,0.700)",False,0.82,0.02,0.98,-0.18406802980175915,0.21702762592400965,757,0.8785367012023926,False,0.0,0.3,0.20909689862934477,0.016506914676384182,0.4190675485932572,0.016506914676384182,0.3,0.09354290825756843,,45.099313396406835,37.9157071418959,52.93121847986587,37.9157071418959,48.489999008178714,40.78914964370028,,0.07204315883461286,0.13097491742821343,1.0,0.9,0.03458339728048057,0.08005668786689404,1.0,0.9666666666666667,1.0,1.0,1.0,1.0
2026-03-11,CXSE3.SA,target_best_entry,equity_br,"baseline_qroll_a0.08_cal(-0.000,0.700)",False,0.08,0.02,0.98,-0.06642383278309953,0.07396850817766917,757,0.7952520847320557,False,-0.1611328302512272,0.0,-0.06627156441466894,-0.13358297170090172,0.0,-0.13358297170090172,0.0,-0.02650862576586758,,16.853797549936964,15.63882669977499,18.049999237060547,15.63882669977499,18.049999237060547,17.571518562211114,,0.022835639812019,0.07374182645880747,0.9333333333333333,0.9333333333333333,0.010894459043285435,0.023603327529787263,1.0,1.0,1.0,0.9555555555555556,1.0,1.0
2026-03-11,CXSE3.SA,target_best_sale,equity_br,"baseline_qroll_a0.88_cal(+0.005,0.777)",False,0.88,0.02,0.98,-0.09276735618399355,0.22378933692738773,757,0.8778941631317139,False,0.0,0.1232957929252581,0.12183693531068036,0.01806085483672587,0.37218340624090035,0.01806085483672587,0.1232957929252581,0.05957128702630767,,20.249155826464122,18.37599765308411,24.767909435755396,18.37599765308411,20.27548820529423,19.125260922436116,,0.046543334273898264,0.08696390277094714,0.9222222222222223,0.8888888888888888,0.0650945710942958,0.11257184356049359,1.0,0.0,1.0,1.0,0.5666666666666667,0.1
2026-03-11,CYRE3.SA,target_best_entry,equity_br,"baseline_qroll_a0.12_cal(+0.011,0.765)",False,0.12,0.02,0.98,-0.10244076677817311,0.146882508713945,757,0.6526203155517578,False,-0.3,0.0,-0.20698444392513524,-0.2647789981803508,-0.12411695487761078,-0.2647789981803508,-0.12411695487761078,-0.15726395049662056,,22.62473435933646,20.97585568675079,24.988943878762925,20.97585568675079,24.988943878762925,24.04326007099234,,0.024103634471306448,0.061489710116419516,0.9333333333333333,0.9333333333333333,0.06033014887898596,0.1181088160767011,0.5666666666666667,0.5666666666666667,1.0,0.9777777777777777,0.9666666666666667,0.8111111111111111
2026-03-11,CYRE3.SA,target_best_sale,equity_br,"baseline_qroll_a0.82_cal(-0.015,0.854)",False,0.82,0.02,0.98,-0.22019530011864344,0.18594451926238248,757,0.7584755420684814,False,0.0,0.3,0.3,0.15562129729185298,0.4190675485932572,0.15562129729185298,0.3,0.21337277837511176,,37.08900089263916,32.969876405238736,40.48599813576198,32.969876405238736,37.08900089263916,34.61752620019891,,0.09353770160274127,0.15274812627728648,0.8444444444444444,0.8444444444444444,0.07718743451783887,0.20329197217185174,0.8,0.5777777777777777,1.0,1.0,0.9666666666666667,1.0
2026-03-11,DIRR3.SA,target_best_entry,equity_br,"baseline_qroll_a0.18_cal(+0.003,0.794)",False,0.18,0.02,0.98,-0.0913711650058875,0.12532596638677446,757,0.5020911693572998,False,-0.22,0.0,-0.16726748379324252,-0.2219300789494993,-0.09229150463476868,-0.22,-0.09229150463476868,-0.12228189629815822,,12.091276516516812,11.297575609825413,13.179927768219134,11.325600357055665,13.179927768219134,12.744467267538205,,0.021592004413318763,0.05263745891000566,0.9888888888888889,0.9888888888888889,0.04964298935443694,0.09480917972018567,0.4444444444444444,0.43333333333333335,1.0,1.0,0.9333333333333333,0.6
2026-03-11,DIRR3.SA,target_best_sale,equity_br,"baseline_ewmgauss_a0.88_cal(+0.006,0.700)",False,0.88,0.02,0.98,-0.2071486909998981,0.19906754859325718,757,0.6723170280456543,False,0.0,0.22,0.22,0.05405857886858648,0.37946782842440485,0.05405857886858648,0.22,0.1204351473211519,,17.71440055847168,15.304931047681603,20.02987350019262,15.304931047681603,17.71440055847168,16.26871885199763,,0.06486171565466521,0.142578405328281,0.8555555555555555,0.4666666666666667,0.09074025534562917,0.1961507357307658,0.6666666666666666,0.3888888888888889,0.9222222222222223,0.6333333333333333,0.6666666666666666,0.7666666666666667
2026-03-11,ECOR3.SA,target_best_entry,equity_br,"baseline_qroll_a0.08_cal(+0.004,0.745)",False,0.08,0.02,0.98,-0.1597755979190676,0.2720429807393984,757,0.66748046875,False,-0.3,0.0,-0.22702131315030458,-0.3491873209631106,-0.01901455026988727,-0.3,-0.01901455026988727,-0.1022172554220542,,7.544272160573808,6.351931896359241,9.574418213895651,6.832000160217285,9.574418213895651,8.762359792566913,,0.03785354194310457,0.10438798180842196,0.9444444444444444,0.9444444444444444,0.04272523377988815,0.07532850744843896,0.9888888888888889,0.9888888888888889,1.0,1.0,1.0,1.0
2026-03-11,ECOR3.SA,target_best_sale,equity_br,"baseline_ewmgauss_a0.90_cal(+0.009,0.700)",False,0.9,0.02,0.98,-0.2507875166052902,0.18481908804858274,757,0.7967708110809326,False,0.0,0.3,0.3,0.07110268465675892,0.4190675485932572,0.07110268465675892,0.3,0.16266161079405533,,12.688000297546386,10.453962447405916,13.850099599068976,10.453962447405916,12.688000297546386,11.347577587462103,,0.07870029387963859,0.15146331079222888,0.8111111111111111,0.7,0.10991642734148242,0.15582250798371738,0.26666666666666666,0.2222222222222222,1.0,0.8111111111111111,0.7444444444444445,0.3333333333333333
2026-03-11,EGIE3.SA,target_best_entry,equity_br,"baseline_qroll_a0.12_cal(+0.005,0.744)",False,0.12,0.02,0.98,-0.06222718758447883,0.06800059664374283,757,0.5361106395721436,False,-0.18459950449207155,0.0,-0.10814656704238947,-0.1439184988518171,-0.06905573230334533,-0.1439184988518171,-0.06905573230334533,-0.084692066198963,,28.869294672235615,27.71135727777299,30.134664950984956,27.71135727777299,30.134664950984956,29.628516839485222,,0.011642244407797929,0.03285885140371561,0.9666666666666667,0.9666666666666667,0.012689890212730582,0.02841151490949069,0.9444444444444444,0.9444444444444444,1.0,1.0,1.0,1.0
2026-03-11,EGIE3.SA,target_best_sale,equity_br,"baseline_qroll_a0.88_cal(-0.000,0.727)",False,0.88,0.02,0.98,-0.08807145689281407,0.09117489219448835,757,0.7006354331970215,False,0.0,0.3,0.16355335545415267,0.09738732621287598,0.23205092317751555,0.09738732621287598,0.23205092317751555,0.12385373790938665,,37.66422087324185,35.522426577374674,39.88148706728382,35.522426577374674,39.88148706728382,36.379144295721545,,0.04644999211834203,0.13270867991133337,0.7111111111111111,0.7111111111111111,0.026102338512670985,0.08310982658308638,0.8777777777777778,0.8777777777777778,0.9444444444444444,0.8222222222222222,0.9777777777777777,0.9111111111111111
2026-03-11,ENGI11.SA,target_best_entry,equity_br,"baseline_qroll_a0.12_cal(+0.000,0.707)",False,0.12,0.02,0.98,-0.0694046890304203,0.08274967716345184,757,0.6098506450653076,False,-0.24230777967938608,0.0,-0.11068138152470904,-0.15631907339431556,-0.05626856992000928,-0.15631907339431556,-0.05626856992000928,-0.07803369456188919,,48.29000030471204,45.8118736710112,51.244615933333556,45.8118736710112,51.244615933333556,50.06276968188495,,0.0159606281681364,0.03155359186930584,0.9777777777777777,0.9777777777777777,0.01950985486427531,0.03617155100344424,0.9888888888888889,0.9888888888888889,1.0,1.0,1.0,1.0
2026-03-11,ENGI11.SA,target_best_sale,equity_br,"baseline_qroll_a0.88_cal(+0.000,0.706)",False,0.88,0.02,0.98,-0.10490490712099487,0.11374339939850249,757,1.1283555030822754,False,0.0,0.3,0.1566150200825119,0.028984915081048973,0.29499827027414066,0.028984915081048973,0.29499827027414066,0.08003695708163415,,62.80419470805316,55.873880103847775,70.31840508788056,55.873880103847775,70.31840508788056,58.64600594552993,,0.05395324220719817,0.10961215501350087,0.9444444444444444,0.9444444444444444,0.023852878303483784,0.07094230154906499,1.0,1.0,1.0,1.0,1.0,1.0
2026-03-11,EQTL3.SA,target_best_entry,equity_br,"baseline_qroll_a0.12_cal(+0.011,0.826)",False,0.12,0.02,0.98,-0.070318001157894,0.1309586610287589,757,0.9099392890930176,False,-0.2945197313681878,0.0,-0.12985926177955817,-0.20025084561522244,0.0,-0.20025084561522244,0.0,-0.051943704711823274,,36.023827890055685,33.10961621185015,41.400001525878906,33.10961621185015,41.400001525878906,39.249532071549616,,0.021386175889947803,0.05002368821535478,0.9666666666666667,0.9666666666666667,0.017583843376305995,0.034559117751092217,1.0,1.0,1.0,1.0,1.0,1.0
2026-03-11,EQTL3.SA,target_best_sale,equity_br,"baseline_qroll_a0.82_cal(+0.003,0.758)",False,0.82,0.02,0.98,-0.1194429075676561,0.10233446762374082,757,1.0891139507293701,False,0.0,0.3,0.1667987615356092,0.02368694623778747,0.28941191393960763,0.02368694623778747,0.28941191393960763,0.08093167235691616,,48.30547050796784,42.380641136266725,53.381655204586195,42.380641136266725,53.381655204586195,44.75057288494717,,0.07093548296349769,0.11801432572109953,0.8333333333333334,0.8333333333333334,0.04903211667863883,0.07881300125963112,1.0,1.0,1.0,1.0,1.0,1.0
2026-03-11,FLRY3.SA,target_best_entry,equity_br,"baseline_qroll_a0.18_cal(-0.004,0.812)",False,0.18,0.02,0.98,-0.0908747554372189,0.08378650873659794,757,0.7850532531738281,False,-0.21090254361614907,0.0,-0.138421290162875,-0.19448552375068562,-0.08673007652807194,-0.19448552375068562,-0.08673007652807194,-0.10740656198199316,,14.017886003449458,13.10572089731161,14.858902072950062,13.10572089731161,14.858902072950062,14.52249564514982,,0.01960869770712947,0.04414576180294596,1.0,1.0,0.038683261291957774,0.09944012696591369,0.7666666666666667,0.7666666666666667,1.0,1.0,0.9333333333333333,1.0
2026-03-11,FLRY3.SA,target_best_sale,equity_br,"baseline_qroll_a0.88_cal(-0.006,0.766)",False,0.88,0.02,0.98,-0.13160593063747028,0.1104698957219169,757,0.8815624713897705,False,0.0,0.3,0.16772898633952418,0.07655476326187788,0.24426054435615596,0.07655476326187788,0.24426054435615596,0.11302445249293641,,18.998951142287968,17.515546491078414,20.24411962625193,17.515546491078414,20.24411962625193,18.108908351562235,,0.03832343274819872,0.0843849824796146,1.0,1.0,0.06315289904905644,0.1647505964357191,0.6222222222222222,0.6222222222222222,1.0,1.0,0.9333333333333333,0.8888888888888888
2026-03-11,GC=F,target_best_entry,future,"baseline_qroll_a0.12_cal(+0.006,0.741)",False,0.12,0.02,0.98,-0.037692396401648474,0.0388433675920338,757,0.763195276260376,False,-0.16856024157329885,0.0,-0.07181988124969381,-0.11726994602300098,-0.024981957912081208,-0.11726994602300098,-0.024981957912081208,-0.04371712724712625,,4796.277854987742,4561.419194716638,5038.3081354685055,4561.419194716638,5038.3081354685055,4941.4960232762005,,0.018011522299233362,0.03846963603372112,0.9222222222222223,0.9222222222222223,0.019198041045960165,0.05777261214174311,0.9,0.9,1.0,0.9777777777777777,0.9,0.9
2026-03-11,GC=F,target_best_sale,future,"baseline_ewmgauss_a0.82_cal(+0.003,0.700)",False,0.82,0.02,0.98,-0.08186679886421888,0.12262586063914616,757,1.0002100467681885,False,0.0,0.28,0.17676084581998078,0.04738771010494139,0.370545045651148,0.04738771010494139,0.28,0.09913696439095715,,6080.793879772117,5412.271150912318,7082.154335055453,5412.271150912318,6614.271875,5679.680242456238,,0.05054575148217463,0.08808422417039538,1.0,1.0,0.11517737646355333,0.24942704874000404,0.5444444444444444,0.5,1.0,1.0,0.8888888888888888,0.5444444444444444
2026-03-11,GGBR4.SA,target_best_entry,equity_br,"baseline_qroll_a0.15_cal(+0.012,0.844)",False,0.15,0.02,0.98,-0.09663709172227916,0.13525841557972748,757,0.8767960071563721,False,-0.2428278005118161,0.0,-0.19541764100531672,-0.2428278005118161,-0.05827249976564927,-0.2428278005118161,-0.05827249976564927,-0.11313055626151625,,15.005887312426381,14.1216627168143,17.563716864469605,14.1216627168143,17.563716864469605,16.540585043652314,,0.08275409479678682,0.1535916158916621,0.7666666666666667,0.7666666666666667,0.012790667540358533,0.028342859278333778,1.0,1.0,1.0,1.0,1.0,1.0
2026-03-11,GGBR4.SA,target_best_sale,equity_br,"baseline_qroll_a0.92_cal(-0.030,0.925)",False,0.92,0.02,0.98,-0.12344845836216946,0.08628132690486437,757,0.8079392910003662,False,0.0,0.3,0.3,0.18465946366572095,0.38061449007037584,0.18465946366572095,0.3,0.23079567819943256,,24.245688819885256,22.0945267027471,25.749191774208377,22.0945267027471,24.245688819885256,22.95499154960236,,0.046598362393663294,0.13383613133999847,0.8,0.8,0.047078612973404335,0.09765541003774562,0.5777777777777777,0.5333333333333333,0.9666666666666667,0.9222222222222223,1.0,0.9111111111111111
2026-03-11,GLD,target_best_entry,other,"baseline_qroll_a0.12_cal(+0.005,0.737)",False,0.12,0.02,0.98,-0.0360933076972399,0.03746056374687471,757,0.8093411922454834,False,-0.170391519038448,0.0,-0.07044296774439493,-0.11730038317183258,-0.021810539473833594,-0.11730038317183258,-0.021810539473833594,-0.04126351078205813,,442.69223196370393,420.37685689813304,465.85293912835004,420.37685689813304,465.85293912835004,456.5886562624916,,0.014584264279689016,0.032105431535526655,0.9444444444444444,0.9444444444444444,0.01894695115415658,0.058773222959269567,0.9,0.9,1.0,1.0,0.9111111111111111,0.9
2026-03-11,GLD,target_best_sale,other,"baseline_ewmgauss_a0.82_cal(+0.003,0.700)",False,0.82,0.02,0.98,-0.0803920486159819,0.13066738161178534,757,0.943152666091919,False,0.0,0.25,0.17371543246491558,0.0520926054830889,0.3713983702620641,0.0520926054830889,0.25,0.10074173627581959,,558.9702260950265,501.0485721609244,653.1147464610433,501.0485721609244,595.2999877929688,524.2172337345653,,0.050696885030200284,0.09024539723957117,0.9777777777777777,0.9777777777777777,0.11264491852524319,0.23571338912639872,0.6444444444444445,0.4666666666666667,1.0,1.0,0.7666666666666667,0.4888888888888889
2026-03-11,GOAU4.SA,target_best_entry,equity_br,"baseline_qroll_a0.12_cal(+0.027,0.930)",False,0.12,0.02,0.98,-0.10055834478728808,0.13093574386328327,757,0.7608003616333008,False,-0.26640204633481757,0.0,-0.2621058960281864,-0.26640204633481757,-0.13265660287958633,-0.26640204633481757,-0.13265660287958633,-0.18443632013902636,,6.205689301809248,6.16955867838602,7.294357837436579,6.16955867838602,7.294357837436579,6.858890423185647,,0.07748714787362425,0.14173468166931436,0.6,0.6,0.012598334699240968,0.03241908935220858,1.0,1.0,1.0,1.0,1.0,1.0
2026-03-11,GOAU4.SA,target_best_sale,equity_br,"baseline_qroll_a0.92_cal(-0.030,0.908)",False,0.92,0.02,0.98,-0.1303882469041248,0.09364265571732776,757,0.7723894119262695,False,0.0,0.3,0.3,0.16912837014849458,0.3939898132564154,0.16912837014849458,0.3,0.22147702208909675,,10.932999801635743,9.832369414554009,11.72345411678049,9.832369414554009,10.932999801635743,10.2726215693867,,0.04147775077974203,0.13297247369341686,0.8888888888888888,0.8888888888888888,0.048732764269723165,0.09328714101194478,0.6222222222222222,0.5,0.9444444444444444,0.9444444444444444,1.0,0.8666666666666667
2026-03-11,GRND3.SA,target_best_entry,equity_br,"baseline_qroll_a0.12_cal(+0.026,0.983)",False,0.12,0.02,0.98,-0.05444741123413363,0.0914642852346677,757,0.5520455837249756,False,-0.1654188072747986,0.0,-0.1654188072747986,-0.1654188072747986,-0.11289849922790055,-0.1654188072747986,-0.11289849922790055,-0.13390662244665977,,3.755615367263406,3.755615367263406,3.991956753474448,3.755615367263406,3.991956753474448,3.897420198990031,,0.01867661904781217,0.036198263628266975,0.9333333333333333,0.9333333333333333,0.04585786913856538,0.10594599147536318,0.5666666666666667,0.5666666666666667,1.0,1.0,0.9777777777777777,1.0
2026-03-11,GRND3.SA,target_best_sale,equity_br,"baseline_qroll_a0.88_cal(-0.023,0.897)",False,0.88,0.02,0.98,-0.10857145174499676,0.08344553010459613,757,0.5600714683532715,False,0.0,0.22,0.22,0.15675009553357258,0.26861242732263013,0.15675009553357258,0.22,0.18205005732014357,,5.49,5.205375429901077,5.708755922951836,5.205375429901077,5.49,5.319225257940646,,0.01543248012981225,0.038595096382204146,1.0,1.0,0.08539898470439135,0.21436229141206845,0.23333333333333334,0.15555555555555556,1.0,1.0,0.5555555555555556,0.35555555555555557
2026-03-11,HE=F,target_best_entry,future,"baseline_qroll_a0.18_cal(+0.005,0.776)",False,0.18,0.02,0.98,-0.1582541010401575,0.11630651022167895,757,0.579254150390625,False,-0.28,0.0,-0.189511998751676,-0.24104674016669891,-0.15163730299490066,-0.24104674016669891,-0.15163730299490066,-0.16678718129761078,,77.86763224651963,72.91643212234287,81.50644352576744,72.91643212234287,81.50644352576744,80.05091901406833,,0.0401473458324904,0.09015605897532386,0.9222222222222223,0.9222222222222223,0.08588859365821358,0.1619826797161194,0.4444444444444444,0.4444444444444444,1.0,1.0,1.0,1.0
2026-03-11,HE=F,target_best_sale,future,"baseline_ewmgauss_a0.92_cal(+0.022,0.700)",False,0.92,0.02,0.98,-0.23846399270044855,0.11095822974745334,757,1.0057358741760254,False,0.0,0.28,0.19504712730266968,0.0602183095226097,0.25778350427263086,0.0602183095226097,0.25778350427263086,0.1141498366346337,,114.81414910860958,101.86047085185521,120.84154633454237,101.86047085185521,120.84154633454237,107.04194215455696,,0.07237253918047347,0.11947064694400654,0.7444444444444445,0.6777777777777778,0.10381373655594586,0.19681614172283415,0.9888888888888889,0.9888888888888889,1.0,1.0,0.9888888888888889,1.0
2026-03-11,HG=F,target_best_entry,future,"baseline_ewmgauss_a0.18_cal(-0.017,0.700)",False,0.18,0.02,0.98,-0.09096590103354708,0.10716393470141458,757,12.944151639938354,False,-0.18837255054196791,0.0,-0.09970812625774651,-0.18837255054196791,0.0,-0.18837255054196791,0.0,-0.039883250503098606,,5.182980289659426,4.672539201760987,5.756999969482422,4.672539201760987,5.756999969482422,5.527392097553223,,0.04893456561467251,0.1000587103722043,0.8888888888888888,0.8888888888888888,0.0934598365332619,0.10847754483626057,1.0,1.0,1.0,1.0,1.0,1.0
2026-03-11,HG=F,target_best_sale,future,"baseline_qroll_a0.92_cal(-0.021,0.843)",False,0.92,0.02,0.98,-0.16605259492799046,0.12098376298874015,757,0.9142618179321289,False,0.0,0.26,0.23320164290312762,0.1516776595031905,0.29259895789138873,0.1516776595031905,0.26,0.18428725286316536,,7.099541820558978,6.630208250613455,7.441492161133736,6.630208250613455,7.253819961547852,6.817941678591664,,0.06932059793397906,0.1747497962741704,0.9,0.5111111111111111,0.055980643472423125,0.11026306358921276,0.5777777777777777,0.4666666666666667,1.0,0.9555555555555556,0.9888888888888889,0.7111111111111111
2026-03-11,HGBS11.SA,target_best_entry,equity_br,"baseline_qroll_a0.12_cal(-0.001,0.802)",False,0.12,0.02,0.98,-0.03332154376185927,0.056159235201930655,757,0.9273579120635986,False,-0.12973200935327978,0.0,-0.10120899397796894,-0.11708366313755286,-0.07445425279738913,-0.11708366313755286,-0.07445425279738913,-0.08515614926962106,,18.389263160343013,18.064467443871617,18.93666514040298,18.064467443871617,18.93666514040298,18.71770434837899,,0.014713208355921551,0.03317175274915529,0.8888888888888888,0.8888888888888888,0.012041343619265543,0.021753833401376498,1.0,1.0,1.0,1.0,1.0,1.0
2026-03-11,HGBS11.SA,target_best_sale,equity_br,"baseline_ewmgauss_a0.82_cal(-0.000,0.700)",False,0.82,0.02,0.98,-0.10028391172539067,0.09177464746299287,757,0.7981259822845459,False,0.0,0.25437361233509737,0.07203237902142488,0.0309141025160712,0.1096616982775191,0.0309141025160712,0.1096616982775191,0.047361413118212674,,21.933781493303396,21.09250159364877,22.703677330832416,21.09250159364877,22.703677330832416,21.42901355351062,,0.0341180114774861,0.06812999740980413,1.0,1.0,0.034079234091080095,0.050252867789099286,1.0,1.0,1.0,1.0,1.0,1.0
2026-03-11,HGLG11.SA,target_best_entry,equity_br,"baseline_qroll_a0.12_cal(+0.001,0.762)",False,0.12,0.02,0.98,-0.025404695402040676,0.0359506122680219,757,0.9684219360351562,False,-0.12029579631292683,0.0,-0.07285592702836126,-0.08392703596589371,-0.05718901433795011,-0.08392703596589371,-0.05718901433795011,-0.06345577941411457,,146.4887635295189,144.7395283173888,148.96413573460387,144.7395283173888,148.96413573460387,147.97398685256988,,0.009119989948069009,0.017395282427494857,0.9777777777777777,0.9777777777777777,0.006193047095132304,0.01342234936727298,1.0,1.0,1.0,1.0,1.0,1.0
2026-03-11,HGLG11.SA,target_best_sale,equity_br,"baseline_qroll_a0.88_cal(+0.001,0.718)",False,0.88,0.02,0.98,-0.04787549401906247,0.038365466170590494,757,1.199852466583252,False,0.0,0.2737010341415944,0.08896686435993573,0.063117276045487,0.10968166900731542,0.063117276045487,0.10968166900731542,0.0734571113712665,,172.05676456886985,167.97252961518694,175.32970370315584,167.97252961518694,175.32970370315584,169.6062235966601,,0.02635063181824643,0.052363169456964787,0.7111111111111111,0.7111111111111111,0.015107554413478962,0.03604206020850846,1.0,1.0,1.0,1.0,1.0,1.0
2026-03-11,HGRE11.SA,target_best_entry,equity_br,"baseline_qroll_a0.12_cal(+0.002,0.774)",False,0.12,0.02,0.98,-0.05084338253567778,0.07596039748817877,757,0.5798966884613037,False,-0.17016256973397892,0.0,-0.09700521584193315,-0.12502043117018388,-0.05515027256475146,-0.12502043117018388,-0.05515027256475146,-0.07189224987562413,,116.74818958120942,113.1261025795103,122.1596149165077,113.1261025795103,122.1596149165077,119.99504478238839,,0.013634124057047968,0.03863270291716404,0.9111111111111111,0.9111111111111111,0.020819436858827332,0.04150492092853538,0.8888888888888888,0.8888888888888888,1.0,0.9444444444444444,0.9444444444444444,0.9444444444444444
2026-03-11,HGRE11.SA,target_best_sale,equity_br,"baseline_ewmgauss_a0.82_cal(+0.004,0.700)",False,0.82,0.02,0.98,-0.10930856532411518,0.17850914664749462,757,0.8244583606719971,False,0.0,0.2701424722130547,0.10545321898515929,0.01982206020528235,0.2452953716555103,0.01982206020528235,0.2452953716555103,0.054074523717233126,,142.92403926072515,131.85278731699108,161.00423024059322,131.85278731699108,161.00423024059322,136.28128809448472,,0.03354195319477638,0.07776576261384158,1.0,1.0,0.015366145961701013,0.04278738340732822,1.0,1.0,1.0,1.0,1.0,1.0
2026-03-11,HO=F,target_best_entry,future,"baseline_qroll_a0.12_cal(+0.023,0.925)",False,0.12,0.02,0.98,-0.10635147624644975,0.12621427824804268,757,12.89212942123413,False,-0.22,0.0,-0.21129005405548246,-0.22343189525795867,0.0,-0.22,0.0,-0.08451602162219299,,2.857022943992827,2.8130403378697997,3.6224000453948975,2.82547203540802,3.6224000453948975,3.3162492048340697,,0.06271977291826479,0.11053496708097899,1.0,1.0,0.034196915801176495,0.0684091834821608,0.9666666666666667,0.9555555555555556,1.0,1.0,1.0,1.0
2026-03-11,HO=F,target_best_sale,future,"baseline_qroll_a0.90_cal(-0.016,0.796)",False,0.9,0.02,0.98,-0.14833779139081887,0.19522570058105193,757,0.7844340801239014,False,0.0,0.22,0.22,0.04380807752002294,0.4190675485932572,0.04380807752002294,0.22,0.11428484651201377,,4.419328055381775,3.781090427392092,5.140430352442641,3.781090427392092,4.419328055381775,4.036385478587966,,0.0857425267783754,0.15467393429481865,0.9555555555555556,0.2222222222222222,0.07232359117066206,0.2447476729753061,0.8555555555555555,0.7666666666666667,0.9333333333333333,0.3888888888888889,0.8888888888888888,0.8777777777777778
2026-03-11,IGTI11.SA,target_best_entry,equity_br,"baseline_qroll_a0.18_cal(-0.013,0.735)",False,0.18,0.02,0.98,-0.11143977272886257,0.0833898810469267,757,0.6656463146209717,False,-0.10152319023410034,0.0,-0.04692075628888756,-0.11457808178865589,0.0,-0.10152319023410034,0.0,-0.018768302515555026,,26.20967920205559,24.349102750811962,27.5,24.708112268562243,27.5,26.983871680822237,,0.026915633112822187,0.04931739744950623,1.0,1.0,0.02653576185526698,0.054852975689220915,0.7666666666666667,0.7444444444444445,1.0,1.0,1.0,1.0
2026-03-11,IGTI11.SA,target_best_sale,equity_br,"baseline_ewmgauss_a0.85_cal(+0.026,0.700)",False,0.85,0.02,0.98,-0.14605139895131433,0.14037585895692112,757,1.091158390045166,False,0.0,0.3,0.17430872679247914,0.02895552788586328,0.3140135176754068,0.02895552788586328,0.3,0.08709680744850963,,32.293489986793176,28.29627701686124,36.13537173607369,28.29627701686124,35.75,29.895162204834016,,0.08259954322262604,0.13584866262461032,1.0,0.9111111111111111,0.02798229288558158,0.05842651450413033,1.0,1.0,1.0,1.0,1.0,1.0
2026-03-11,ISAE4.SA,target_best_entry,equity_br,"baseline_qroll_a0.12_cal(+0.004,0.712)",False,0.12,0.02,0.98,-0.06429890402144778,0.07135964021654542,757,0.7849481105804443,False,-0.22116485905645336,0.0,-0.09718412854196253,-0.16135031317730653,-0.025971781779112177,-0.16135031317730653,-0.025971781779112177,-0.05445672048425232,,25.56774520417408,23.750558874883104,27.58447884276572,23.750558874883104,27.58447884276572,26.777785387329065,,0.026588263647970893,0.04835807498233022,0.9444444444444444,0.9444444444444444,0.015644923896468575,0.03739312027463902,1.0,1.0,1.0,0.9555555555555556,1.0,1.0
2026-03-11,ISAE4.SA,target_best_sale,equity_br,"baseline_qroll_a0.88_cal(-0.016,0.856)",False,0.88,0.02,0.98,-0.13995386801917384,0.1185911708153659,757,0.500023365020752,False,0.0,0.26,0.26,0.17103137018331432,0.33538836993311355,0.17103137018331432,0.26,0.2066188221099886,,35.683199615478514,33.16360804622105,37.818198228977586,33.16360804622105,35.683199615478514,34.171444673924036,,0.034550724380881435,0.05980907402146455,0.9666666666666667,0.9666666666666667,0.025800185972727038,0.051501785228220236,1.0,1.0,1.0,1.0,1.0,1.0
2026-03-11,ITSA4.SA,target_best_entry,equity_br,"baseline_qroll_a0.12_cal(+0.013,0.840)",False,0.12,0.02,0.98,-0.05512886387597852,0.0859998320317651,757,0.7325987815856934,False,-0.18629365632925102,0.0,-0.16098211448954222,-0.18629365632925102,-0.07467810234427248,-0.18629365632925102,-0.07467810234427248,-0.10919970720238037,,11.4190331337434,11.07454305799499,12.59363070941039,11.07454305799499,12.59363070941039,12.123791679143594,,0.019563504031023755,0.04786646059833687,0.9,0.9,0.01511946284197847,0.028747606925358056,0.9888888888888889,0.9888888888888889,1.0,1.0,0.9888888888888889,0.9888888888888889
2026-03-11,ITSA4.SA,target_best_sale,equity_br,"baseline_ewmgauss_a0.82_cal(-0.030,0.827)",False,0.82,0.02,0.98,-0.1093008767340049,0.15066106108945151,757,1.0264606475830078,False,0.0,0.22,0.16233426137480558,0.008648674296213382,0.3741755046958883,0.008648674296213382,0.22,0.07012290912765028,,15.819368898255304,13.727708110879423,18.70252814712532,13.727708110879423,16.60419958114624,14.564372425829776,,0.06472005281094516,0.11021435723780935,0.9222222222222223,0.8888888888888888,0.13696226976340078,0.2500980270767074,0.4666666666666667,0.43333333333333335,1.0,1.0,0.6,0.4444444444444444
2026-03-11,ITUB4.SA,target_best_entry,equity_br,"baseline_qroll_a0.12_cal(+0.022,1.012)",False,0.12,0.02,0.98,-0.05237585428874813,0.09299992925323569,757,0.7099230289459229,False,-0.14288464226217892,0.0,-0.14288464226217892,-0.14288464226217892,-0.04767578098637702,-0.14288464226217892,-0.04767578098637702,-0.08575932549669778,,36.79596256925551,36.79596256925551,40.88327901288112,36.79596256925551,40.88327901288112,39.24835243543088,,0.02119803394249593,0.046330549689447234,0.8666666666666667,0.8666666666666667,0.012765860336575246,0.02549024340215161,0.9777777777777777,0.9777777777777777,0.9666666666666667,0.9111111111111111,0.9888888888888889,0.9888888888888889
2026-03-11,ITUB4.SA,target_best_sale,equity_br,"baseline_ewmgauss_a0.88_cal(-0.030,0.753)",False,0.88,0.02,0.98,-0.12382433187898712,0.16311918049252133,757,1.0467298030853271,False,0.0,0.3,0.1635600694035661,0.0,0.35210404033664433,0.0,0.3,0.06542402776142645,,49.95163413458545,42.93000030517578,58.04582686428155,42.93000030517578,55.809000396728514,45.73865383693965,,0.06918911847064968,0.12372119080294458,1.0,1.0,0.10588611971936886,0.20603499450014498,0.5111111111111111,0.5111111111111111,1.0,1.0,0.9,0.7444444444444445
2026-03-11,JHSF3.SA,target_best_entry,equity_br,"baseline_qroll_a0.12_cal(+0.014,0.834)",False,0.12,0.02,0.98,-0.10836440302256373,0.1314350158089946,757,0.500023365020752,False,-0.26,0.0,-0.26,-0.3156045586988646,-0.18827503205479296,-0.26,-0.18827503205479296,-0.21696501923287578,,6.741399745941162,6.234842235284816,7.394814179297184,6.741399745941162,7.394814179297184,7.133448405954775,,0.021700383997205395,0.05298515870901889,0.9888888888888889,0.9888888888888889,0.024752129715413837,0.0487457616551703,0.9777777777777777,0.9777777777777777,1.0,1.0,1.0,0.9888888888888889
2026-03-11,JHSF3.SA,target_best_sale,equity_br,"baseline_qroll_a0.82_cal(-0.008,0.839)",False,0.82,0.02,0.98,-0.2109064524106003,0.16462304583505216,757,0.9235961437225342,False,0.0,0.26,0.26,0.04741091621408289,0.4190675485932572,0.04741091621408289,0.26,0.13244654972844974,,11.47859956741333,9.541913087110295,12.927704880486393,9.541913087110295,11.47859956741333,10.316587679231509,,0.11109990437734532,0.17902965629079742,0.9111111111111111,0.6777777777777778,0.12417602766631756,0.15906754859325717,0.4888888888888889,0.0,1.0,0.8,1.0,0.2111111111111111
2026-03-11,KC=F,target_best_entry,future,"baseline_qroll_a0.08_cal(+0.015,0.700)",False,0.08,0.02,0.98,-0.1071534413887212,0.08858319163614345,757,1.6028523445129395,False,-0.28,0.0,-0.14678085002483893,-0.29164307644309534,-0.025750297464897653,-0.28,-0.025750297464897653,-0.07416251848887417,,253.91802424024436,210.8070247740024,289.93671742079476,214.27200439453125,289.93671742079476,275.5292401485746,,0.05056347440975387,0.12063673554061544,0.9444444444444444,0.8333333333333334,0.0665554587270627,0.14050233170754195,0.7333333333333333,0.7111111111111111,1.0,1.0,1.0,0.9444444444444444
2026-03-11,KC=F,target_best_sale,future,"baseline_qroll_a0.82_cal(-0.004,0.814)",False,0.82,0.02,0.98,-0.19928824317741678,0.1798298709244332,757,1.263685703277588,False,0.0,0.28,0.2311622106862667,0.016492423249986538,0.4190675485932572,0.016492423249986538,0.28,0.1023603382244986,,366.39388141465076,302.5081513633734,422.31451112265427,302.5081513633734,380.9280078125,328.06244338388433,,0.06905948469705932,0.1456317262137805,1.0,1.0,0.08162974107844866,0.14931135259343747,1.0,1.0,1.0,1.0,1.0,1.0
2026-03-11,KFOF11.SA,target_best_entry,equity_br,"baseline_qroll_a0.10_cal(-0.000,0.769)",False,0.1,0.02,0.98,-0.10125217837045535,0.04804324194604574,757,0.7406129837036133,False,-0.07912469126110404,0.0,-0.07912469126110404,-0.14718199754641725,-0.04683211558832705,-0.07912469126110404,-0.04683211558832705,-0.059749145857437846,,76.61682287678774,70.95445520154408,79.30356507421365,76.61682287678774,79.30356507421365,78.22886819524328,,0.0135802842612265,0.02859116472206276,1.0,0.9777777777777777,0.013183069177280357,0.024962370774423176,0.9888888888888889,0.9888888888888889,1.0,1.0,1.0,1.0
2026-03-11,KFOF11.SA,target_best_sale,equity_br,"baseline_qroll_a0.82_cal(+0.002,0.731)",False,0.82,0.02,0.98,-0.10242424329620801,0.11804577831285226,757,0.771630048751831,False,0.0,0.18811048198326916,0.06371501557046955,0.0,0.14638324769593913,0.0,0.14638324769593913,0.02548600622818782,,88.50108604926245,83.19999694824219,95.37908270981809,83.19999694824219,95.37908270981809,85.3204325886503,,0.04563577523559741,0.08518888141570509,0.9333333333333333,0.9333333333333333,0.021488535370379737,0.04625846976010087,1.0,1.0,1.0,1.0,1.0,1.0
2026-03-11,KLBN11.SA,target_best_entry,equity_br,"baseline_ewmgauss_a0.18_cal(-0.001,0.700)",False,0.18,0.02,0.98,-0.1010921831907472,0.08911350722749006,757,1.4371709823608398,False,-0.1979524134009984,0.0,-0.08288911642195024,-0.1979524134009984,0.0,-0.1979524134009984,0.0,-0.033155646568780096,,18.112939950666483,15.840439835330281,19.75,15.840439835330281,19.75,19.095175980266593,,0.03997444778527795,0.08895384147084419,1.0,1.0,0.05857264062754688,0.08303656761149067,1.0,1.0,1.0,1.0,1.0,1.0
2026-03-11,KLBN11.SA,target_best_sale,equity_br,"baseline_qroll_a0.88_cal(-0.000,0.745)",False,0.88,0.02,0.98,-0.1305049426369456,0.08388309010160645,757,0.5524778366088867,False,0.0,0.3,0.15376167770215682,0.06616414490292923,0.21006568878407772,0.06616414490292923,0.21006568878407772,0.10120315802262025,,22.786793134617596,21.056741861832855,23.898797353485534,21.056741861832855,23.898797353485534,21.74876237094675,,0.03273081560587299,0.07062542522754425,0.9111111111111111,0.9111111111111111,0.05788699150620916,0.12269092999098764,0.3,0.3,1.0,0.9888888888888889,0.8666666666666667,0.5444444444444444
2026-03-11,LEVE3.SA,target_best_entry,equity_br,"baseline_qroll_a0.10_cal(+0.004,0.795)",False,0.1,0.02,0.98,-0.14381215385809323,0.1547490304834831,757,0.500023365020752,False,-0.19374800405327708,0.0,-0.1638624045113619,-0.19374800405327708,-0.09350418377041939,-0.19374800405327708,-0.09350418377041939,-0.1216474720667964,,29.574185859341824,28.51713223546555,32.062756051798274,28.51713223546555,32.062756051798274,31.067327974815697,,0.02620085895503158,0.0861917172054033,0.9,0.9,0.023274077817267147,0.04047153468034312,1.0,1.0,1.0,0.9777777777777777,1.0,1.0
2026-03-11,LEVE3.SA,target_best_sale,equity_br,"baseline_qroll_a0.88_cal(-0.004,0.755)",False,0.88,0.02,0.98,-0.13389107644001266,0.09764887681852533,757,0.7414424419403076,False,0.0,0.3,0.19161892553609988,0.10135261568034747,0.25745157104415456,0.10135261568034747,0.25745157104415456,0.13745913962264844,,42.14756012342552,38.95484084024238,44.47606072472856,38.95484084024238,44.47606072472856,40.23192855351564,,0.052422685834976494,0.13046873809204396,0.8666666666666667,0.8666666666666667,0.08911793079607097,0.16104436575173162,0.37777777777777777,0.37777777777777777,1.0,1.0,1.0,0.6555555555555556
2026-03-11,LREN3.SA,target_best_entry,equity_br,"baseline_qroll_a0.18_cal(+0.012,0.843)",False,0.18,0.02,0.98,-0.12938317159431603,0.18962084521833275,757,0.5849668979644775,False,-0.3,0.0,-0.1740617696310039,-0.2411435967563294,-0.07574826717507004,-0.2411435967563294,-0.07574826717507004,-0.11507366815744358,,12.03391976441993,11.056537563675686,13.466347465199986,11.056537563675686,13.466347465199986,12.893376384887963,,0.05762246547850749,0.12913747269272685,0.8111111111111111,0.8111111111111111,0.029156112631861623,0.06319149726890047,0.9555555555555556,0.9555555555555556,1.0,1.0,1.0,1.0
2026-03-11,LREN3.SA,target_best_sale,equity_br,"baseline_qroll_a0.88_cal(-0.011,0.812)",False,0.88,0.02,0.98,-0.2727655657999861,0.20856237843513478,757,0.9127547740936279,False,0.0,0.3,0.3,0.07933195059650214,0.4190675485932572,0.07933195059650214,0.3,0.16759917035790128,,18.940999603271486,15.725866190805066,20.67581374993871,15.725866190805066,18.940999603271486,17.011919555791632,,0.13194326954744906,0.2107670694328973,0.9666666666666667,0.36666666666666664,0.04071610683669549,0.08018685692561292,1.0,1.0,0.9666666666666667,0.8888888888888888,1.0,1.0
2026-03-11,LTC-USD,target_best_entry,crypto,"baseline_qroll_a0.12_cal(+0.004,0.799)",False,0.12,0.02,0.98,-0.21795422323898395,0.25636000065679226,757,13.014235019683838,False,-0.26,0.0,-0.26,-0.47562858072022923,0.0,-0.26,0.0,-0.10400000000000001,,38.95100532531738,27.601072898392687,52.63649368286133,38.95100532531738,52.63649368286133,47.16229833984375,,0.09577581522170035,0.26,1.0,0.8666666666666667,0.13482055188753062,0.21795422323898395,0.8777777777777778,0.12222222222222222,1.0,1.0,1.0,0.3111111111111111
2026-03-11,LTC-USD,target_best_sale,crypto,"baseline_qroll_a0.88_cal(+0.000,1.000)",False,0.88,0.02,0.98,-0.23618390336172668,0.15906754859325717,757,0.9872775077819824,False,0.0,0.26,0.26,0.01861124998407665,0.4190675485932572,0.01861124998407665,0.26,0.115166749990446,,66.32198204040527,53.616124625078335,74.69474005708248,53.616124625078335,66.32198204040527,58.69846759120911,,0.12800477464415497,0.15906754859325717,0.5888888888888889,0.15555555555555556,0.10682406069835601,0.2348253981357826,1.0,0.8111111111111111,0.9777777777777777,0.26666666666666666,1.0,1.0
2026-03-11,MBRF3.SA,target_best_entry,equity_br,"baseline_qroll_a0.12_cal(+0.015,0.809)",False,0.12,0.02,0.98,-0.09784259840971089,0.11685086573534523,757,0.9169137477874756,False,-0.3,0.0,-0.2632826773602401,-0.32135503452508896,-0.19392837442574976,-0.3,-0.19392837442574976,-0.22167009559954587,,12.133733798013205,11.177282115383267,13.27599911972244,11.528999519348144,13.27599911972244,12.819092991038747,,0.044847739049949945,0.0984381215242583,1.0,1.0,0.13589825510058,0.27072524363270095,0.5333333333333333,0.4777777777777778,1.0,1.0,0.5555555555555556,0.6333333333333333
2026-03-11,MBRF3.SA,target_best_sale,equity_br,"baseline_qroll_a0.82_cal(-0.005,0.841)",False,0.82,0.02,0.98,-0.25450889074777744,0.23007727067969666,757,0.7924482822418213,False,0.0,0.3,0.3,0.1694469931519016,0.41802055089857615,0.1694469931519016,0.3,0.22166819589114095,,21.41099910736084,19.260791174216294,23.35479749962211,19.260791174216294,21.41099910736084,20.12087434747411,,0.12638840303277585,0.25846794970251374,0.8777777777777778,0.5555555555555556,0.15033360232624488,0.23988351710904982,0.9555555555555556,0.4,0.9,0.7888888888888889,0.9666666666666667,0.5333333333333333
2026-03-11,MDIA3.SA,target_best_entry,equity_br,"baseline_qroll_a0.08_cal(+0.012,0.815)",False,0.08,0.02,0.98,-0.08402460066916022,0.1491176445303989,757,0.531425952911377,False,-0.2638641818531841,0.0,-0.21466883543699744,-0.2566453634726369,-0.14017349792406084,-0.2566453634726369,-0.14017349792406084,-0.16997163292923548,,17.897697959382985,16.9410528470201,19.595446769505326,16.9410528470201,19.595446769505326,18.91634724545639,,0.04857359294072133,0.08603011845102691,0.5444444444444444,0.5444444444444444,0.04501737445180773,0.09333693605973861,0.6444444444444445,0.6444444444444445,1.0,0.9444444444444444,1.0,0.9333333333333333
2026-03-11,MDIA3.SA,target_best_sale,equity_br,"baseline_qroll_a0.88_cal(-0.013,0.831)",False,0.88,0.02,0.98,-0.20407382253207926,0.11065387622002489,757,0.587700605392456,False,0.0,0.3,0.2570433875235131,0.14429749350013504,0.3181770010697473,0.14429749350013504,0.3,0.18939585110948626,,28.64801995251846,26.078540924503724,30.04125506120663,26.078540924503724,29.62700119018555,27.106332535709615,,0.061633063036827036,0.13270202946411835,0.6,0.6,0.06540869235842851,0.12835416978139688,0.9222222222222223,0.9222222222222223,0.9888888888888889,0.8666666666666667,0.9777777777777777,0.9666666666666667
2026-03-11,MGLU3.SA,target_best_entry,equity_br,"baseline_ewmgauss_a0.12_cal(+0.005,0.700)",False,0.12,0.02,0.98,-0.21795422323898395,0.26,757,0.8045163154602051,False,-0.26,0.0,-0.26,-0.41977913477917983,-0.06857505070533035,-0.26,-0.06857505070533035,-0.1451450304231982,,6.904199943542481,5.413460628242913,8.690194705857184,6.904199943542481,8.690194705857184,7.975796800931302,,0.04973864231446154,0.10209879198821013,1.0,0.6111111111111112,0.1335467760328957,0.26,0.8222222222222222,0.6777777777777778,1.0,1.0,0.8222222222222222,1.0
2026-03-11,MGLU3.SA,target_best_sale,equity_br,"baseline_qroll_a0.82_cal(-0.005,0.913)",False,0.82,0.02,0.98,-0.23040321442264997,0.2080920264244094,757,0.8969600200653076,False,0.0,0.26,0.26,0.07087368688651435,0.4190675485932572,0.07087368688651435,0.26,0.1465242121319086,,11.75579990386963,9.99125141695,13.239900120108826,9.99125141695,11.75579990386963,10.697070811717852,,0.0960282774032583,0.21304603559111213,0.9888888888888889,0.9888888888888889,0.10929732747116283,0.1656693737053368,0.9888888888888889,0.4222222222222222,0.9888888888888889,1.0,0.9888888888888889,0.6222222222222222
2026-03-11,MULT3.SA,target_best_entry,equity_br,"baseline_qroll_a0.12_cal(+0.005,0.813)",False,0.12,0.02,0.98,-0.06910979386444988,0.1284877053235886,757,0.6222574710845947,False,-0.22380009867502015,0.0,-0.16886470226134054,-0.21512475669580045,-0.08285882798415546,-0.21512475669580045,-0.08285882798415546,-0.11726117769502949,,26.95371795930709,25.45350437988011,29.742888488363114,25.45350437988011,29.742888488363114,28.6272202767407,,0.025429142101416443,0.053611995579180186,0.9888888888888889,0.9888888888888889,0.027115826233615376,0.04250777758095144,0.8222222222222222,0.8222222222222222,1.0,1.0,1.0,1.0
2026-03-11,MULT3.SA,target_best_sale,equity_br,"baseline_ewmgauss_a0.82_cal(+0.007,0.700)",False,0.82,0.02,0.98,-0.1290867583390739,0.1349763571396745,757,0.9598937034606934,False,0.0,0.3,0.13488327344204826,0.001592140324321173,0.27425583046290575,0.001592140324321173,0.27425583046290575,0.05490859357141201,,36.80426490406451,32.481633416379395,41.32411697078405,32.481633416379395,41.32411697078405,34.21068601145345,,0.0545011024649029,0.0878311037698094,1.0,1.0,0.051091267937601575,0.11115474908922238,0.9777777777777777,0.9777777777777777,1.0,1.0,1.0,1.0
2026-03-11,MXN=X,target_best_entry,fx,"baseline_qroll_a0.12_cal(-0.002,0.700)",False,0.12,0.02,0.98,-0.033523654563969954,0.03296921126911869,757,1.076204776763916,False,-0.11020648778704782,0.0,-0.050171720440615485,-0.10659126182642076,0.0,-0.10659126182642076,0.0,-0.020068688176246196,,16.707271242209767,15.714863875974054,17.589780807495117,15.714863875974054,17.589780807495117,17.236776981380977,,0.017993154959858867,0.04100999600703855,0.9111111111111111,0.9111111111111111,0.013146824936801107,0.03722133982031599,0.8,0.8,1.0,0.9666666666666667,1.0,0.8888888888888888
2026-03-11,MXN=X,target_best_sale,fx,"baseline_qroll_a0.88_cal(-0.002,0.729)",False,0.88,0.02,0.98,-0.055095353599927545,0.07375430141765141,757,0.5350942611694336,False,0.0,0.15,0.08004148507794065,0.03393855294493454,0.1417579335731497,0.03393855294493454,0.1417579335731497,0.052379725798136975,,18.997692985522487,18.186752514720084,20.083271786770272,18.186752514720084,20.083271786770272,18.51112870304104,,0.02031367466971114,0.03472693106402769,0.8333333333333334,0.8333333333333334,0.006635876286882883,0.012748292791642513,1.0,1.0,1.0,1.0,1.0,1.0
2026-03-11,MXRF11.SA,target_best_entry,equity_br,"baseline_qroll_a0.12_cal(-0.002,0.700)",False,0.12,0.02,0.98,-0.03313336058866383,0.03364163212526938,757,1.1109602451324463,False,-0.06552110500848458,0.0,-0.048076247738768264,-0.08971181445184334,-0.00580198416263069,-0.06552110500848458,-0.00580198416263069,-0.022711689593085723,,9.20510275699213,8.802486823700152,9.61389488899865,9.036410985863036,9.61389488899865,9.450378036196042,,0.0060346946665074145,0.019038693155883017,0.9444444444444444,0.9444444444444444,0.006596595053983265,0.01231539415203644,1.0,1.0,1.0,0.9666666666666667,1.0,1.0
2026-03-11,MXRF11.SA,target_best_sale,equity_br,"baseline_qroll_a0.88_cal(+0.002,0.700)",False,0.88,0.02,0.98,-0.04286974974525712,0.034316263837785924,757,1.2763612270355225,False,0.0,0.09676504498777631,0.06309027946405589,0.0011996319756151438,0.11263234119581833,0.0011996319756151438,0.09676504498777631,0.025955890970991442,,10.280083083524772,9.681600517589668,10.759154824250674,9.681600517589668,10.60571806870833,9.920993543963709,,0.017015684238559998,0.02976630429298226,0.8555555555555555,0.8555555555555555,0.019486928861732068,0.03430734715780615,1.0,1.0,1.0,1.0,1.0,1.0
2026-03-11,NEOE3.SA,target_best_entry,equity_br,"baseline_qroll_a0.12_cal(-0.009,0.700)",False,0.12,0.02,0.98,-0.10970880222383572,0.060195957794748574,757,0.6506459712982178,False,-0.07141974487312153,0.0,-0.07141974487312153,-0.10354146045542278,-0.05379492903070571,-0.07141974487312153,-0.05379492903070571,-0.060844855367672035,,30.64314841918699,29.58313180497105,31.224767341986713,30.64314841918699,31.224767341986713,30.992119772866822,,0.016964915478209417,0.03444135135890515,0.9666666666666667,0.9333333333333333,0.0331409397931416,0.05407387018700249,0.45555555555555555,0.2777777777777778,1.0,1.0,0.6555555555555556,0.8888888888888888
2026-03-11,NEOE3.SA,target_best_sale,equity_br,"baseline_qroll_a0.88_cal(+0.005,0.700)",False,0.88,0.02,0.98,-0.23393552513201246,0.12456494936029198,757,0.8608260154724121,False,0.0,0.3,0.12325156900093301,0.03263156531135654,0.17150450606233733,0.03263156531135654,0.17150450606233733,0.06887956678718712,,37.06730177703079,34.07684165527476,38.659648700057126,34.07684165527476,38.659648700057126,35.273025703977176,,0.05675051036079045,0.10724782629113638,1.0,0.8666666666666667,0.04093353483747859,0.0917333181371713,0.9888888888888889,0.9888888888888889,1.0,1.0,1.0,1.0
2026-03-11,NG=F,target_best_entry,future,"baseline_ewmgauss_a0.18_cal(+0.003,0.700)",False,0.18,0.02,0.98,-0.20858110339472619,0.25583680992637037,757,0.5251991748809814,False,-0.26,0.0,-0.22304613812584764,-0.4233695573721268,0.0,-0.26,0.0,-0.08921845525033906,,2.346400648040721,1.7414239257378243,3.0199999809265137,2.23479998588562,3.0199999809265137,2.7505602477721967,,0.06737900604961289,0.2010256544799221,0.8666666666666667,0.6444444444444445,0.14300500330656168,0.21480474888161002,0.4,0.2222222222222222,0.8888888888888888,0.9777777777777777,0.6444444444444445,0.6111111111111112
2026-03-11,NG=F,target_best_sale,future,"baseline_qroll_a0.82_cal(-0.010,0.883)",False,0.82,0.02,0.98,-0.22243696964718163,0.1689335280699167,757,0.8482439517974854,False,0.0,0.26,0.26,0.0,0.4190675485932572,0.0,0.26,0.10400000000000001,,3.8051999759674073,3.0199999809265137,4.285583969685071,3.0199999809265137,3.8051999759674073,3.3340799789428712,,0.1019976154458864,0.20001998728513404,0.8111111111111111,0.6444444444444445,0.1590675485932571,0.15906754859325717,0.36666666666666664,0.0,0.8444444444444444,0.8666666666666667,0.7666666666666667,0.0
2026-03-11,ODPV3.SA,target_best_entry,equity_br,"baseline_qroll_a0.15_cal(-0.003,0.726)",False,0.15,0.02,0.98,-0.07579557232051923,0.09801222663085246,757,0.7044205665588379,False,-0.24466956914638976,0.0,-0.13106737732539558,-0.21439784413856555,-0.02331168199256832,-0.21439784413856555,-0.02331168199256832,-0.06641396012569922,,12.052095377055316,10.896301811893064,13.54666685898997,10.896301811893064,13.54666685898997,12.948838266216109,,0.02390450060440575,0.05707768591467265,0.9444444444444444,0.9444444444444444,0.04639074781134593,0.0777155311013487,0.6888888888888889,0.6888888888888889,1.0,1.0,1.0,0.8888888888888888
2026-03-11,ODPV3.SA,target_best_sale,equity_br,"baseline_qroll_a0.90_cal(-0.011,0.795)",False,0.9,0.02,0.98,-0.13592335637821576,0.0967714824460663,757,0.6599102020263672,False,0.0,0.3,0.22595998412149274,0.08596680264666023,0.32562900396208827,0.08596680264666023,0.3,0.14196407523659324,,17.00406483946512,15.06235942843014,18.38647413324796,15.06235942843014,18.030999851226806,15.83904159284413,,0.05544739528068078,0.10385390314193495,0.5333333333333333,0.5333333333333333,0.07741678789997701,0.32811580297810605,0.5888888888888889,0.5888888888888889,0.9555555555555556,0.7222222222222222,0.7777777777777778,0.7888888888888889
2026-03-11,PETR4.SA,target_best_entry,equity_br,"baseline_qroll_a0.15_cal(+0.021,0.920)",False,0.15,0.02,0.98,-0.07534377060451536,0.12519112270892502,757,0.9721486568450928,False,-0.23193082504277873,0.0,-0.21506639514368514,-0.23193082504277873,-0.06142554861526517,-0.23193082504277873,-0.06142554861526517,-0.12288188722663315,,35.16502489870609,34.40949845209324,42.04813470596064,34.40949845209324,42.04813470596064,39.29489078305882,,0.0673346668354925,0.13347791076230728,1.0,1.0,0.020238124588695207,0.03919558752694477,1.0,1.0,1.0,1.0,1.0,1.0
2026-03-11,PETR4.SA,target_best_sale,equity_br,"baseline_qroll_a0.85_cal(-0.021,0.855)",False,0.85,0.02,0.98,-0.12576099967048587,0.11139015995000599,757,0.5019626617431641,False,0.0,0.26,0.26,0.18030742291898155,0.33058602373662677,0.18030742291898155,0.26,0.21218445375138895,,56.44799903869629,52.87777164626728,59.6102528482443,52.87777164626728,56.44799903869629,54.305862603238886,,0.031523445709683975,0.06569885280696186,0.9666666666666667,0.9666666666666667,0.07288561802555857,0.18770008662383286,0.37777777777777777,0.37777777777777777,1.0,1.0,0.6888888888888889,0.5888888888888889
2026-03-11,POMO4.SA,target_best_entry,equity_br,"baseline_qroll_a0.12_cal(+0.008,0.738)",False,0.12,0.02,0.98,-0.10191340403378639,0.14441877564099062,757,1.031857967376709,False,-0.22,0.0,-0.1940915206631902,-0.29682096578379236,-0.04851635489130368,-0.22,-0.04851635489130368,-0.10674642120005828,,5.02080984163981,4.380805396579049,5.9277431271752885,4.85940001487732,5.9277431271752885,5.564969812961097,,0.08094567018431287,0.17213877788699247,0.9666666666666667,0.9666666666666667,0.07801582174838727,0.16449271304358443,0.8222222222222222,0.5666666666666667,1.0,1.0,0.9777777777777777,0.8777777777777778
2026-03-11,POMO4.SA,target_best_sale,equity_br,"baseline_ewmgauss_a0.85_cal(-0.005,0.700)",False,0.85,0.02,0.98,-0.20617629044264787,0.19906754859325718,757,0.8950908184051514,False,0.0,0.22,0.20109020503033012,0.02080938020566578,0.3751551364497813,0.02080938020566578,0.22,0.09292171013553152,,7.482792000247934,6.359642458151691,8.56721652631114,6.359642458151691,7.600600023269653,6.808902274990189,,0.0962198436699094,0.2017030783579628,0.9888888888888889,0.12222222222222222,0.11576956639584156,0.2001918616466296,0.4777777777777778,0.3888888888888889,0.9888888888888889,0.4,0.4777777777777778,0.9333333333333333
2026-03-11,PRIO3.SA,target_best_entry,equity_br,"baseline_ewmgauss_a0.18_cal(-0.022,0.700)",False,0.18,0.02,0.98,-0.07500235257273792,0.1492475469041614,757,0.6086940765380859,False,-0.28371118686627916,0.0,-0.13784002416075775,-0.19768729527971407,-0.018749647698897975,-0.19768729527971407,-0.018749647698897975,-0.06638579828364188,,51.169193250507305,47.61725780091694,58.23720691180119,47.61725780091694,58.23720691180119,55.41000144728364,,0.08056115231887498,0.14541501556058067,0.8111111111111111,0.8111111111111111,0.08632420244179745,0.13536369681455465,0.2777777777777778,0.2777777777777778,1.0,1.0,0.6111111111111112,0.9666666666666667
2026-03-11,PRIO3.SA,target_best_sale,equity_br,"baseline_ewmgauss_a0.90_cal(+0.015,0.700)",False,0.9,0.02,0.98,-0.26016052953162333,0.13787513667057424,757,0.6716744899749756,False,0.0,0.3,0.23248757178160948,0.0034162862053422616,0.35388659746391593,0.0034162862053422616,0.3,0.09504480043584916,,73.14813550461173,59.55275505519531,80.3531674936164,59.55275505519531,77.15499801635742,64.99090723496188,,0.08496236890966367,0.16554198602436374,0.8222222222222222,0.7,0.14092096919919236,0.22276091347468638,0.2,0.2,1.0,0.9777777777777777,0.9333333333333333,0.4666666666666667
2026-03-11,PSSA3.SA,target_best_entry,equity_br,"baseline_qroll_a0.15_cal(+0.011,0.826)",False,0.15,0.02,0.98,-0.052524395175987046,0.0712134501722865,757,0.5462627410888672,False,-0.21117926110253635,0.0,-0.14007405528172426,-0.16809252150672757,-0.1020861519135315,-0.16809252150672757,-0.1020861519135315,-0.1172813132608086,,42.99629723591379,41.59537392466362,44.89569240432342,41.59537392466362,44.89569240432342,44.13593433695957,,0.018229816321312722,0.03810147926560877,0.9444444444444444,0.9444444444444444,0.031008533911019785,0.06382555741252553,0.6111111111111112,0.6111111111111112,1.0,0.9888888888888889,0.9444444444444444,1.0
2026-03-11,PSSA3.SA,target_best_sale,equity_br,"baseline_qroll_a0.88_cal(-0.006,0.763)",False,0.88,0.02,0.98,-0.19922716573022844,0.13471353453510793,757,0.9911093711853027,False,0.0,0.3,0.2308447538299178,0.03802485220192356,0.3612258209992014,0.03802485220192356,0.3,0.11515281285312126,,61.54223769149589,51.901242610096176,68.06129104996008,51.901242610096176,65.0,55.75764064265606,,0.10450161351719643,0.19935289419481905,1.0,0.4111111111111111,0.037833771150593776,0.10721681014864859,1.0,1.0,1.0,0.7555555555555555,1.0,1.0
2026-03-11,RADL3.SA,target_best_entry,equity_br,"baseline_ewmgauss_a0.10_cal(-0.030,0.700)",False,0.1,0.02,0.98,-0.1271105449867938,0.12621074507825555,757,13.083512306213379,False,-0.2566363957229072,0.0,-0.19710313774272084,-0.2566363957229072,0.0,-0.2566363957229072,0.0,-0.07884125509708834,,19.229380463623528,17.803558889577793,23.950000762939453,17.803558889577793,23.950000762939453,22.061752643213083,,0.10863589087219563,0.15523609371279742,0.4444444444444444,0.4444444444444444,0.16527984215566982,0.2013654867778773,1.0,1.0,1.0,0.8666666666666667,1.0,1.0
2026-03-11,RADL3.SA,target_best_sale,equity_br,"baseline_qroll_a0.90_cal(-0.030,0.924)",False,0.9,0.02,0.98,-0.20057307716060868,0.1134377324959219,757,1.164477825164795,False,0.0,0.3,0.3,0.11128967181366153,0.4067285401962396,0.11128967181366153,0.3,0.1867738030881969,,31.13500099182129,26.615388487783928,33.69114961094864,26.615388487783928,31.13500099182129,28.42323348939887,,0.1062834978186155,0.20929368772034776,1.0,0.8777777777777778,0.08189460908780977,0.12957430893104863,0.9666666666666667,0.36666666666666664,1.0,1.0,0.9666666666666667,0.7666666666666667
2026-03-11,RAIL3.SA,target_best_entry,equity_br,"baseline_qroll_a0.15_cal(+0.030,1.148)",False,0.15,0.02,0.98,-0.07120795497646878,0.10560573654010988,757,0.9085373878479004,False,-0.26039983909735337,0.0,-0.19973378414222404,-0.26039983909735337,-0.10025121439423973,-0.26039983909735337,-0.10025121439423973,-0.14004424229343346,,13.684552596445304,12.647163033570328,15.385704577085423,12.647163033570328,15.385704577085423,14.705243784829376,,0.04307011255932894,0.10169843529334427,0.9333333333333333,0.9333333333333333,0.03846116721563494,0.12690252193058585,0.9111111111111111,0.9111111111111111,1.0,1.0,1.0,1.0
2026-03-11,RAIL3.SA,target_best_sale,equity_br,"baseline_ewmgauss_a0.88_cal(-0.000,0.700)",False,0.88,0.02,0.98,-0.12754775149291436,0.10157379173077773,757,0.6870837211608887,False,0.0,0.3,0.11835064921534769,0.027485122736121012,0.19071222324608367,0.027485122736121012,0.19071222324608367,0.06383133332781168,,19.12379652819936,17.56999599074214,20.361179471728697,17.56999599074214,20.361179471728697,18.19151620572503,,0.05345039724470067,0.09390530504252269,0.8888888888888888,0.8888888888888888,0.029170730802471265,0.08621713443537304,0.9888888888888889,0.9888888888888889,1.0,0.9777777777777777,1.0,1.0
2026-03-11,RANI3.SA,target_best_entry,equity_br,"baseline_qroll_a0.10_cal(+0.024,0.940)",False,0.1,0.02,0.98,-0.07844147252782167,0.09189959625853997,757,0.7253439426422119,False,-0.19393743586744214,0.0,-0.19393743586744214,-0.19393743586744214,-0.1348456890783211,-0.19393743586744214,-0.1348456890783211,-0.1584823877939695,,7.891352472108895,7.891352472108895,8.46986067092022,7.891352472108895,8.46986067092022,8.23845739139569,,0.019757705258271818,0.062066185113554294,0.9444444444444444,0.9444444444444444,0.016891414986777542,0.03257799193452697,1.0,1.0,1.0,0.9777777777777777,1.0,1.0
2026-03-11,RANI3.SA,target_best_sale,equity_br,"baseline_qroll_a0.88_cal(-0.022,0.933)",False,0.88,0.02,0.98,-0.19470133442668264,0.19906754859325718,757,0.5512394905090332,False,0.0,0.22,0.22,0.1248566394830254,0.31727696833105534,0.1248566394830254,0.22,0.16291398368981524,,11.943799953460694,11.012346457628944,12.896141469710905,11.012346457628944,11.943799953460694,11.384927855961644,,0.059955924883984976,0.1393431359078023,0.7666666666666667,0.7333333333333333,0.0689637349701676,0.13513184340007164,0.7888888888888889,0.7888888888888889,0.9888888888888889,1.0,0.9444444444444444,1.0
2026-03-11,RBRF11.SA,target_best_entry,equity_br,"baseline_qroll_a0.12_cal(-0.000,0.772)",False,0.12,0.02,0.98,-0.07072026749452907,0.06831578211527486,757,0.6293954849243164,False,-0.0864678234951409,0.0,-0.07451006698262655,-0.09454002465678997,-0.05516112681703424,-0.0864678234951409,-0.05516112681703424,-0.06290070288327115,,6.154508142827131,6.021308922383739,6.283178596773579,6.07498906087853,6.283178596773579,6.231710415195001,,0.015375042481706869,0.034803775438822,0.9666666666666667,0.9555555555555556,0.011324150312312108,0.017168099986092176,1.0,1.0,1.0,0.9777777777777777,1.0,1.0
2026-03-11,RBRF11.SA,target_best_sale,equity_br,"baseline_qroll_a0.82_cal(+0.001,0.700)",False,0.82,0.02,0.98,-0.08204851778828662,0.0918728605294048,757,0.7131590843200684,False,0.0,0.15203733761268817,0.04592392432730129,0.019592783710230294,0.07540790861735834,0.019592783710230294,0.07540790861735834,0.030125239957058694,,6.955394196523632,6.780292108908977,7.151462694864323,6.780292108908977,7.151462694864323,6.850332943954839,,0.03430042889257308,0.06587471935873362,0.6777777777777778,0.6777777777777778,0.013029936639671034,0.03787448940196442,1.0,1.0,0.9888888888888889,1.0,1.0,1.0
2026-03-11,RBRP11.SA,target_best_entry,equity_br,"baseline_qroll_a0.12_cal(-0.000,0.806)",False,0.12,0.02,0.98,-0.16826265081701727,0.04256603759485146,757,0.7493281364440918,False,-0.052440277667099515,0.0,-0.052440277667099515,-0.1556247722437196,-0.026337306781834255,-0.052440277667099515,-0.026337306781834255,-0.03677849513594036,,49.74688542247728,44.32969945720472,51.11729139395371,49.74688542247728,51.11729139395371,50.56912900536313,,0.016845488343446804,0.035939164264219677,0.9666666666666667,0.9111111111111111,0.01318450516236126,0.025202752474454075,0.8777777777777778,0.8555555555555555,1.0,1.0,1.0,0.9888888888888889
2026-03-11,RBRP11.SA,target_best_sale,equity_br,"baseline_ewmgauss_a0.82_cal(+0.000,0.700)",False,0.82,0.02,0.98,-0.1384961281332711,0.2116723553889005,757,0.6031448841094971,False,0.0,0.2607046915314988,0.11603986591601485,0.04767799259102515,0.22052162248594454,0.04767799259102515,0.22052162248594454,0.07502274192102104,,58.59209296059078,55.00309461102882,64.07738518051208,55.00309461102882,64.07738518051208,56.438693950853605,,0.05744218619374837,0.08461707409911462,0.9333333333333333,0.9333333333333333,0.016697130047922674,0.04284322414780657,0.9888888888888889,0.9888888888888889,1.0,1.0,1.0,1.0
2026-03-11,RCRB11.SA,target_best_entry,equity_br,"baseline_qroll_a0.18_cal(-0.006,0.811)",False,0.18,0.02,0.98,-0.062129922922242786,0.07060043997962383,757,0.9167385101318359,False,-0.09451207913496805,0.0,-0.0542095614726027,-0.11509924136732297,0.0,-0.09451207913496805,0.0,-0.021683824589041084,,134.2927895618872,125.64706357915885,141.99000549316406,128.5702348576196,141.99000549316406,138.91111912065332,,0.023230817133172814,0.047243860178155905,1.0,0.9777777777777777,0.013448461875292021,0.03209003138454846,1.0,1.0,1.0,1.0,1.0,1.0
2026-03-11,RCRB11.SA,target_best_sale,equity_br,"baseline_qroll_a0.82_cal(+0.012,0.700)",False,0.82,0.02,0.98,-0.08804580032851372,0.09686205533146167,757,0.821526050567627,False,0.0,0.14058311273116814,0.05791285033196882,0.0,0.14298206435057098,0.0,0.14058311273116814,0.02316514013278753,,150.2130514299251,141.99000549316406,162.29202959572558,141.99000549316406,161.95140244210873,145.27922386786847,,0.03822440436807601,0.09501371020769146,0.7777777777777778,0.7333333333333333,0.03715030528895558,0.08028627783910429,0.7555555555555555,0.2777777777777778,0.8444444444444444,1.0,0.8666666666666667,0.4444444444444444
2026-03-11,RENT3.SA,target_best_entry,equity_br,"baseline_qroll_a0.08_cal(+0.015,0.780)",False,0.08,0.02,0.98,-0.10589833716678186,0.1478956277905809,757,1.0373954772949219,False,-0.3,0.0,-0.21586842919262061,-0.3212553941507112,-0.041298483095104976,-0.3,-0.041298483095104976,-0.11112646153411124,,37.04237672107941,32.06389631957069,45.2890612677359,33.068001174926756,45.2890612677359,41.99038744907331,,0.06382816737299671,0.09542219983444408,0.9444444444444444,0.9444444444444444,0.044046605107380274,0.08221164288727989,0.9666666666666667,0.9666666666666667,1.0,1.0,1.0,1.0
2026-03-11,RENT3.SA,target_best_sale,equity_br,"baseline_ewmgauss_a0.88_cal(-0.030,0.763)",False,0.88,0.02,0.98,-0.14968113875492944,0.269180558797179,757,1.5214602947235107,False,0.0,0.3,0.20086650341474654,0.0,0.4190675485932572,0.0,0.3,0.08034660136589862,,56.72893563692718,47.2400016784668,67.03675337740323,47.2400016784668,61.41200218200684,51.03557526185095,,0.1092122498574726,0.19434361479744658,1.0,0.8222222222222222,0.07468281224211393,0.16336416493774472,1.0,0.7888888888888889,1.0,0.9,1.0,0.9666666666666667
2026-03-11,SANB11.SA,target_best_entry,equity_br,"baseline_qroll_a0.12_cal(+0.005,0.780)",False,0.12,0.02,0.98,-0.0694080747642139,0.08674568625084844,757,0.872356653213501,False,-0.18627796950939993,0.0,-0.13917140864483224,-0.18627796950939993,-0.03391070365526136,-0.18627796950939993,-0.03391070365526136,-0.07601498565108972,,27.133317593570943,25.6485187735561,30.451135063026744,25.6485187735561,30.451135063026744,29.124008075244426,,0.026215785851402253,0.0633595780349992,0.8777777777777778,0.8777777777777778,0.02709583968010242,0.050242200061354714,1.0,1.0,1.0,1.0,1.0,1.0
2026-03-11,SANB11.SA,target_best_sale,equity_br,"baseline_qroll_a0.88_cal(+0.007,0.733)",False,0.88,0.02,0.98,-0.13158031666689998,0.08780766307168633,757,0.7929623126983643,False,0.0,0.3,0.20838569777339974,0.06325215928399439,0.3052378499105676,0.06325215928399439,0.3,0.12130557467975653,,38.088317746972635,33.513708547349715,41.141097626671566,33.513708547349715,40.97600059509278,35.34355222719888,,0.05955757971165987,0.11421663403379381,0.6555555555555556,0.6555555555555556,0.05036036084952865,0.08969016515504377,0.8111111111111111,0.8111111111111111,1.0,1.0,1.0,0.9888888888888889
2026-03-11,SB=F,target_best_entry,future,"baseline_qroll_a0.15_cal(+0.017,0.874)",False,0.15,0.02,0.98,-0.1055713762791421,0.16986665298502857,757,0.9673120975494385,False,-0.2467115406994677,0.0,-0.18002417942950386,-0.2467115406994677,-0.005995224339965188,-0.2467115406994677,-0.005995224339965188,-0.07560680637578067,,11.96344734724192,10.990478736137462,14.502529828553,10.990478736137462,14.502529828553,13.486896836028567,,0.025203264586505583,0.05935217424431947,0.9666666666666667,0.9666666666666667,0.028315721802762213,0.09419339455840835,1.0,1.0,1.0,1.0,1.0,1.0
2026-03-11,SB=F,target_best_sale,future,"baseline_qroll_a0.85_cal(-0.013,0.831)",False,0.85,0.02,0.98,-0.20585051964713505,0.11753327690177251,757,0.5465314388275146,False,0.0,0.28,0.20321909791315915,0.08406365622295885,0.2712525891403562,0.08406365622295885,0.2712525891403562,0.13172583289903897,,17.554966822149655,15.816488909707957,18.547575469535545,15.816488909707957,18.547575469535545,16.511880074684637,,0.02782500425082527,0.07912991173192098,1.0,1.0,0.025421479663051662,0.0458221818494147,0.9666666666666667,0.9666666666666667,1.0,1.0,1.0,1.0
2026-03-11,SBSP3.SA,target_best_entry,equity_br,"baseline_qroll_a0.12_cal(+0.007,0.739)",False,0.12,0.02,0.98,-0.06365881281389049,0.06882382075860409,757,0.8001937866210938,False,-0.249653602543145,0.0,-0.1561026159862602,-0.20826745422598264,-0.09970534248685797,-0.20826745422598264,-0.09970534248685797,-0.12226425188661888,,124.73647027077453,117.02598565791673,133.07255112903252,117.02598565791673,133.07255112903252,129.73811878572934,,0.022954297187664792,0.04916629387157251,0.9777777777777777,0.9777777777777777,0.02396897192598718,0.05204128785644851,0.8888888888888888,0.8888888888888888,1.0,1.0,1.0,0.9666666666666667
2026-03-11,SBSP3.SA,target_best_sale,equity_br,"baseline_qroll_a0.88_cal(-0.008,0.769)",False,0.88,0.02,0.98,-0.17633448667896762,0.13811705999566243,757,0.8079860210418701,False,0.0,0.3,0.2306088470402974,0.08470549822078174,0.3448901879283173,0.08470549822078174,0.3,0.143066837748588,,181.89629067661022,160.33031704380696,198.78821539426127,160.33031704380696,192.1529968261719,168.95670649692826,,0.06650621505832856,0.14302518748488102,0.9444444444444444,0.9444444444444444,0.037386349247874394,0.08054053029882893,0.9777777777777777,0.9777777777777777,1.0,1.0,1.0,1.0
2026-03-11,SEK=X,target_best_entry,fx,"baseline_qroll_a0.12_cal(+0.005,0.820)",False,0.12,0.02,0.98,-0.07125678224040714,0.0577682018130796,757,25.0,False,-0.08870503061780351,0.0,-0.06351953738346762,-0.08870503061780351,0.0,-0.08870503061780351,0.0,-0.02540781495338705,,8.56126706491526,8.331022289558897,9.141960144042969,8.331022289558897,9.141960144042969,8.909682912391885,,0.027190431504150785,0.05161063056620803,0.7777777777777778,0.7777777777777778,0.015639147468080653,0.035045072790555444,1.0,1.0,1.0,1.0,1.0,1.0
2026-03-11,SEK=X,target_best_sale,fx,"baseline_qroll_a0.88_cal(-0.006,0.833)",False,0.88,0.02,0.98,-0.05430591340813826,0.04735525730214673,757,0.500023365020752,False,0.0,0.15,0.08023442698474742,0.046693516251449636,0.1094824104591516,0.046693516251449636,0.1094824104591516,0.06010988054476875,,9.875460077717657,9.568830408598945,10.142843976934286,9.568830408598945,10.142843976934286,9.691482276246429,,0.008602987898487366,0.022385223306738655,1.0,1.0,0.007029701168182228,0.015383524063379304,0.9888888888888889,0.9888888888888889,1.0,1.0,1.0,1.0
2026-03-11,SI=F,target_best_entry,future,"baseline_qroll_a0.12_cal(+0.015,0.776)",False,0.12,0.02,0.98,-0.08564442576686783,0.11182614570062195,757,0.9501972198486328,False,-0.26130353492686936,0.0,-0.13089499884521058,-0.26130353492686936,0.0,-0.26130353492686936,0.0,-0.05235799953808423,,72.84490642121457,61.9145843142496,83.81600189208984,61.9145843142496,83.81600189208984,79.42756370373974,,0.07402229698440695,0.12038749491223853,0.9111111111111111,0.9111111111111111,0.022404143065259646,0.07253411059398342,0.9777777777777777,0.9777777777777777,1.0,1.0,0.9888888888888889,0.9888888888888889
2026-03-11,SI=F,target_best_sale,future,"baseline_qroll_a0.92_cal(-0.019,0.830)",False,0.92,0.02,0.98,-0.1619324338006494,0.13906754859325715,757,0.500023365020752,False,0.0,0.28,0.28,0.13932582753979073,0.4008109571088775,0.13932582753979073,0.28,0.19559549652387445,,107.284482421875,95.49373571678194,117.41037383149785,95.49373571678194,107.284482421875,100.21003439881916,,0.02860707960190735,0.15450699134235754,0.9,0.9,0.13906754859325712,0.13906754859325715,0.0,0.0,0.9444444444444444,0.9333333333333333,0.0,0.0
2026-03-11,SLCE3.SA,target_best_entry,equity_br,"baseline_qroll_a0.12_cal(+0.006,0.769)",False,0.12,0.02,0.98,-0.0713182060402385,0.06621851604333436,757,0.5992896556854248,False,-0.22,0.0,-0.1585228705260132,-0.20815447172152063,-0.11244023381236976,-0.20815447172152063,-0.11244023381236976,-0.13087328849782714,,14.162060024847587,13.326760180513787,14.937630797222381,13.326760180513787,14.937630797222381,14.627402488272462,,0.026324521797681674,0.050288603115782204,0.9333333333333333,0.9333333333333333,0.03434897195031476,0.06342967952264174,0.4666666666666667,0.4666666666666667,1.0,0.9888888888888889,0.7111111111111111,0.9888888888888889
2026-03-11,SLCE3.SA,target_best_sale,equity_br,"baseline_qroll_a0.88_cal(-0.013,0.864)",False,0.88,0.02,0.98,-0.17530666768093844,0.07520606671179116,757,0.5031075477600098,False,0.0,0.22,0.22,0.11758103986915487,0.2639374454494302,0.11758103986915487,0.22,0.15854862392149294,,20.532599906921387,18.80888881573321,21.272067110483135,18.80888881573321,20.532599906921387,19.498373252208477,,0.049536966838960673,0.10179109595342671,0.9777777777777777,0.9777777777777777,0.0439483456966205,0.07825221215286537,0.24444444444444444,0.24444444444444444,1.0,1.0,0.9444444444444444,0.6222222222222222
2026-03-11,SMTO3.SA,target_best_entry,equity_br,"baseline_qroll_a0.12_cal(+0.002,0.781)",False,0.12,0.02,0.98,-0.1101370817202163,0.09982453171908504,757,0.500023365020752,False,-0.2602361467278141,0.0,-0.198169081196133,-0.2602361467278141,-0.13297742451171232,-0.2602361467278141,-0.13297742451171232,-0.15905408718548059,,15.218750471848331,14.040717596469072,16.45608808587626,14.040717596469072,16.45608808587626,15.961153040265089,,0.025297788504980392,0.06119204600968957,0.9888888888888889,0.9888888888888889,0.09399699281241228,0.17238425964950999,0.12222222222222222,0.12222222222222222,1.0,1.0,0.4,0.5333333333333333
2026-03-11,SMTO3.SA,target_best_sale,equity_br,"baseline_qroll_a0.85_cal(-0.008,0.794)",False,0.85,0.02,0.98,-0.20861851723847452,0.1038251155822926,757,0.500023365020752,False,0.0,0.3,0.22080686129086524,0.0845659341398555,0.288611149211878,0.0845659341398555,0.288611149211878,0.1390623050002594,,23.170913668459594,20.585060933499573,24.457839022162073,20.585060933499573,24.457839022162073,21.619402027483577,,0.03888556630461691,0.0704953702914036,0.9444444444444444,0.9444444444444444,0.08234743902722474,0.20333611194665158,0.4111111111111111,0.4111111111111111,1.0,0.9666666666666667,0.8,0.5888888888888889
2026-03-11,SUZB3.SA,target_best_entry,equity_br,"baseline_qroll_a0.12_cal(-0.000,0.730)",False,0.12,0.02,0.98,-0.09185530462615547,0.1603040385863348,757,0.5860650539398193,False,-0.293673879100909,0.0,-0.1251727033148095,-0.20365508104652863,0.0,-0.20365508104652863,0.0,-0.0500690813259238,,48.64039636081607,44.276776278687095,55.599998474121094,44.276776278687095,55.599998474121094,52.81615762879908,,0.044163346326511484,0.09198606765684661,0.9444444444444444,0.9444444444444444,0.034387216075814714,0.062278341591339735,1.0,1.0,1.0,1.0,1.0,1.0
2026-03-11,SUZB3.SA,target_best_sale,equity_br,"baseline_qroll_a0.88_cal(-0.000,0.801)",False,0.88,0.02,0.98,-0.10697966093015954,0.175432494102425,757,0.500023365020752,False,0.0,0.11607062829395923,0.11607062829395923,0.038085175161644724,0.24395645656968457,0.038085175161644724,0.11607062829395923,0.06927935641457053,,62.0535252301555,57.71753415499517,69.16397708714754,57.71753415499517,62.0535252301555,59.45193058505931,,0.02616047541670023,0.05762290493871634,1.0,0.9555555555555556,0.06294785600154926,0.1602652548309795,0.6666666666666666,0.4111111111111111,1.0,1.0,0.6444444444444445,0.6
2026-03-11,SYNE3.SA,target_best_entry,equity_br,"baseline_qroll_a0.18_cal(+0.012,0.824)",False,0.18,0.02,0.98,-0.257954223238984,0.12120970213820684,757,0.7515945434570312,False,-0.22,0.0,-0.16135114765780434,-0.2910339656823707,-0.10041469332172573,-0.22,-0.10041469332172573,-0.12478927505615717,,4.017127970727202,3.3959472773365365,4.309013584672478,3.7361999702453614,4.309013584672478,4.192259339094368,,0.04056140646634188,0.07953830501593345,0.7888888888888889,0.7888888888888889,0.02205572367317182,0.046469986523400265,1.0,1.0,1.0,1.0,1.0,1.0
2026-03-11,SYNE3.SA,target_best_sale,equity_br,"baseline_qroll_a0.88_cal(-0.023,0.875)",False,0.88,0.02,0.98,-0.12844859945016338,0.19906754859325718,757,1.8536174297332764,False,0.0,0.22,0.22,0.06074038703821341,0.4190675485932572,0.06074038703821341,0.22,0.12444423222292805,,5.843799953460693,5.080946413449008,6.797333503628571,5.080946413449008,5.843799953460693,5.386087829453682,,0.12577563137401804,0.19906754859325718,0.8111111111111111,0.14444444444444443,0.04326562094677501,0.0973179130458718,1.0,0.9555555555555556,0.5111111111111111,0.2222222222222222,1.0,1.0
2026-03-11,TAEE11.SA,target_best_entry,equity_br,"baseline_qroll_a0.12_cal(+0.007,0.862)",False,0.12,0.02,0.98,-0.032402223899126684,0.05136653295639346,757,0.8263275623321533,False,-0.1372456396753955,0.0,-0.1250468028068375,-0.1372456396753955,-0.07067525497496842,-0.1372456396753955,-0.07067525497496842,-0.09242387410771605,,37.465495636796696,36.94314144580783,39.79368529836445,36.94314144580783,39.79368529836445,38.86240943373735,,0.015631338829107923,0.02923402707959884,0.8444444444444444,0.8444444444444444,0.016867122921956447,0.08930374867420449,0.8666666666666667,0.8666666666666667,0.9888888888888889,0.9666666666666667,0.9222222222222223,0.9
2026-03-11,TAEE11.SA,target_best_sale,equity_br,"baseline_qroll_a0.88_cal(-0.003,0.782)",False,0.88,0.02,0.98,-0.07887874720531236,0.059518482766035684,757,1.0490546226501465,False,0.0,0.3,0.17419734762880953,0.06819943568717501,0.2541787763235727,0.06819943568717501,0.2541787763235727,0.11059860046382883,,50.279130067129024,45.74029951013624,53.7039348194304,45.74029951013624,53.7039348194304,47.555831732933356,,0.034114338440238264,0.07618699455122156,0.9555555555555556,0.9555555555555556,0.0666494743518342,0.1891981414569019,0.6555555555555556,0.6111111111111112,1.0,1.0,0.9222222222222223,0.9777777777777777
2026-03-11,TGMA3.SA,target_best_entry,equity_br,"baseline_qroll_a0.12_cal(+0.025,1.020)",False,0.12,0.02,0.98,-0.06458322880364403,0.1156827639831858,757,0.7657420635223389,False,-0.22527073061068312,0.0,-0.22527073061068312,-0.22527073061068312,-0.13906040780451634,-0.22527073061068312,-0.13906040780451634,-0.17354453692698305,,29.25377591178325,29.25377591178325,32.50907755624294,29.25377591178325,32.50907755624294,31.20695689845907,,0.023292458849469105,0.046696865116357206,0.9111111111111111,0.9111111111111111,0.04068634496621006,0.07284868241648215,0.7,0.7,1.0,0.9777777777777777,1.0,1.0
2026-03-11,TGMA3.SA,target_best_sale,equity_br,"baseline_qroll_a0.88_cal(-0.019,0.855)",False,0.88,0.02,0.98,-0.17074696517484914,0.10974225703640778,757,0.615142822265625,False,0.0,0.3,0.3,0.19777972038326785,0.3656988789730201,0.19777972038326785,0.3,0.23866783222996069,,49.08799781799316,45.228160231238704,51.56878737774102,45.228160231238704,49.08799781799316,46.772095265940486,,0.03786907193289715,0.08568031086282107,0.9111111111111111,0.9111111111111111,0.04294803649349305,0.10193849523354905,0.7222222222222222,0.7222222222222222,1.0,1.0,1.0,0.8666666666666667
2026-03-11,TIMS3.SA,target_best_entry,equity_br,"baseline_qroll_a0.12_cal(+0.022,0.913)",False,0.12,0.02,0.98,-0.06391295540186977,0.08539878527834105,757,0.6014859676361084,False,-0.22419366154393183,0.0,-0.19311794789581357,-0.22419366154393183,-0.13005845135324198,-0.22419366154393183,-0.13005845135324198,-0.15528224997027062,,21.511475385977178,20.682996864860126,23.19264155418002,20.682996864860126,23.19264155418002,22.520175086898885,,0.015535296660025235,0.03371307847441111,0.9444444444444444,0.9444444444444444,0.029605451322197683,0.058615379604535105,0.6555555555555556,0.6555555555555556,1.0,0.9666666666666667,0.8333333333333334,0.7555555555555555
2026-03-11,TIMS3.SA,target_best_sale,equity_br,"baseline_qroll_a0.90_cal(-0.005,0.756)",False,0.9,0.02,0.98,-0.10626755046073388,0.12673325892345869,757,0.6864879131317139,False,0.0,0.3,0.2675262778412705,0.1779677655004936,0.3743325614534755,0.1779677655004936,0.3,0.21379117043680435,,33.79225037383911,31.404620448499543,36.639705878643156,31.404620448499543,34.65799980163575,32.35967241863537,,0.053654256992868396,0.0843562158139616,0.8222222222222222,0.5,0.04859221678626333,0.12126868730066656,0.7,0.7,0.9666666666666667,0.8111111111111111,1.0,0.8888888888888888
2026-03-11,UGPA3.SA,target_best_entry,equity_br,"baseline_qroll_a0.12_cal(+0.004,0.808)",False,0.12,0.02,0.98,-0.08746040731426254,0.15182153636969414,757,0.6182153224945068,False,-0.25727357152053326,0.0,-0.18234196192067814,-0.22499065381405595,-0.10830857783015567,-0.22499065381405595,-0.10830857783015567,-0.13792193146636467,,22.035884750061303,20.8865024709964,24.03108450778387,20.8865024709964,24.03108450778387,23.23300460469484,,0.02763355210506013,0.05617292578073641,0.9111111111111111,0.9111111111111111,0.0183664233982358,0.0452967163868918,0.9666666666666667,0.9666666666666667,1.0,1.0,1.0,1.0
2026-03-11,UGPA3.SA,target_best_sale,equity_br,"baseline_qroll_a0.92_cal(-0.008,0.751)",False,0.92,0.02,0.98,-0.1570677275431941,0.14597447004371963,757,0.6032617092132568,False,0.0,0.3,0.25550450401206415,0.1807655224875213,0.32496487878352837,0.1807655224875213,0.3,0.21066111509733845,,33.83584734099905,31.8216317318913,35.70780449408407,31.8216317318913,35.03500099182129,32.6273179755344,,0.06306512356643146,0.1529370248351185,0.7555555555555555,0.7555555555555555,0.11108983166735456,0.16272853320271702,0.14444444444444443,0.14444444444444443,0.9666666666666667,0.8888888888888888,0.8333333333333334,0.7555555555555555
2026-03-11,UNIP6.SA,target_best_entry,equity_br,"baseline_qroll_a0.12_cal(+0.019,0.845)",False,0.12,0.02,0.98,-0.07550949738103073,0.10170806343585974,757,0.6219186782836914,False,-0.22,0.0,-0.20072801182477532,-0.2515388095280157,-0.13228804049308868,-0.22,-0.13228804049308868,-0.15966402902576332,,53.95085920182767,50.52113035685893,58.57055726671652,52.65,58.57055726671652,56.722678040760975,,0.02338579553841012,0.061709275433255835,0.8555555555555555,0.8555555555555555,0.072301301601977,0.15119247111199502,0.3,0.3,0.9888888888888889,0.9555555555555556,0.7666666666666667,0.7333333333333333
2026-03-11,UNIP6.SA,target_best_sale,equity_br,"baseline_ewmgauss_a0.88_cal(-0.030,0.700)",False,0.88,0.02,0.98,-0.13671755239352992,0.22903001450178134,757,1.3188738822937012,False,0.0,0.22,0.18413476548009244,0.0,0.4190675485932572,0.0,0.22,0.07365390619203697,,79.92909666990624,67.5,95.78705953004486,67.5,82.35,72.4716386679625,,0.03575390272211643,0.085843609809495,1.0,0.9444444444444444,0.11048793307224931,0.17497239489667074,0.7333333333333333,0.4666666666666667,1.0,0.9777777777777777,0.9888888888888889,0.8666666666666667
2026-03-11,USIM5.SA,target_best_entry,equity_br,"baseline_ewmgauss_a0.08_cal(-0.030,0.700)",False,0.08,0.02,0.98,-0.08695141269870794,0.2115832641626372,757,1.2234511375427246,False,-0.3,0.0,-0.22698120238802952,-0.34290699258407015,0.0,-0.3,0.0,-0.09079248095521181,,5.179225796558567,4.402523024356185,6.699999809265137,4.6899998664855955,6.699999809265137,6.091690204182509,,0.03499023540989976,0.07423386611086534,0.9666666666666667,0.7888888888888889,0.18568404321298437,0.22710465921149062,1.0,1.0,1.0,1.0,1.0,1.0
2026-03-11,USIM5.SA,target_best_sale,equity_br,"baseline_qroll_a0.82_cal(-0.021,0.900)",False,0.82,0.02,0.98,-0.2048477412580385,0.1626071862382668,757,0.9343674182891846,False,0.0,0.3,0.3,0.09142336383235428,0.4190675485932572,0.09142336383235428,0.3,0.17485401829941255,,8.709999752044679,7.312536329504288,9.507752304909168,7.312536329504288,8.709999752044679,7.871521698520443,,0.05093801702623738,0.1044484657796225,0.9888888888888889,0.9888888888888889,0.07526754777507429,0.11906754859325719,1.0,0.2222222222222222,1.0,1.0,1.0,0.4666666666666667
2026-03-11,USO,target_best_entry,other,"baseline_ewmgauss_a0.18_cal(-0.011,0.700)",False,0.18,0.02,0.98,-0.10685175539414356,0.1384184884153872,757,1.4443440437316895,False,-0.23819148951970573,0.0,-0.12396180270827553,-0.23819148951970573,0.0,-0.23819148951970573,0.0,-0.04958472108331022,,95.28667177861882,82.86190912760102,108.7699966430664,82.86190912760102,108.7699966430664,103.37666669728736,,0.0781669865091265,0.13514982415329665,1.0,1.0,0.04314753299523353,0.08578987947156111,1.0,1.0,1.0,1.0,1.0,1.0
2026-03-11,USO,target_best_sale,other,"baseline_ewmgauss_a0.92_cal(+0.010,0.700)",False,0.92,0.02,0.98,-0.19065072108746217,0.10741563301619719,757,1.214771032333374,False,0.0,0.25,0.1682935028705937,0.0,0.36009341394130107,0.0,0.25,0.06731740114823748,,127.07528038535077,108.7699966430664,147.93735606865204,108.7699966430664,135.962495803833,116.09211013998014,,0.06074556882495015,0.1314892067218777,1.0,0.8333333333333334,0.09639216405514313,0.25528201247375404,0.8888888888888888,0.8888888888888888,1.0,1.0,0.9222222222222223,0.8888888888888888
2026-03-11,VALE3.SA,target_best_entry,equity_br,"baseline_qroll_a0.12_cal(+0.030,1.037)",False,0.12,0.02,0.98,-0.06761312319166979,0.11671421836805657,757,0.6917333602905273,False,-0.20314303846431864,0.0,-0.20314303846431864,-0.20314303846431864,-0.08089104265005945,-0.20314303846431864,-0.08089104265005945,-0.12979184097576313,,64.19479487586293,64.19479487586293,74.04341536019287,64.19479487586293,74.04341536019287,70.10396716646089,,0.03968053366026233,0.0720945715492417,0.9444444444444444,0.9444444444444444,0.013056473352066236,0.028689209426428938,0.9333333333333333,0.9333333333333333,1.0,1.0,0.9333333333333333,0.9333333333333333
2026-03-11,VALE3.SA,target_best_sale,equity_br,"baseline_qroll_a0.88_cal(-0.023,0.825)",False,0.88,0.02,0.98,-0.09251611340818315,0.10872062245014116,757,0.6152713298797607,False,0.0,0.3,0.2713542394821915,0.18516014145935655,0.3726455242471027,0.18516014145935655,0.3,0.21963778066849055,,102.42029442879316,95.47649810250837,110.58032008216124,95.47649810250837,104.72799682617188,98.2540166330223,,0.03498605786753869,0.059214444463386785,0.7777777777777778,0.7777777777777778,0.10995030650398736,0.14185630141474664,0.05555555555555555,0.0,1.0,1.0,0.12222222222222222,0.0
2026-03-11,VIVT3.SA,target_best_entry,equity_br,"baseline_qroll_a0.12_cal(+0.003,0.722)",False,0.12,0.02,0.98,-0.06609838100875266,0.06527014374720519,757,0.6405055522918701,False,-0.23057975973039255,0.0,-0.10699246586941585,-0.15848473706232022,-0.0561454119576734,-0.15848473706232022,-0.0561454119576734,-0.07648423352237038,,36.88121047828244,34.75457971730098,38.981193766044186,34.75457971730098,38.981193766044186,38.14120045093949,,0.017030613838609945,0.042759621882290384,1.0,1.0,0.018467965417772104,0.03810888096115959,0.9111111111111111,0.9111111111111111,1.0,1.0,1.0,1.0
2026-03-11,VIVT3.SA,target_best_sale,equity_br,"baseline_ewmgauss_a0.92_cal(+0.030,0.700)",False,0.92,0.02,0.98,-0.16951909946713328,0.11140132814590015,757,0.5218579769134521,False,0.0,0.3,0.20510342683007401,0.09750664305851513,0.27581182873910404,0.09750664305851513,0.27581182873910404,0.14054535656713868,,49.77077060866111,45.32702352098556,52.69102755355782,45.32702352098556,52.69102755355782,47.104522356055774,,0.04106124287841007,0.114955950008434,0.8333333333333334,0.8333333333333334,0.08127052806227018,0.13012861073669071,0.36666666666666664,0.36666666666666664,1.0,0.9555555555555556,0.6444444444444445,0.8666666666666667
2026-03-11,VULC3.SA,target_best_entry,equity_br,"baseline_qroll_a0.12_cal(+0.027,0.935)",False,0.12,0.02,0.98,-0.0767607654008129,0.08976184168021231,757,0.7848780155181885,False,-0.26,0.0,-0.26,-0.27319764885543013,-0.19096977495129047,-0.26,-0.19096977495129047,-0.21858186497077428,,12.676199378967285,12.450123665149674,13.85868707611921,12.676199378967285,13.85868707611921,13.38569199725844,,0.03704828093840942,0.08275737259182332,0.8777777777777778,0.8777777777777778,0.0305153422612333,0.05480216639395282,0.9555555555555556,0.9555555555555556,1.0,1.0,1.0,1.0
2026-03-11,VULC3.SA,target_best_sale,equity_br,"baseline_ewmgauss_a0.92_cal(-0.011,0.700)",False,0.92,0.02,0.98,-0.21918022151782882,0.18347603988378225,757,0.8599381446838379,False,0.0,0.26,0.19974644228666494,0.015068960021137306,0.3543401956241677,0.015068960021137306,0.26,0.08893995292734837,,20.551655549503284,17.38813043328231,23.199846414434468,17.38813043328231,21.583798942565917,18.6535404797707,,0.1287377882372809,0.2015106675483288,0.7444444444444445,0.43333333333333335,0.09315582689530498,0.1751264815258313,0.9222222222222223,0.9222222222222223,1.0,0.5666666666666667,1.0,1.0
2026-03-11,WEGE3.SA,target_best_entry,equity_br,"baseline_ewmgauss_a0.08_cal(-0.003,0.700)",False,0.08,0.02,0.98,-0.09184233366365975,0.1318749886923574,757,2.090129852294922,False,-0.25861073126430617,0.0,-0.13602802987000787,-0.25861073126430617,0.0,-0.25861073126430617,0.0,-0.05441121194800315,,40.77083608394938,34.986158573494166,47.189998626708984,34.986158573494166,47.189998626708984,44.62233360960514,,0.03195744579770707,0.1241651759885852,0.9444444444444444,0.9444444444444444,0.12011287832051527,0.14253727579297906,1.0,1.0,1.0,1.0,1.0,1.0
2026-03-11,WEGE3.SA,target_best_sale,equity_br,"baseline_qroll_a0.90_cal(-0.015,0.831)",False,0.9,0.02,0.98,-0.170317919316479,0.15906754859325717,757,0.500023365020752,False,0.0,0.26,0.26,0.16767949726797132,0.34622226077805335,0.16767949726797132,0.26,0.2046076983607828,,59.45939826965332,55.1027938725118,63.528226637361406,55.1027938725118,59.45939826965332,56.84543563136841,,0.04847339149580481,0.0904322243781483,0.9222222222222223,0.9222222222222223,0.07448334677936547,0.1566731527531759,0.5666666666666667,0.16666666666666666,1.0,1.0,0.5777777777777777,0.4222222222222222
2026-03-11,WIZC3.SA,target_best_entry,equity_br,"baseline_qroll_a0.18_cal(-0.002,0.907)",False,0.18,0.02,0.98,-0.10964440856329315,0.13634948825157417,757,0.5222551822662354,False,-0.16396436089240743,0.0,-0.16396436089240743,-0.22075506863606395,-0.09334166302977685,-0.16396436089240743,-0.09334166302977685,-0.12159074217482908,,8.117906087626952,7.566468313269654,8.803652486567138,8.117906087626952,8.803652486567138,8.529353926991064,,0.034603556574580335,0.06640162509236379,0.9666666666666667,0.9666666666666667,0.016338386593069888,0.04174964923120401,1.0,1.0,1.0,1.0,1.0,1.0
2026-03-11,WIZC3.SA,target_best_sale,equity_br,"baseline_qroll_a0.92_cal(+0.005,0.700)",False,0.92,0.02,0.98,-0.22237507931830597,0.15918035696753743,757,0.9727795124053955,False,0.0,0.3,0.2392345243359409,0.024694381683999622,0.39280648300995913,0.024694381683999622,0.3,0.11051043874477613,,12.03296727857503,9.949782485240625,13.524151003158053,9.949782485240625,12.623000049591065,10.783056402574388,,0.11929537938451702,0.17627308092396815,0.9444444444444444,0.34444444444444444,0.07360593703531422,0.11846054044764084,0.9666666666666667,0.9111111111111111,1.0,0.6333333333333333,1.0,1.0
2026-03-11,XPML11.SA,target_best_entry,equity_br,"baseline_qroll_a0.12_cal(-0.001,0.789)",False,0.12,0.02,0.98,-0.10586715604133014,0.036752550269386626,757,0.6778311729431152,False,-0.043788118607517884,0.0,-0.043788118607517884,-0.14824414705831618,0.0,-0.043788118607517884,0.0,-0.017515247443007153,,104.85819841525209,93.40354995280813,109.66000366210938,104.85819841525209,109.66000366210938,107.73928156336646,,0.008550084069695978,0.019403974085562273,0.9444444444444444,0.9444444444444444,0.28531401575011756,0.4629980798947968,0.35555555555555557,0.35555555555555557,1.0,1.0,0.35555555555555557,0.35555555555555557
2026-03-11,XPML11.SA,target_best_sale,equity_br,"baseline_ewmgauss_a0.82_cal(+0.008,0.700)",False,0.82,0.02,0.98,-0.0727306580311688,0.06810414876594598,757,1.2174346446990967,False,0.0,0.10586774995143935,0.10586774995143935,0.0,0.2768121291001786,0.0,0.10586774995143935,0.042347099980575745,,121.26946150948349,109.66000366210938,140.01522275295125,109.66000366210938,121.26946150948349,114.30378680105902,,0.04272214356404759,0.07241077191987524,0.8888888888888888,0.8666666666666667,0.1922892825666586,0.3326290584046114,0.4111111111111111,0.4111111111111111,1.0,1.0,0.4111111111111111,0.4111111111111111
2026-03-11,ZC=F,target_best_entry,future,"baseline_qroll_a0.12_cal(+0.014,0.867)",False,0.12,0.02,0.98,-0.07135830361039805,0.1258166145598762,757,12.877537965774536,False,-0.17781869464307948,0.0,-0.16200689709799454,-0.17781869464307948,0.0,-0.17781869464307948,0.0,-0.06480275883919782,,365.5744911409999,358.67659446195654,436.25,358.67659446195654,436.25,407.9797964563999,,0.02335068126229856,0.06847256634573405,0.8222222222222222,0.8222222222222222,0.012745378349631787,0.02959344981487213,1.0,1.0,1.0,1.0,1.0,1.0
2026-03-11,ZC=F,target_best_sale,future,"baseline_qroll_a0.88_cal(-0.019,0.870)",False,0.88,0.02,0.98,-0.09657669288673006,0.08696456581449373,757,1.0093574523925781,False,0.0,0.28,0.24388072372898467,0.1340189933765778,0.3428080880251669,0.1340189933765778,0.28,0.17796368551754055,,542.6429657267695,494.7157858605321,585.800028400979,494.7157858605321,558.4,513.8866578070271,,0.02440070587509807,0.06020081335315801,1.0,1.0,0.02298801005005656,0.06567404742250438,1.0,1.0,1.0,1.0,1.0,1.0
2026-03-11,ZS=F,target_best_entry,future,"baseline_qroll_a0.12_cal(+0.008,0.772)",False,0.12,0.02,0.98,-0.09035396400851768,0.12660495265146413,757,0.5374424457550049,False,-0.19797155686979026,0.0,-0.12521546642079526,-0.16655027723581503,-0.06729668196547825,-0.16655027723581503,-0.06729668196547825,-0.09046419574760506,,1038.587937491911,989.5131833517786,1107.352014336486,989.5131833517786,1107.352014336486,1079.8463835986558,,0.02251070844514547,0.04591735018362855,0.9666666666666667,0.9666666666666667,0.021202107728459367,0.04731461701591089,0.9111111111111111,0.9111111111111111,1.0,1.0,1.0,0.9888888888888889
2026-03-11,ZS=F,target_best_sale,future,"baseline_qroll_a0.88_cal(-0.006,0.763)",False,0.88,0.02,0.98,-0.11356831740150657,0.07313720609238532,757,0.5565316677093506,False,0.0,0.28,0.1757799704876205,0.12197977500136734,0.21042692198887186,0.12197977500136734,0.21042692198887186,0.1434998531958686,,1395.9447699614273,1332.0704878703734,1437.0793631312881,1332.0704878703734,1437.0793631312881,1357.620200706795,,0.017480995070572807,0.03849623816469861,0.9555555555555556,0.9555555555555556,0.04718551387833268,0.09213760556782412,0.5888888888888889,0.5888888888888889,1.0,1.0,1.0,1.0
2026-03-11,ZW=F,target_best_entry,future,"baseline_qroll_a0.18_cal(-0.001,0.700)",False,0.18,0.02,0.98,-0.12303001556566986,0.10176826304351284,757,0.6829948425292969,False,-0.2640319992452212,0.0,-0.11917001418124652,-0.22412830709117498,-0.03235036198219242,-0.22412830709117498,-0.03235036198219242,-0.06707822286181406,,515.0653342075161,453.6909724284354,565.833125830913,453.6909724284354,565.833125830913,545.5260091815542,,0.023263607828368435,0.05212488932349223,1.0,1.0,0.017009886376236245,0.03739909059311963,1.0,1.0,1.0,1.0,1.0,1.0
2026-03-11,ZW=F,target_best_sale,future,"baseline_qroll_a0.88_cal(-0.010,0.781)",False,0.88,0.02,0.98,-0.19034412920495755,0.13320119639681396,757,0.500023365020752,False,0.0,0.28,0.21570455788586332,0.09682202754766557,0.2988975375583671,0.09682202754766557,0.28,0.14437503968294468,,710.8832402237587,641.3666806084975,759.5303350872551,641.3666806084975,748.48,669.1733044546019,,0.028713769921990165,0.06752965878537336,0.9444444444444444,0.9444444444444444,0.03125465398562177,0.07012245373380313,0.9222222222222223,0.9222222222222223,1.0,1.0,1.0,0.9555555555555556
2026-03-11,^BSESN,target_best_entry,index,"baseline_qroll_a0.15_cal(+0.006,0.821)",False,0.15,0.02,0.98,-0.04018220642388754,0.04384931659087558,757,1.0156543254852295,False,-0.15497263483584064,0.0,-0.08853043249331462,-0.14777807949604505,-0.02387572430529622,-0.14777807949604505,-0.02387572430529622,-0.04973760758050358,,70058.93336516201,65504.9393522171,75028.53416607427,65504.9393522171,75028.53416607427,73040.69384570936,,0.02438846569269073,0.04839282418522461,0.9777777777777777,0.9777777777777777,0.017764238316206753,0.03962107322991522,0.8222222222222222,0.8222222222222222,1.0,1.0,1.0,0.9222222222222223
2026-03-11,^BSESN,target_best_sale,index,"baseline_qroll_a0.88_cal(-0.005,0.768)",False,0.88,0.02,0.98,-0.06244847081553645,0.058127208218957845,757,0.8600783348083496,False,0.0,0.15,0.13734555911862478,0.05937130652686723,0.20992420767363615,0.05937130652686723,0.15,0.09056100756357024,,87420.6002921433,81427.20988036283,92999.26455491009,81427.20988036283,88393.267578125,83824.56604507501,,0.03429726128654382,0.06267839428114293,0.9888888888888889,0.9888888888888889,0.01757307003608199,0.03155008293289134,0.9666666666666667,0.9666666666666667,1.0,1.0,1.0,1.0
2026-03-11,^BVSP,target_best_entry,index,"baseline_qroll_a0.12_cal(+0.030,1.193)",False,0.12,0.02,0.98,-0.04124744314649524,0.06209066160528249,757,0.6132268905639648,False,-0.11918514341709993,0.0,-0.11918514341709993,-0.11918514341709993,-0.06994768130526659,-0.11918514341709993,-0.06994768130526659,-0.08964266614999992,,161582.84299556326,161582.84299556326,170615.30770759276,161582.84299556326,170615.30770759276,167002.32182278097,,0.02245494159057657,0.04542938762128674,0.6888888888888889,0.6888888888888889,0.017659737143240213,0.03703086985752375,0.8,0.8,1.0,0.9111111111111111,0.8555555555555555,0.8555555555555555
2026-03-11,^BVSP,target_best_sale,index,"baseline_ewmgauss_a0.88_cal(-0.030,0.700)",False,0.88,0.02,0.98,-0.07112403420957134,0.09524335250403199,757,0.5625131130218506,False,0.0,0.15,0.0881241529603907,0.03638763278886895,0.15740536967974678,0.03638763278886895,0.15,0.05708224085747765,,199613.1114881248,190122.20207221966,212322.54285164052,190122.20207221966,210964.05,193918.56583858168,,0.020959934179272423,0.05498893097225985,0.9333333333333333,0.9333333333333333,0.11493791607399678,0.1749164740008822,0.0,0.0,1.0,1.0,0.26666666666666666,0.07777777777777778
2026-03-11,^FVX,target_best_entry,index,"baseline_ewmgauss_a0.18_cal(+0.009,0.768)",False,0.18,0.02,0.98,-0.10049119063197418,0.13698345907927637,757,0.6133086681365967,False,-0.18,0.0,-0.10538794190862971,-0.16890995246376972,-0.018798613244184942,-0.16890995246376972,-0.018798613244184942,-0.053434344709962854,,3.3834228617170234,3.143182613678091,3.7109037083412586,3.143182613678091,3.7109037083412586,3.5799113696915645,,0.048176304602388566,0.09335797589539901,0.9555555555555556,0.9555555555555556,0.07594890931632521,0.10412802622640471,0.2222222222222222,0.2222222222222222,1.0,1.0,0.9666666666666667,1.0
2026-03-11,^FVX,target_best_sale,index,"baseline_qroll_a0.82_cal(-0.022,0.912)",False,0.82,0.02,0.98,-0.08468522273667636,0.1252582896477817,757,0.6012406349182129,False,0.0,0.15,0.15,0.09752250452040402,0.22761969699498208,0.09752250452040402,0.15,0.11851350271224241,,4.349300074577331,4.150830183270342,4.6428577736459795,4.150830183270342,4.349300074577331,4.230218139793138,,0.029594203877008004,0.06804842938513528,0.9555555555555556,0.9555555555555556,0.018427270633391852,0.04501564451491252,0.9888888888888889,0.9888888888888889,0.9777777777777777,0.9555555555555556,1.0,1.0
2026-03-11,^GDAXI,target_best_entry,index,"baseline_ewmgauss_a0.18_cal(-0.015,0.700)",False,0.18,0.02,0.98,-0.1006227170461131,0.09350032149191806,757,25.0,False,-0.13964245592073007,0.0,-0.0826819528888434,-0.13964245592073007,0.0,-0.13964245592073007,0.0,-0.03307278115553736,,21986.857651850078,20621.592381114475,23968.630859375,20621.592381114475,23968.630859375,23175.92157636503,,0.07591717607423744,0.10253290818372642,0.8,0.8,0.049092198137449077,0.07907850171479615,1.0,1.0,1.0,0.8777777777777778,1.0,1.0
2026-03-11,^GDAXI,target_best_sale,index,"baseline_ewmgauss_a0.88_cal(+0.009,0.700)",False,0.88,0.02,0.98,-0.08926525454558487,0.08741912131360904,757,0.9124393463134766,False,0.0,0.15,0.09529407056073876,0.0,0.19712282533878625,0.0,0.15,0.038117628224295506,,26252.699259732584,23968.630859375,28693.39509387742,23968.630859375,27563.92548828125,24882.25821951803,,0.06024148396451211,0.09778178870249415,0.8777777777777778,0.6888888888888889,0.0402965160464099,0.0781942262862833,0.7666666666666667,0.7666666666666667,1.0,0.9222222222222223,1.0,1.0
2026-03-11,^HSI,target_best_entry,index,"baseline_ewmgauss_a0.18_cal(-0.014,0.700)",False,0.18,0.02,0.98,-0.08043237191196144,0.11693732413345732,757,1.4817163944244385,False,-0.18,0.0,-0.0971815560665495,-0.2285031715206825,0.0,-0.18,0.0,-0.038872622426619804,,23437.076875331437,20027.980819006185,25959.900390625,21287.1183203125,25959.900390625,24950.770984507573,,0.0872068526966597,0.11638542224400637,1.0,0.8555555555555555,0.05258762748915361,0.07144396873044816,1.0,1.0,1.0,1.0,1.0,1.0
2026-03-11,^HSI,target_best_sale,index,"baseline_qroll_a0.92_cal(-0.011,0.760)",False,0.92,0.02,0.98,-0.13255833509634293,0.19825861684132048,757,0.9153716564178467,False,0.0,0.15,0.13614449968655698,0.002440390142286142,0.33611677457203754,0.002440390142286142,0.15,0.055922033959994476,,29494.198041219497,26023.252675633008,34685.45837813325,26023.252675633008,29853.88544921875,27411.630821867602,,0.051611688817506295,0.1349696507026485,0.8888888888888888,0.6555555555555556,0.02701607261297998,0.05588860986090236,1.0,1.0,0.8888888888888888,0.9888888888888889,1.0,1.0
2026-03-11,^IRX,target_best_entry,index,"baseline_qroll_a0.08_cal(+0.030,1.300)",False,0.08,0.02,0.98,-0.07504290983781213,0.04594690504688322,757,0.5189023017883301,False,-0.0699599412683344,0.0,-0.0699599412683344,-0.0699599412683344,-0.05536058474667243,-0.0699599412683344,-0.05536058474667243,-0.06120032735533722,,3.3481441227384643,3.3481441227384643,3.4007018048241444,3.3481441227384643,3.4007018048241444,3.3796787319898725,,0.016326218157753966,0.040681153622094166,0.8666666666666667,0.8666666666666667,0.01631176377246784,0.043315489946388355,0.28888888888888886,0.28888888888888886,0.9666666666666667,0.8888888888888888,0.8777777777777778,0.5777777777777777
2026-03-11,^IRX,target_best_sale,index,"baseline_qroll_a0.88_cal(-0.030,1.300)",False,0.88,0.02,0.98,-0.040337109968331404,0.024974255783463937,757,1.9814825057983398,False,0.0,0.15,0.15,0.10105741815983467,0.15246354590651348,0.10105741815983467,0.15,0.1206344508959008,,4.139999890327453,3.9638066003703867,4.148868655355961,3.9638066003703867,4.139999890327453,4.034283916353213,,0.015438847757569523,0.026794167097819552,0.8555555555555555,0.8555555555555555,0.006304800967878362,0.021807590317042824,1.0,1.0,0.9666666666666667,0.9111111111111111,1.0,1.0
2026-03-11,^IXIC,target_best_entry,index,"baseline_qroll_a0.12_cal(+0.006,0.783)",False,0.12,0.02,0.98,-0.08178656770537407,0.12832374155836448,757,13.106573581695557,False,-0.18,0.0,-0.12098204285636101,-0.19196483049905405,0.0,-0.18,0.0,-0.048392817142544405,,19967.886942215388,18355.432649360748,22716.130859375,18627.2273046875,22716.130859375,21616.833292511157,,0.07893282901010339,0.14309078344398757,1.0,0.9777777777777777,0.015945361330581873,0.04254471482293749,1.0,1.0,1.0,1.0,1.0,1.0
2026-03-11,^IXIC,target_best_sale,index,"baseline_ewmgauss_a0.90_cal(+0.013,0.700)",False,0.9,0.02,0.98,-0.11985873894157081,0.10916133327143446,757,1.0350823402404785,False,0.0,0.15,0.13130257598693748,0.0,0.2521900221118646,0.0,0.15,0.052521030394774994,,25698.817357667303,22716.130859375,28444.912403096787,22716.130859375,26123.55048828125,23909.20545869192,,0.05736434827311007,0.19273876393602707,0.9444444444444444,0.43333333333333335,0.09028455391192103,0.1247130293581658,0.23333333333333334,0.23333333333333334,0.8888888888888888,0.6666666666666666,0.5666666666666667,0.9888888888888889
2026-03-11,^JKSE,target_best_entry,index,"baseline_qroll_a0.15_cal(+0.008,0.898)",False,0.15,0.02,0.98,-0.03924856522036791,0.08507075750814472,757,1.2698657512664795,False,-0.14509589728293992,0.0,-0.09905330139365565,-0.14509589728293992,0.0,-0.14509589728293992,0.0,-0.03962132055746226,,6657.454566867885,6317.227458263427,7389.39892578125,6317.227458263427,7389.39892578125,7096.621182215904,,0.04851274339673481,0.08972889287314093,1.0,1.0,0.024663725420911338,0.06702784548535688,0.8333333333333334,0.8333333333333334,1.0,1.0,0.9888888888888889,0.8888888888888888
2026-03-11,^JKSE,target_best_sale,index,"baseline_qroll_a0.88_cal(-0.008,0.793)",False,0.88,0.02,0.98,-0.04464232933380503,0.0745672947830004,757,0.8229513168334961,False,0.0,0.15,0.1317228527395812,0.07254385275232778,0.2305711432043696,0.07254385275232778,0.15,0.09621545274722915,,8362.751632315954,7925.454393381335,9093.181083691774,7925.454393381335,8497.808764648436,8100.373288955182,,0.020558932207644945,0.06921936454245703,0.9888888888888889,0.8666666666666667,0.016506662494524666,0.041312230425995924,0.9444444444444444,0.9444444444444444,0.9888888888888889,0.9666666666666667,1.0,0.9666666666666667
2026-03-11,^KS11,target_best_entry,index,"baseline_qroll_a0.12_cal(+0.010,0.834)",False,0.12,0.02,0.98,-0.054958323623917615,0.09910892262378755,757,1.0525009632110596,False,-0.18,0.0,-0.10181664707309848,-0.19991646110741074,0.0,-0.18,0.0,-0.0407266588292394,,4969.280096228697,4426.534061428698,5532.58984375,4536.723671875,5532.58984375,5307.265944741479,,0.0577524399989998,0.10427876717603782,1.0,1.0,0.019571513712505356,0.04790873066625771,0.9888888888888889,0.9888888888888889,1.0,1.0,1.0,0.9888888888888889
2026-03-11,^KS11,target_best_sale,index,"baseline_qroll_a0.88_cal(-0.005,0.726)",False,0.88,0.02,0.98,-0.05053264578532695,0.1447637311685517,757,1.50386643409729,False,0.0,0.15,0.124371498031894,0.0,0.4190675485932572,0.0,0.15,0.0497485992127576,,6220.68633061323,5532.58984375,7851.118706942264,5532.58984375,6362.4783203125,5807.828438495291,,0.10529035157489142,0.1722606712422127,1.0,0.12222222222222222,0.16509697325778216,0.2690675485932572,1.0,0.0,0.35555555555555557,0.18888888888888888,0.022222222222222223,0.0
2026-03-11,^MXX,target_best_entry,index,"baseline_qroll_a0.12_cal(+0.010,0.905)",False,0.12,0.02,0.98,-0.041973310828753274,0.06380536015231893,757,0.8443653583526611,False,-0.12269428140372622,0.0,-0.11307706071717309,-0.12269428140372622,-0.043480475046073636,-0.12269428140372622,-0.043480475046073636,-0.07131910931451342,,59776.776829100265,59128.59599034425,64467.443160374416,59128.59599034425,64467.443160374416,62591.176627864756,,0.018887163546484866,0.0577237379666816,1.0,1.0,0.010964013853440936,0.022285680075077495,1.0,1.0,1.0,1.0,1.0,1.0
2026-03-11,^MXX,target_best_sale,index,"baseline_ewmgauss_a0.88_cal(-0.006,0.700)",False,0.88,0.02,0.98,-0.06955360955505921,0.10445173289542764,757,0.6446411609649658,False,0.0,0.15,0.08336456821816904,0.025443299292129393,0.1703475005135478,0.025443299292129393,0.15,0.04861180686254525,,73016.53745848263,69112.76339548473,78879.00769289331,69112.76339548473,77507.62812499999,70674.27302068389,,0.04315500718215472,0.07636332653510187,0.9555555555555556,0.9333333333333333,0.03763697001842277,0.07854641044076728,0.8777777777777778,0.8777777777777778,1.0,1.0,1.0,0.9555555555555556
2026-03-11,^N225,target_best_entry,index,"baseline_qroll_a0.15_cal(+0.004,0.734)",False,0.15,0.02,0.98,-0.10647705913153933,0.15253005778497222,757,1.2440941333770752,False,-0.18,0.0,-0.10338435997894471,-0.2666732829775059,0.0,-0.18,0.0,-0.04135374399157789,,47277.39390952147,38667.378213739925,52728.71875,43237.549375,52728.71875,50548.188813808585,,0.0764722563190358,0.15245729213824866,1.0,0.9111111111111111,0.01522714757391485,0.03736170188973982,1.0,1.0,1.0,1.0,1.0,1.0
2026-03-11,^N225,target_best_sale,index,"baseline_qroll_a0.90_cal(-0.006,0.718)",False,0.9,0.02,0.98,-0.10034902326612997,0.11354648865791153,757,0.6631813049316406,False,0.0,0.15,0.1368216248635597,0.04765957206818475,0.2377098815394295,0.04765957206818475,0.15,0.08332439318633472,,59943.147726348645,55241.74692132867,65262.8562377884,55241.74692132867,60638.026562499996,57122.30724333666,,0.046308268840200485,0.1551926638185262,0.8111111111111111,0.23333333333333334,0.040885724473914926,0.08562291435474309,0.8555555555555555,0.26666666666666666,0.8666666666666667,0.6555555555555556,0.8888888888888888,0.6222222222222222
2026-03-11,^NDX,target_best_entry,index,"baseline_qroll_a0.18_cal(+0.002,0.763)",False,0.18,0.02,0.98,-0.08553872111686231,0.12111108353851885,757,13.209835290908813,False,-0.18,0.0,-0.08947218044048222,-0.193095269980452,0.0,-0.18,0.0,-0.035788872176192886,,22731.3359071766,20144.38446486702,24965.009765625,20471.308007812502,24965.009765625,24071.54022224564,,0.07226239715122319,0.1321232141436397,1.0,0.9777777777777777,0.016061944074228236,0.041444203254860514,1.0,1.0,1.0,1.0,1.0,1.0
2026-03-11,^NDX,target_best_sale,index,"baseline_ewmgauss_a0.90_cal(+0.018,0.700)",False,0.9,0.02,0.98,-0.13029779932704852,0.10008089273227584,757,0.9988198280334473,False,0.0,0.15,0.1323162021522351,0.0,0.24079575520288793,0.0,0.15,0.05292648086089405,,28268.28504450596,24965.009765625,30976.478145786143,24965.009765625,28709.761230468746,26286.319877177382,,0.0539591512500574,0.1719585090211325,0.9444444444444444,0.5,0.09053219713893408,0.12460607503935882,0.28888888888888886,0.28888888888888886,0.9333333333333333,0.7666666666666667,0.6,0.9888888888888889
2026-03-11,^RUT,target_best_entry,index,"baseline_qroll_a0.12_cal(+0.010,0.854)",False,0.12,0.02,0.98,-0.07236736793932846,0.13792194932861224,757,13.192007780075073,False,-0.18,0.0,-0.13523579274357073,-0.18089657286025743,0.0,-0.18,0.0,-0.05409431709742829,,2208.322345584822,2091.7197847914913,2553.669921875,2094.0093359375,2553.669921875,2415.530891358929,,0.07851942832451125,0.1491625765085091,1.0,1.0,0.025529696963615543,0.05178900976641708,1.0,1.0,1.0,1.0,1.0,1.0
2026-03-11,^RUT,target_best_sale,index,"baseline_qroll_a0.92_cal(-0.003,0.700)",False,0.92,0.02,0.98,-0.08517355379393553,0.10257741379650753,757,0.545853853225708,False,0.0,0.15,0.11896078298350081,0.0790234865203868,0.16705863029326437,0.0790234865203868,0.15,0.0949984051056324,,2857.4564952626656,2755.469822523806,2980.282521244545,2755.469822523806,2936.7204101562497,2796.2644916193503,,0.03601071473788476,0.1105920923038555,0.8666666666666667,0.6,0.032572428093658616,0.06815264333358512,0.7333333333333333,0.7333333333333333,0.9333333333333333,0.7888888888888889,1.0,0.9333333333333333
2026-03-11,^TNX,target_best_entry,index,"baseline_qroll_a0.15_cal(+0.030,1.116)",False,0.15,0.02,0.98,-0.07557466339296337,0.14240283084586522,757,0.6762773990631104,False,-0.18,0.0,-0.18,-0.19000970860353106,-0.07507459549207299,-0.18,-0.07507459549207299,-0.11704475729524379,,3.3915201282501224,3.3501199719003734,3.825491617705513,3.3915201282501224,3.825491617705513,3.651903021923357,,0.037915254109159996,0.07108587352346739,0.9777777777777777,0.9777777777777777,0.022521416123927798,0.05224030678228537,0.9666666666666667,0.9666666666666667,1.0,1.0,1.0,0.9888888888888889
2026-03-11,^TNX,target_best_sale,index,"baseline_qroll_a0.88_cal(-0.026,0.893)",False,0.88,0.02,0.98,-0.10965312842370563,0.1101288094172918,757,0.6873874664306641,False,0.0,0.15,0.15,0.06787794821888495,0.23247830152745724,0.06787794821888495,0.15,0.10072676893133096,,4.756400179862975,4.416743360852183,5.0975304478803585,4.416743360852183,4.756400179862975,4.5526060884565,,0.029089835272147615,0.05253112097190189,0.9777777777777777,0.9777777777777777,0.020082719039753175,0.06047282453403163,0.9111111111111111,0.9111111111111111,1.0,0.9888888888888889,0.9555555555555556,0.9444444444444444
2026-03-11,^TWII,target_best_entry,index,"baseline_ewmgauss_a0.18_cal(-0.019,0.700)",False,0.18,0.02,0.98,-0.1568019050000909,0.12922682141035566,757,13.15153956413269,False,-0.18,0.0,-0.10909872627555042,-0.23074159548576992,0.0,-0.18,0.0,-0.043639490510220175,,30392.376575907798,26242.628452464935,34114.19140625,27973.636953125002,34114.19140625,32625.465474113116,,0.10338392469125018,0.13877563532133427,1.0,0.7888888888888889,0.08673411219664083,0.11454127043597546,1.0,1.0,1.0,1.0,1.0,1.0
2026-03-11,^TWII,target_best_sale,index,"baseline_qroll_a0.92_cal(-0.008,0.739)",False,0.92,0.02,0.98,-0.08413086541983683,0.09428615416839559,757,0.500023365020752,False,0.0,0.15,0.12470067759118808,0.06728917085628916,0.1890422262966912,0.06728917085628916,0.15,0.09025377355024873,,38368.25419008486,36409.70706040931,40563.214097998956,36409.70706040931,39231.3201171875,37193.12591227952,,0.03399342208775673,0.11621072729380948,0.8444444444444444,0.5111111111111111,0.0635688490693654,0.13787088474755102,0.26666666666666666,0.23333333333333334,0.9111111111111111,0.8,0.4222222222222222,0.4444444444444444
2026-03-11,^TYX,target_best_entry,index,"baseline_qroll_a0.12_cal(+0.018,0.900)",False,0.12,0.02,0.98,-0.06963317360424577,0.12954342420326365,757,0.500023365020752,False,-0.18,0.0,-0.160818614305942,-0.1945290368229417,-0.09810477637274352,-0.18,-0.09810477637274352,-0.1231903115460229,,4.075903884675682,3.912172366754252,4.380504987622496,3.982739896774292,4.380504987622496,4.258664546443771,,0.01432969047374056,0.02989391405768852,1.0,1.0,0.019593810111292315,0.04091291442946913,0.9111111111111111,0.9111111111111111,1.0,1.0,0.9111111111111111,0.9111111111111111
2026-03-11,^TYX,target_best_sale,index,"baseline_qroll_a0.88_cal(-0.009,0.766)",False,0.88,0.02,0.98,-0.1080272859334731,0.12885614328131292,757,0.7207176685333252,False,0.0,0.15,0.15,0.07461996366889789,0.23991414232153138,0.07461996366889789,0.15,0.10477197820133874,,5.585549855232238,5.219429028261292,6.022262833169074,5.219429028261292,5.585549855232238,5.365877359049671,,0.03191466962332088,0.06911200721277894,1.0,0.9666666666666667,0.016351899072862826,0.04191478952259386,1.0,1.0,1.0,1.0,1.0,1.0
2026-03-11,^VIX,target_best_entry,index,"baseline_qroll_a0.12_cal(-0.030,0.700)",False,0.12,0.02,0.98,-0.29795422323898396,0.16652577577135383,757,1.063295602798462,False,-0.18,0.0,-0.18,-0.47795422323898396,0.0,-0.18,0.0,-0.072,,20.44260025024414,13.014601373967858,24.93000030517578,20.44260025024414,24.93000030517578,23.135040283203125,,0.14306152112022488,0.29795422323898396,0.9888888888888889,0.16666666666666666,0.08812855559299013,0.24893726247689285,0.9888888888888889,0.28888888888888886,0.5777777777777777,0.37777777777777777,0.8222222222222222,0.6333333333333333
2026-03-11,^VIX,target_best_sale,index,"baseline_qroll_a0.88_cal(-0.030,1.093)",False,0.88,0.02,0.98,-0.11511342639195643,0.2690675485932572,757,1.1319186687469482,False,0.0,0.15,0.15,0.0,0.4190675485932572,0.0,0.15,0.06,,28.669500350952145,24.93000030517578,35.37735441949495,24.93000030517578,28.669500350952145,26.425800323486328,,0.1355546157908696,0.2690675485932572,0.8,0.3,0.2395569914930091,0.2690675485932572,0.4888888888888889,0.044444444444444446,0.5777777777777777,0.4444444444444444,0.1,0.08888888888888889
2026-03-11,^VVIX,target_best_entry,index,"baseline_qroll_a0.12_cal(-0.008,0.700)",False,0.12,0.02,0.98,-0.29795422323898396,0.12363072283567879,757,1.239210844039917,False,-0.18,0.0,-0.18,-0.47795422323898396,0.0,-0.18,0.0,-0.072,,102.79520050048829,65.44365889339242,125.36000061035156,102.79520050048829,125.36000061035156,116.33408056640626,,0.09437889697238945,0.24205632755601525,0.9222222222222223,0.5777777777777777,0.060826287524134576,0.17039502608130772,1.0,0.5222222222222223,0.8111111111111111,0.7555555555555555,0.9555555555555556,0.7666666666666667
2026-03-11,^VVIX,target_best_sale,index,"baseline_qroll_a0.88_cal(-0.008,0.891)",False,0.88,0.02,0.98,-0.062165760677671225,0.2690675485932572,757,1.2010674476623535,False,0.0,0.15,0.15,0.054237446374729326,0.4190675485932572,0.054237446374729326,0.15,0.09254246782483759,,144.16400070190429,132.15920692099152,177.8943087577808,132.15920692099152,144.16400070190429,136.96112443335664,,0.1509686771728586,0.2690675485932572,0.8,0.1,0.17395828603605004,0.2690675485932572,0.7444444444444445,0.05555555555555555,0.37777777777777777,0.23333333333333334,0.15555555555555556,0.08888888888888889
2026-03-12,000001.SS,target_best_entry,other,"baseline_qroll_a0.12_cal(+0.012,0.846)",False,0.12,0.02,0.98,-0.054699111882551284,0.0731905743280975,757,1.1821184158325195,False,-0.21069876381275293,0.0,-0.1337374343079157,-0.20027975047835278,-0.04469996788444848,-0.20027975047835278,-0.04469996788444848,-0.08031495445383538,,3580.638367059959,3305.590154486506,3948.6687784017804,3305.590154486506,3948.6687784017804,3801.456613865052,,0.04604620093391611,0.07456330539747644,0.9666666666666667,0.9666666666666667,0.012021954514822658,0.025987499544423753,1.0,1.0,1.0,1.0,1.0,1.0
2026-03-12,000001.SS,target_best_sale,other,"baseline_qroll_a0.90_cal(-0.020,0.902)",False,0.9,0.02,0.98,-0.18728751061221455,0.10883232801728204,757,0.6557044982910156,False,0.0,0.25,0.24018577242587752,0.11380714462647229,0.3136240931664269,0.11380714462647229,0.25,0.1643585957462344,,5126.224928676455,4603.84732470668,5429.7773148354745,4603.84732470668,5166.7913818359375,4812.798366294591,,0.03353049676556499,0.07937515088624107,0.8666666666666667,0.8666666666666667,0.021471043928463662,0.04750568186397745,1.0,1.0,0.9666666666666667,0.9555555555555556,1.0,1.0
2026-03-12,399001.SZ,target_best_entry,other,"baseline_qroll_a0.12_cal(+0.013,0.826)",False,0.12,0.02,0.98,-0.07186327980024294,0.12572188710695215,757,1.2214884757995605,False,-0.25,0.0,-0.16838593402484298,-0.2485394695991347,-0.028160581401010853,-0.2485394695991347,-0.028160581401010853,-0.0842507224505437,,12029.638556037393,10870.184788481689,14058.055796045912,10870.184788481689,14058.055796045912,13246.688900042505,,0.06683472286150892,0.12439823516568181,1.0,1.0,0.02446905223655623,0.04681354194155966,1.0,1.0,1.0,1.0,1.0,1.0
2026-03-12,399001.SZ,target_best_sale,other,"baseline_qroll_a0.92_cal(-0.026,0.897)",False,0.92,0.02,0.98,-0.19576484077476167,0.16906754859325718,757,0.6991984844207764,False,0.0,0.25,0.25,0.12501397695895478,0.35794114224158546,0.12501397695895478,0.25,0.17500838617537287,,18081.7626953125,16273.788608225266,19643.175590571158,16273.788608225266,18081.7626953125,16996.97824306016,,0.05533277677077211,0.11795597123375452,0.8444444444444444,0.7555555555555555,0.05943901199379948,0.15956995365987767,0.8888888888888888,0.8888888888888888,0.9888888888888889,0.9555555555555556,1.0,1.0
2026-03-12,ABCB4.SA,target_best_entry,equity_br,"baseline_qroll_a0.12_cal(+0.005,0.765)",False,0.12,0.02,0.98,-0.06155882687238583,0.06776405829467114,757,0.6507277488708496,False,-0.22774668121246067,0.0,-0.15179045104649522,-0.2011726879801909,-0.09743040306778167,-0.2011726879801909,-0.09743040306778167,-0.11917442225926708,,22.715052303394135,21.39259596440167,24.170814425590166,21.39259596440167,24.170814425590166,23.588509576711754,,0.02119586154833516,0.05225174539033281,0.8555555555555555,0.8555555555555555,0.03516874227512464,0.055657096646487575,0.5,0.5,1.0,1.0,1.0,1.0
2026-03-12,ABCB4.SA,target_best_sale,equity_br,"baseline_ewmgauss_a0.85_cal(+0.005,0.700)",False,0.85,0.02,0.98,-0.14270920997051345,0.11241930028303064,757,0.5323021411895752,False,0.0,0.26,0.14797505606182262,0.054328607398152734,0.22174512482567987,0.054328607398152734,0.22174512482567987,0.0917871868636207,,30.742772789587526,28.234920830072536,32.71833528173751,28.234920830072536,32.71833528173751,29.23806161387853,,0.03810662287848065,0.06519248512072366,0.9333333333333333,0.9333333333333333,0.0892523283895639,0.1733562671376748,0.26666666666666666,0.26666666666666666,1.0,1.0,0.6888888888888889,0.37777777777777777
2026-03-12,ABEV3.SA,target_best_entry,equity_br,"baseline_qroll_a0.12_cal(+0.008,0.757)",False,0.12,0.02,0.98,-0.07713301416023993,0.08056948080618713,757,1.2578794956207275,False,-0.17704079873135736,0.0,-0.11365789153840739,-0.17704079873135736,-0.015402540172250317,-0.17704079873135736,-0.015402540172250317,-0.05470468071871315,,13.658531756148069,12.681801165976175,15.172646705707974,12.681801165976175,15.172646705707974,14.56700072588401,,0.036342153276402604,0.0796739384176747,0.9888888888888889,0.9888888888888889,0.02513873884200457,0.04384466816968414,1.0,1.0,1.0,1.0,1.0,1.0
2026-03-12,ABEV3.SA,target_best_sale,equity_br,"baseline_ewmgauss_a0.82_cal(+0.003,0.700)",False,0.82,0.02,0.98,-0.13272111903882716,0.22566136322865632,757,2.6282846927642822,False,0.0,0.3,0.1872038639110483,0.0,0.4190675485932572,0.0,0.3,0.07488154556441932,,18.29481136171632,15.40999984741211,21.867830707289567,15.40999984741211,20.032999801635743,16.563924453133794,,0.09074790118531292,0.1409271675555851,1.0,1.0,0.16502241983852503,0.24058302465679565,1.0,0.2111111111111111,1.0,1.0,1.0,0.7111111111111111
2026-03-12,AGRO3.SA,target_best_entry,equity_br,"baseline_qroll_a0.12_cal(+0.010,0.837)",False,0.12,0.02,0.98,-0.058626885411076475,0.07026279155248431,757,0.5537278652191162,False,-0.23179264294174212,0.0,-0.16818885108434484,-0.217123139718191,-0.10954238371803579,-0.217123139718191,-0.10954238371803579,-0.1330009706645594,,18.258255353320177,17.18414768047335,19.54554535675436,17.18414768047335,19.54554535675436,19.030629355380686,,0.02024488459793738,0.0593420383677962,0.9222222222222223,0.9222222222222223,0.014250428952128736,0.04245977023667514,0.8222222222222222,0.8222222222222222,1.0,1.0,1.0,0.9777777777777777
2026-03-12,AGRO3.SA,target_best_sale,equity_br,"baseline_qroll_a0.82_cal(+0.005,0.704)",False,0.82,0.02,0.98,-0.1254859096208628,0.10146172069761825,757,0.500023365020752,False,0.0,0.26,0.15683731192853748,0.06225599882029127,0.2333110993266359,0.06225599882029127,0.2333110993266359,0.10008852406358976,,25.392579879428226,23.316519984542406,27.071179571161352,23.316519984542406,27.071179571161352,24.146943942496733,,0.029878230679183156,0.060923486216093135,0.9888888888888889,0.9888888888888889,0.030062317732648457,0.0835831167206114,0.6222222222222222,0.6222222222222222,1.0,1.0,0.8888888888888888,0.8
2026-03-12,ALUP11.SA,target_best_entry,equity_br,"baseline_qroll_a0.12_cal(-0.004,0.729)",False,0.12,0.02,0.98,-0.04263056506453285,0.060343518501142855,757,0.8669359683990479,False,-0.15447867391449605,0.0,-0.09666135824384975,-0.1437305884576502,-0.03003491404960966,-0.1437305884576502,-0.03003491404960966,-0.0566854917273057,,31.562650902413047,29.918052063382614,33.8905787710623,29.918052063382614,33.8905787710623,32.9594076236026,,0.015475485361827405,0.035595775781637175,1.0,1.0,0.018706870807303228,0.04645433107016144,0.8444444444444444,0.8444444444444444,1.0,1.0,1.0,0.9888888888888889
2026-03-12,ALUP11.SA,target_best_sale,equity_br,"baseline_qroll_a0.82_cal(+0.009,0.700)",False,0.82,0.02,0.98,-0.09302710302504054,0.06771438800028318,757,0.837437629699707,False,0.0,0.2528596002100187,0.10460117427487692,0.00538306353374364,0.17682199411027172,0.00538306353374364,0.17682199411027172,0.04507030783019696,,38.594763512225335,35.128082859185476,41.11815885809382,35.128082859185476,41.11815885809382,36.51475512040142,,0.034237672350638834,0.0768641307058478,0.9444444444444444,0.9444444444444444,0.01964977951724443,0.04223995960318772,1.0,1.0,1.0,1.0,1.0,1.0
2026-03-12,ASAI3.SA,target_best_entry,equity_br,"baseline_qroll_a0.10_cal(-0.006,0.780)",False,0.1,0.02,0.98,-0.21202836822305238,0.14867366549088382,757,0.7220728397369385,False,-0.18475617958292614,0.0,-0.15394297767253298,-0.30308923341357974,-0.049362063707590456,-0.18475617958292614,-0.049362063707590456,-0.09119442929356747,,7.005351918949828,5.770420961240308,7.871281858653435,6.750218615359786,7.871281858653435,7.5249098827719925,,0.042770927160689365,0.08988434989185555,0.9888888888888889,0.9666666666666667,0.04964607989018763,0.10594584609951509,1.0,0.34444444444444444,1.0,1.0,0.9333333333333333,0.5222222222222223
2026-03-12,ASAI3.SA,target_best_sale,equity_br,"baseline_ewmgauss_a0.82_cal(+0.030,0.700)",False,0.82,0.02,0.98,-0.20398835587245157,0.23827696048795977,757,1.4155700206756592,False,0.0,0.3,0.2268556526192684,0.0,0.4190675485932572,0.0,0.3,0.09074226104770737,,10.15836447608174,8.279999732971191,11.749878923420253,8.279999732971191,10.76399965286255,9.03134563021541,,0.1329734262588816,0.22624843229862207,0.9666666666666667,0.4111111111111111,0.08867852360607456,0.19680541276696534,1.0,0.9777777777777777,1.0,0.6,1.0,1.0
2026-03-12,AXIA3.SA,target_best_entry,equity_br,"baseline_qroll_a0.08_cal(+0.030,1.049)",False,0.08,0.02,0.98,-0.07329605131850128,0.11369736875801723,757,0.500023365020752,False,-0.1891553741016255,0.0,-0.1891553741016255,-0.1891553741016255,-0.15546668016148182,-0.1891553741016255,-0.15546668016148182,-0.1689421577375393,,48.318231381009205,48.318231381009205,50.32574065804286,48.318231381009205,50.32574065804286,49.5227369472294,,0.02492102140764585,0.06523483550202214,0.7888888888888889,0.7888888888888889,0.0383113924558419,0.06494824164419322,0.4,0.4,0.9666666666666667,0.8555555555555555,0.8111111111111111,0.5555555555555556
2026-03-12,AXIA3.SA,target_best_sale,equity_br,"baseline_ewmgauss_a0.82_cal(-0.030,0.770)",False,0.82,0.02,0.98,-0.12095335003014525,0.15307433691389796,757,0.9061307907104492,False,0.0,0.3,0.20215988695688542,0.13721391040554032,0.28435324739994033,0.13721391040554032,0.28435324739994033,0.16319230102607835,,71.63670784719585,67.76657709459121,76.5346102085392,67.76657709459121,76.5346102085392,69.31462939563306,,0.04079519510749108,0.10077259184875702,0.9666666666666667,0.9666666666666667,0.11954422585490815,0.22235292471954937,0.5333333333333333,0.35555555555555557,1.0,1.0,1.0,0.7
2026-03-12,AXIA6.SA,target_best_entry,equity_br,"baseline_qroll_a0.12_cal(+0.010,0.860)",False,0.12,0.02,0.98,-0.07565957811247562,0.09185165829299298,757,0.5505034923553467,False,-0.2124970598989644,0.0,-0.20885815584093476,-0.2124970598989644,-0.14667551391285025,-0.2124970598989644,-0.14667551391285025,-0.17154857068408405,,52.159982026844496,51.9200690811881,56.25968362813975,51.9200690811881,56.25968362813975,54.619802987621654,,0.02312471498439793,0.069650608905971,0.7666666666666667,0.7666666666666667,0.013382533734221895,0.051081818279168634,0.9,0.9,0.9666666666666667,0.8777777777777778,0.9444444444444444,0.9
2026-03-12,AXIA6.SA,target_best_sale,equity_br,"baseline_qroll_a0.88_cal(-0.010,0.821)",False,0.88,0.02,0.98,-0.15529830447518822,0.10338096572997779,757,0.5643355846405029,False,0.0,0.3,0.3,0.1922229629633046,0.3717463993571759,0.1922229629633046,0.3,0.23533377777798276,,85.70900039672851,78.60326031200825,90.43924052824238,78.60326031200825,85.70900039672851,81.44555634589635,,0.05222997595015553,0.09581638248627677,0.7666666666666667,0.7666666666666667,0.04189948312774323,0.11906754859325719,0.6777777777777778,0.35555555555555557,1.0,1.0,0.9333333333333333,0.6444444444444445
2026-03-12,BBAS3.SA,target_best_entry,equity_br,"baseline_qroll_a0.08_cal(+0.030,1.187)",False,0.08,0.02,0.98,-0.1513743315426046,0.0607769203723649,757,25.0,False,-0.14201299668489792,0.0,-0.14201299668489792,-0.14201299668489792,0.0,-0.14201299668489792,0.0,-0.05680519867395917,,21.192279636475156,21.192279636475156,24.700000762939453,21.192279636475156,24.700000762939453,23.296912312353733,,0.11357503350597745,0.22308111957662996,0.0,0.0,0.033310436049703414,0.08063639697777845,1.0,1.0,0.8222222222222222,0.12222222222222222,1.0,1.0
2026-03-12,BBAS3.SA,target_best_sale,equity_br,"baseline_qroll_a0.92_cal(-0.030,0.919)",False,0.92,0.02,0.98,-0.15892517451778637,0.08077196084612526,757,0.5648496150970459,False,0.0,0.3,0.3,0.20134884320829566,0.34941781189576465,0.20134884320829566,0.3,0.2408093059249774,,32.11000099182129,29.673317343801333,33.330620983349476,29.673317343801333,32.11000099182129,30.647990803009314,,0.022979555554540995,0.04908136906915079,1.0,1.0,0.06541604316104636,0.11451984315857305,0.45555555555555555,0.45555555555555555,1.0,1.0,0.8888888888888888,0.6333333333333333
2026-03-12,BBDC4.SA,target_best_entry,equity_br,"baseline_qroll_a0.12_cal(+0.007,0.807)",False,0.12,0.02,0.98,-0.08522512609505262,0.15102705590867904,757,0.500023365020752,False,-0.19350536092183826,0.0,-0.1643130901873334,-0.19350536092183826,-0.06934546958100136,-0.19350536092183826,-0.06934546958100136,-0.10733251782353417,,16.33767844925912,15.766969578671484,18.194295359658366,15.766969578671484,18.194295359658366,17.451648595498668,,0.017862816948862208,0.04266345337252266,1.0,1.0,0.0229181761260964,0.05773428051339473,0.7444444444444445,0.7444444444444445,1.0,1.0,0.9777777777777777,0.9222222222222223
2026-03-12,BBDC4.SA,target_best_sale,equity_br,"baseline_qroll_a0.82_cal(+0.012,0.703)",False,0.82,0.02,0.98,-0.1928020476803967,0.16436736638160443,757,1.0718121528625488,False,0.0,0.3,0.1891192832647012,0.0,0.410665723233406,0.0,0.3,0.07564771330588049,,23.247281080598896,19.549999237060547,27.57851381296055,19.549999237060547,25.41499900817871,21.02891197447589,,0.09938054564034228,0.18899588171334814,1.0,0.5111111111111111,0.03915036898395124,0.09070907646202775,1.0,1.0,1.0,0.8333333333333334,1.0,1.0
2026-03-12,BBSE3.SA,target_best_entry,equity_br,"baseline_qroll_a0.18_cal(-0.005,0.833)",False,0.18,0.02,0.98,-0.06527396581450343,0.08387203979805061,757,13.25769853591919,False,-0.143266968970677,0.0,-0.10902515565675625,-0.143266968970677,0.0,-0.143266968970677,0.0,-0.043610062262702504,,30.881187968984854,29.694366724749248,34.65999984741211,29.694366724749248,34.65999984741211,33.14847509604121,,0.033648290406763245,0.07613436275662087,0.4777777777777778,0.4777777777777778,0.017590526530048542,0.035367482841012085,1.0,1.0,1.0,0.8555555555555555,1.0,1.0
2026-03-12,BBSE3.SA,target_best_sale,equity_br,"baseline_qroll_a0.88_cal(+0.000,0.737)",False,0.88,0.02,0.98,-0.0967209814539178,0.08153815120447297,757,0.5640435218811035,False,0.0,0.3,0.1399869354339718,0.06708315933727751,0.2014466004352156,0.06708315933727751,0.2014466004352156,0.09624466977595522,,39.51194700819326,36.985102139806074,41.64213898775837,36.985102139806074,41.64213898775837,37.99584008716094,,0.04740429091316199,0.07234998947755544,0.6555555555555556,0.6555555555555556,0.033940189596804365,0.062396663380524665,0.5444444444444444,0.5444444444444444,1.0,1.0,0.9777777777777777,0.8222222222222222
2026-03-12,BEEF3.SA,target_best_entry,equity_br,"baseline_ewmgauss_a0.18_cal(-0.026,0.700)",False,0.18,0.02,0.98,-0.14059995427847288,0.1777438913395611,757,0.9170539379119873,False,-0.3,0.0,-0.1942877971374914,-0.30817076658322673,-0.050319029505476814,-0.3,-0.050319029505476814,-0.10790653655828264,,3.609590684191779,3.0993949789027395,4.2545707659291905,3.13600001335144,4.2545707659291905,3.996578733234226,,0.10196899070188105,0.17112326095539046,0.9111111111111111,0.7888888888888889,0.046483230135085034,0.08783192115182782,0.8666666666666667,0.8666666666666667,1.0,0.9333333333333333,1.0,1.0
2026-03-12,BEEF3.SA,target_best_sale,equity_br,"baseline_ewmgauss_a0.82_cal(+0.006,0.700)",False,0.82,0.02,0.98,-0.17306274239223704,0.2501343484168305,757,1.1058316230773926,False,0.0,0.3,0.21591723575391425,0.04688430962710985,0.4190675485932572,0.04688430962710985,0.3,0.11449748007783161,,5.447309239369317,4.690041727097186,6.357422644764357,4.690041727097186,5.824000024795533,4.992948732006038,,0.09904753151160388,0.20708797728441009,0.9888888888888889,0.8555555555555555,0.12481896188202109,0.19283679812054128,0.7777777777777778,0.7777777777777778,1.0,0.9666666666666667,0.9666666666666667,1.0
2026-03-12,BRCO11.SA,target_best_entry,equity_br,"baseline_qroll_a0.12_cal(-0.005,0.728)",False,0.12,0.02,0.98,-0.09450328051366566,0.03885994082340982,757,0.9551272392272949,False,-0.04549019813266275,0.0,-0.04549019813266275,-0.14336464367993296,0.0,-0.04549019813266275,0.0,-0.0181960792530651,,116.20202124027672,104.28678644843441,121.73999786376953,116.20202124027672,121.73999786376953,119.5248072143724,,0.014219174931417852,0.025586118077449396,1.0,0.9555555555555556,0.011673718424581158,0.020596119392461042,1.0,1.0,1.0,1.0,1.0,1.0
2026-03-12,BRCO11.SA,target_best_sale,equity_br,"baseline_qroll_a0.82_cal(+0.011,0.700)",False,0.82,0.02,0.98,-0.06359444943913774,0.11139897268460504,757,0.7586507797241211,False,0.0,0.11408383200186926,0.0491926205727471,0.0,0.16800272050113768,0.0,0.11408383200186926,0.01967704822909884,,127.72870738720898,121.73999786376953,142.1926486986855,121.73999786376953,135.62856332796775,124.13548167314532,,0.03330117250550103,0.07524288906549803,0.6666666666666666,0.6666666666666666,0.014401040162286747,0.03293714674357266,1.0,1.0,0.8888888888888888,0.9555555555555556,1.0,1.0
2026-03-12,BRCR11.SA,target_best_entry,equity_br,"baseline_qroll_a0.12_cal(+0.000,0.833)",False,0.12,0.02,0.98,-0.06146395823129091,0.09940263822418816,757,0.6223275661468506,False,-0.16070363665070325,0.0,-0.11127241664538962,-0.1509750593101069,-0.047063284352052426,-0.1509750593101069,-0.047063284352052426,-0.0727469372693873,,42.587824167044126,40.68527360324858,45.664725668970405,40.68527360324858,45.664725668970405,44.433965068199896,,0.011716197560646515,0.03383288668608675,0.9,0.9,0.0447072716824294,0.07718661406420947,0.8444444444444444,0.8444444444444444,1.0,0.9555555555555556,1.0,1.0
2026-03-12,BRCR11.SA,target_best_sale,equity_br,"baseline_qroll_a0.88_cal(+0.004,0.700)",False,0.88,0.02,0.98,-0.1329527290831397,0.07243106522479266,757,0.6533679962158203,False,0.0,0.18271370234289602,0.08500124938181074,0.0,0.13412172704384207,0.0,0.13412172704384207,0.034000499752724296,,51.99325788367974,47.91999816894531,54.347111083302,47.91999816894531,54.347111083302,49.54930205483909,,0.04993272580407159,0.08681846733397482,0.6,0.6,0.06396322413552595,0.11437217744902387,0.35555555555555557,0.2777777777777778,1.0,0.9888888888888889,0.9222222222222223,0.37777777777777777
2026-03-12,BRKM5.SA,target_best_entry,equity_br,"baseline_ewmgauss_a0.18_cal(-0.026,0.700)",False,0.18,0.02,0.98,-0.17620839548983758,0.19590885567560645,757,0.6667211055755615,False,-0.3,0.0,-0.2486514294404833,-0.38803359427397704,-0.08477297451338017,-0.3,-0.08477297451338017,-0.15032435648422143,,9.046236760874907,7.3680755015966515,11.019333351945763,8.42799997329712,11.019333351945763,10.23009471551742,,0.053242569762849606,0.15108376405659169,0.9333333333333333,0.8222222222222222,0.16359403416669302,0.2384495827308235,0.3333333333333333,0.28888888888888886,0.9777777777777777,1.0,0.6333333333333333,1.0
2026-03-12,BRKM5.SA,target_best_sale,equity_br,"baseline_ewmgauss_a0.85_cal(-0.001,0.700)",False,0.85,0.02,0.98,-0.2300406829987404,0.19435002167911286,757,0.6349563598632812,False,0.0,0.3,0.21694922846551415,0.03368735775644224,0.3717781399474798,0.03368735775644224,0.3,0.10699210604007102,,14.652068664301861,12.445595747955522,16.516208752638473,12.445595747955522,15.651999950408936,13.328184914494056,,0.07046470435993481,0.15472220123777936,0.9666666666666667,0.9666666666666667,0.17736269680141498,0.23122114606950983,0.15555555555555556,0.12222222222222222,1.0,0.9888888888888889,1.0,0.4666666666666667
2026-03-12,BRL=X,target_best_entry,fx,"baseline_ewmgauss_a0.12_cal(+0.001,0.700)",False,0.12,0.02,0.98,-0.04110852972117311,0.0582970623077054,757,1.6585195064544678,False,-0.11862978215593084,0.0,-0.04785915404460194,-0.11373351409316865,0.0,-0.11373351409316865,0.0,-0.019143661617840778,,4.992550747327003,4.647138525083609,5.243500232696533,4.647138525083609,5.243500232696533,5.1431204385487215,,0.01087545214055756,0.02999986220954405,1.0,1.0,0.01889886295759788,0.03788727192694782,1.0,1.0,1.0,1.0,1.0,1.0
2026-03-12,BRL=X,target_best_sale,fx,"baseline_qroll_a0.88_cal(-0.005,0.769)",False,0.88,0.02,0.98,-0.06115266465843013,0.05872852126941972,757,0.8256382942199707,False,0.0,0.15,0.10930534510001824,0.060522278794454785,0.15615460936537925,0.060522278794454785,0.15,0.08003550531668016,,5.816642835163454,5.560848815638582,6.062296963240535,5.560848815638582,6.030025267601013,5.66316642344853,,0.02601955828109441,0.05464179552950007,1.0,1.0,0.014498722357272236,0.03024292335898092,0.9777777777777777,0.9777777777777777,1.0,1.0,1.0,1.0
2026-03-12,BRSR6.SA,target_best_entry,equity_br,"baseline_qroll_a0.12_cal(+0.009,0.879)",False,0.12,0.02,0.98,-0.08569106794747929,0.12355356138824193,757,0.500023365020752,False,-0.21972679113493837,0.0,-0.21972679113493837,-0.21972679113493837,-0.1493339102108554,-0.21972679113493837,-0.1493339102108554,-0.17749106258048858,,14.247788972466392,14.247788972466392,15.533162994251796,14.247788972466392,15.533162994251796,15.019013385537633,,0.02780865918277969,0.058379965160405056,0.8555555555555555,0.8555555555555555,0.012723327723941568,0.029667409597280474,1.0,1.0,1.0,0.9666666666666667,1.0,1.0
2026-03-12,BRSR6.SA,target_best_sale,equity_br,"baseline_ewmgauss_a0.82_cal(-0.005,0.700)",False,0.82,0.02,0.98,-0.18353987488740578,0.1530080079085914,757,0.5083062648773193,False,0.0,0.3,0.21097537308101375,0.10467395291910857,0.2995935469073018,0.10467395291910857,0.2995935469073018,0.14719452098387065,,22.11241058962958,20.171346633142726,23.730578463980688,20.171346633142726,23.730578463980688,20.947772215737466,,0.08045295904361448,0.14449024532245744,0.5222222222222223,0.5222222222222223,0.20217259924971936,0.24635058820999134,0.0,0.0,1.0,0.9444444444444444,0.3111111111111111,0.022222222222222223
2026-03-12,BTC-USD,target_best_entry,crypto,"baseline_qroll_a0.12_cal(+0.001,0.749)",False,0.12,0.02,0.98,-0.09885195648896668,0.16029846450420165,757,0.8462462425231934,False,-0.257899975080186,0.0,-0.257899975080186,-0.38358565206257267,-0.05408791362952167,-0.257899975080186,-0.05408791362952167,-0.1356127382097874,,52165.3472837503,43330.36983028922,66492.15850753347,52165.3472837503,66492.15850753347,60761.434018020205,,0.06501435572921675,0.1565808780712269,0.9555555555555556,0.9555555555555556,0.06435702973019168,0.14594313559379507,0.6777777777777778,0.07777777777777778,1.0,1.0,0.9222222222222223,0.4777777777777778
2026-03-12,BTC-USD,target_best_sale,crypto,"baseline_ewmgauss_a0.82_cal(+0.004,0.859)",False,0.82,0.02,0.98,-0.3144905671712174,0.12361651965443282,757,0.8227293491363525,False,0.0,0.35,0.2577994072402298,0.0,0.4106043027703846,0.0,0.35,0.10311976289609193,,88416.03650272293,70294.2265625,99157.33844897876,70294.2265625,94897.20585937501,77542.95053858917,,0.09091220714339282,0.1824497882880216,0.9888888888888889,0.7555555555555555,0.20539143304201793,0.26426047065870406,0.6444444444444445,0.6444444444444445,1.0,1.0,1.0,1.0
2026-03-12,BTLG11.SA,target_best_entry,equity_br,"baseline_qroll_a0.12_cal(+0.001,0.826)",False,0.12,0.02,0.98,-0.03490731710689914,0.06408638259761654,757,0.8493187427520752,False,-0.1504941220262601,0.0,-0.08300808419495072,-0.11066118102767533,-0.03223973272858524,-0.11066118102767533,-0.03223973272858524,-0.052547073315131435,,95.01870483431271,92.15329086455431,100.27932155269696,92.15329086455431,100.27932155269696,98.17507486534326,,0.008484426709273032,0.015952212775851897,1.0,1.0,0.003467821242577015,0.009432579845811622,1.0,1.0,1.0,1.0,1.0,1.0
2026-03-12,BTLG11.SA,target_best_sale,equity_br,"baseline_qroll_a0.88_cal(+0.003,0.703)",False,0.88,0.02,0.98,-0.054337214350759444,0.04766759418472619,757,0.993994951248169,False,0.0,0.09077063257507341,0.08160327001421025,0.031225592314496592,0.12579734078599097,0.031225592314496592,0.09077063257507341,0.05137666339438206,,112.07573380958456,106.85559870797383,116.65512354433912,106.85559870797383,113.02565594332013,108.9436527486181,,0.02542508097599737,0.04532362486324116,0.45555555555555555,0.4222222222222222,0.02399205696586392,0.04178625691968968,0.9222222222222223,0.9222222222222223,0.9666666666666667,1.0,1.0,1.0
2026-03-12,BZ=F,target_best_entry,future,"baseline_ewmgauss_a0.18_cal(-0.017,0.700)",False,0.18,0.02,0.98,-0.10686233206616853,0.15737799858192605,757,1.4942634105682373,False,-0.23821860351640023,0.0,-0.1406706829182583,-0.23821860351640023,0.0,-0.23821860351640023,0.0,-0.05626827316730332,,85.03922843166968,75.38588629858533,98.95999908447266,75.38588629858533,98.95999908447266,93.39169082335147,,0.08017675839343993,0.1429872326634052,1.0,1.0,0.051595692067060564,0.09179378421033488,1.0,1.0,1.0,1.0,1.0,1.0
2026-03-12,BZ=F,target_best_sale,future,"baseline_qroll_a0.92_cal(-0.012,0.756)",False,0.92,0.02,0.98,-0.09182334274986034,0.12431360244738504,757,1.2170374393463135,False,0.0,0.28,0.2258920580675118,0.06278754578380011,0.4190675485932572,0.06278754578380011,0.28,0.12802935069728477,,121.31427694402328,105.1734545577538,140.4309233095936,105.1734545577538,126.668798828125,111.62978351226158,,0.06097008553400255,0.1585933788290584,0.9555555555555556,0.8777777777777778,0.05799622633945818,0.2274801004591618,0.8777777777777778,0.8777777777777778,1.0,1.0,0.8888888888888888,0.8777777777777778
2026-03-12,CL=F,target_best_entry,future,"baseline_qroll_a0.15_cal(+0.022,0.898)",False,0.15,0.02,0.98,-0.12717055714877848,0.14761523516583538,757,0.7789199352264404,False,-0.24183359166547608,0.0,-0.18324420028412078,-0.24183359166547608,0.0,-0.24183359166547608,0.0,-0.07329768011364832,,68.15826899374923,63.26898446177576,83.44999694824219,63.26898446177576,83.44999694824219,77.33330576644501,,0.0736531941334199,0.15450288866248246,0.9333333333333333,0.9333333333333333,0.019119611943089535,0.048286816770517216,1.0,1.0,1.0,1.0,1.0,1.0
2026-03-12,CL=F,target_best_sale,future,"baseline_qroll_a0.90_cal(-0.016,0.790)",False,0.9,0.02,0.98,-0.11188510844012936,0.14783014297491795,757,1.2849478721618652,False,0.0,0.28,0.2430751011226911,0.010779685182452148,0.4190675485932572,0.010779685182452148,0.28,0.10369785155854773,,103.73461339512441,84.34956164382083,118.42118259945683,84.34956164382083,106.81599609375,92.10358234434227,,0.06669405842375116,0.1597688044953223,1.0,0.6444444444444445,0.06048550607772928,0.22560825424673317,0.8777777777777778,0.8777777777777778,1.0,0.9444444444444444,0.9111111111111111,0.8777777777777778
2026-03-12,CMIG4.SA,target_best_entry,equity_br,"baseline_ewmgauss_a0.15_cal(+0.021,0.700)",False,0.15,0.02,0.98,-0.09172396910633375,0.08369102341267351,757,0.6522347927093506,False,-0.19659135369697597,0.0,-0.04165415926612773,-0.1102991882240773,0.0,-0.1102991882240773,0.0,-0.016661663706451092,,11.193479712235568,10.391705753057916,11.680000305175781,10.391705753057916,11.680000305175781,11.485392067999697,,0.035237114032783665,0.057041319533518896,0.8444444444444444,0.8444444444444444,0.01964896335054397,0.04366803092701896,0.9666666666666667,0.9666666666666667,1.0,1.0,1.0,1.0
2026-03-12,CMIG4.SA,target_best_sale,equity_br,"baseline_ewmgauss_a0.82_cal(+0.030,0.700)",False,0.82,0.02,0.98,-0.15467499647620672,0.08643186704801646,757,0.8092126846313477,False,0.0,0.22,0.15600409679933075,0.012387349036303286,0.2362566517132853,0.012387349036303286,0.22,0.06983404814151428,,13.502128203400638,11.824684545700123,14.439478069286762,11.824684545700123,14.249600372314452,12.495662008780329,,0.05351344536426494,0.10212232143364498,0.9888888888888889,0.9111111111111111,0.036291809615656936,0.09495259899403931,0.9444444444444444,0.9444444444444444,1.0,1.0,1.0,1.0
2026-03-12,COPX,target_best_entry,other,"baseline_ewmgauss_a0.18_cal(-0.010,0.700)",False,0.18,0.02,0.98,-0.1150493019061227,0.14550682267000858,757,1.686861276626587,False,-0.25,0.0,-0.12392171510587131,-0.33336593253194097,0.0,-0.25,0.0,-0.04956868604234853,,72.09248286601147,54.8573180222683,82.29000091552734,61.71750068664551,82.29000091552734,78.210993695721,,0.12053704599131379,0.1486017645222804,1.0,0.8888888888888888,0.08149271241753056,0.12467485614596324,1.0,1.0,1.0,1.0,1.0,1.0
2026-03-12,COPX,target_best_sale,other,"baseline_ewmgauss_a0.92_cal(+0.005,0.700)",False,0.92,0.02,0.98,-0.20691917894033912,0.20153811736104807,757,0.9285612106323242,False,0.0,0.25,0.25,0.0,0.4190675485932572,0.0,0.25,0.1,,102.86250114440918,82.29000091552734,116.77506987293427,82.29000091552734,102.86250114440918,90.51900100708009,,0.06337513465395672,0.23263885251755365,0.9444444444444444,0.7444444444444445,0.12511183759922653,0.16906754859325718,1.0,0.044444444444444446,1.0,0.8888888888888888,1.0,0.16666666666666666
2026-03-12,CPFE3.SA,target_best_entry,equity_br,"baseline_ewmgauss_a0.18_cal(-0.007,0.700)",False,0.18,0.02,0.98,-0.04449301542464736,0.08791427613405577,757,0.6803312301635742,False,-0.20000404067757438,0.0,-0.06486072421985274,-0.101486235861742,0.0,-0.101486235861742,0.0,-0.0259442896879411,,45.58803969428217,43.802546001740076,48.75,43.802546001740076,48.75,47.485215877712875,,0.01979740652050391,0.040573223399349115,1.0,1.0,0.04574393229969058,0.06432505712782324,0.5444444444444444,0.5444444444444444,1.0,1.0,1.0,1.0
2026-03-12,CPFE3.SA,target_best_sale,equity_br,"baseline_qroll_a0.88_cal(+0.003,0.700)",False,0.88,0.02,0.98,-0.10164014395020529,0.10173702709505371,757,0.5507605075836182,False,0.0,0.3,0.17522005108933178,0.10748717522564534,0.2430174897701126,0.10748717522564534,0.2430174897701126,0.13458032557111993,,57.29197749060493,53.98999979225022,60.59710262629299,53.98999979225022,60.59710262629299,55.3107908715921,,0.03716052912697794,0.05582735488518571,0.9888888888888889,0.9888888888888889,0.1053156604733921,0.15855360904564786,0.1111111111111111,0.044444444444444446,1.0,1.0,0.2222222222222222,0.25555555555555554
2026-03-12,CPTS11.SA,target_best_entry,equity_br,"baseline_qroll_a0.12_cal(-0.004,0.700)",False,0.12,0.02,0.98,-0.16377939444745918,0.04435283129749741,757,0.8485944271087646,False,-0.04857885662885241,0.0,-0.026507122274195914,-0.10652611009984916,0.0,-0.04857885662885241,0.0,-0.010602848909678365,,7.953436885291431,7.2996817486508805,8.170000076293945,7.773110813929948,8.170000076293945,8.08337479989294,,0.009746168022703157,0.025724890412858633,0.9888888888888889,0.9444444444444444,0.007536470959123348,0.014468773657137182,1.0,1.0,1.0,1.0,1.0,1.0
2026-03-12,CPTS11.SA,target_best_sale,equity_br,"baseline_qroll_a0.82_cal(-0.000,1.300)",False,0.82,0.02,0.98,-0.19927458338052706,0.19906754859325718,757,13.07311487197876,False,0.0,0.22,0.22,0.0,0.24654911128389087,0.0,0.22,0.08800000000000001,,9.967400093078613,8.170000076293945,10.184306334293538,8.170000076293945,9.967400093078613,8.888960083007813,,0.11038685298773407,0.1906210614384645,1.0,1.0,0.03512320130748001,0.06833370172519247,1.0,1.0,1.0,1.0,1.0,1.0
2026-03-12,CSAN3.SA,target_best_entry,equity_br,"baseline_qroll_a0.18_cal(+0.015,0.927)",False,0.18,0.02,0.98,-0.14772460693237735,0.10190874867109459,757,25.0,False,-0.24103419710642224,0.0,-0.21186161647330196,-0.24103419710642224,0.0,-0.24103419710642224,0.0,-0.0847446465893208,,4.815525628575952,4.637281157012627,6.110000133514404,4.637281157012627,6.110000133514404,5.5922103315390235,,0.07046593061837704,0.13753722822121603,0.4222222222222222,0.4222222222222222,0.043113899503260396,0.09906847374865707,0.8,0.8,1.0,0.7444444444444445,1.0,0.9555555555555556
2026-03-12,CSAN3.SA,target_best_sale,equity_br,"baseline_qroll_a0.88_cal(-0.021,0.833)",False,0.88,0.02,0.98,-0.15957261561221295,0.10629394505004237,757,0.6304352283477783,False,0.0,0.3,0.2430139060581766,0.13884009000756503,0.31240579912488053,0.13884009000756503,0.3,0.18050961642780966,,7.594815131975721,6.958313101997779,8.018799607878098,6.958313101997779,7.943000173568726,7.212913913988956,,0.05722837037426816,0.12161165654695846,0.7777777777777778,0.7777777777777778,0.11240980684061892,0.2983125150203705,0.5111111111111111,0.5111111111111111,0.9888888888888889,1.0,0.5666666666666667,0.8111111111111111
2026-03-12,CSMG3.SA,target_best_entry,equity_br,"baseline_ewmgauss_a0.18_cal(-0.019,0.700)",False,0.18,0.02,0.98,-0.08062127887468525,0.11623362630024305,757,1.167456865310669,False,-0.26,0.0,-0.1031931737289938,-0.20746453924413077,0.0,-0.20746453924413077,0.0,-0.04127726949159752,,47.898452454292574,42.32931883803966,53.40999984741211,42.32931883803966,53.40999984741211,51.2053808901643,,0.08922137743864676,0.11546034149288473,0.9888888888888889,0.9888888888888889,0.08447782463459028,0.1028356153748648,0.9111111111111111,0.9111111111111111,1.0,1.0,1.0,1.0
2026-03-12,CSMG3.SA,target_best_sale,equity_br,"baseline_ewmgauss_a0.92_cal(+0.007,0.700)",False,0.92,0.02,0.98,-0.22582327888804896,0.19557813594997348,757,0.8667840957641602,False,0.0,0.26,0.26,0.0431526208308429,0.4190675485932572,0.0431526208308429,0.26,0.12989157249850575,,67.29659980773926,55.71478131940286,75.79239755383334,55.71478131940286,67.29659980773926,60.347508714737415,,0.12222902754549396,0.207467581716514,0.9222222222222223,0.2222222222222222,0.11727176942573811,0.15906754859325717,0.6111111111111112,0.0,1.0,0.4222222222222222,0.6333333333333333,0.1111111111111111
2026-03-12,CSNA3.SA,target_best_entry,equity_br,"baseline_ewmgauss_a0.18_cal(-0.030,0.700)",False,0.18,0.02,0.98,-0.13156232726247874,0.20689105006273367,757,0.5391948223114014,False,-0.3,0.0,-0.18676851852368656,-0.2708467322010471,-0.05454959022513675,-0.2708467322010471,-0.05454959022513675,-0.10743716154455668,,5.798340555993072,5.198862882851504,6.741061529892988,5.198862882851504,6.741061529892988,6.363973140333022,,0.03751087477509829,0.09355428511402729,0.9666666666666667,0.9666666666666667,0.14100814950453688,0.19509231219055526,0.15555555555555556,0.15555555555555556,1.0,1.0,0.43333333333333335,0.8555555555555555
2026-03-12,CSNA3.SA,target_best_sale,equity_br,"baseline_qroll_a0.85_cal(-0.024,0.922)",False,0.85,0.02,0.98,-0.26350178729855306,0.172339054163142,757,0.607163667678833,False,0.0,0.3,0.3,0.11037501619969411,0.4190675485932572,0.11037501619969411,0.3,0.18622500971981648,,9.269000148773193,7.916973992576155,10.117951783869316,7.916973992576155,9.269000148773193,8.45778445505497,,0.07722827528991262,0.16036391610243447,0.9666666666666667,0.9666666666666667,0.057902443698313606,0.12539777248872241,0.8111111111111111,0.6555555555555556,1.0,1.0,0.9777777777777777,0.8222222222222222
2026-03-12,CURY3.SA,target_best_entry,equity_br,"baseline_qroll_a0.18_cal(-0.027,0.700)",False,0.18,0.02,0.98,-0.19079551246082313,0.07231833844832279,757,0.8457438945770264,False,-0.08213542742141774,0.0,-0.08087928608561094,-0.2739063210990558,-0.0077151205990411,-0.08213542742141774,-0.0077151205990411,-0.03698078679366904,,34.283201927773256,27.083293669039705,37.01222524460248,34.23634785690602,37.01222524460248,35.92061591787079,,0.03134761156208648,0.06709167553556059,0.9555555555555556,0.9555555555555556,0.03178699656904018,0.06624338903414642,0.7666666666666667,0.2777777777777778,0.9666666666666667,1.0,0.6666666666666666,0.7111111111111111
2026-03-12,CURY3.SA,target_best_sale,equity_br,"baseline_ewmgauss_a0.82_cal(+0.009,0.700)",False,0.82,0.02,0.98,-0.18406802980175915,0.21702762592400965,757,0.8785367012023926,False,0.0,0.3,0.20909689862934477,0.015655516974158207,0.4190675485932572,0.015655516974158207,0.3,0.09303206963623284,,45.099313396406835,37.883950008252434,52.93121847986587,37.883950008252434,48.489999008178714,40.770095363514194,,0.07204315883461286,0.13097491742821343,1.0,0.9,0.03458339728048057,0.08005668786689404,1.0,0.9666666666666667,1.0,1.0,1.0,1.0
2026-03-12,CXSE3.SA,target_best_entry,equity_br,"baseline_qroll_a0.08_cal(-0.000,0.700)",False,0.08,0.02,0.98,-0.06642383278309953,0.07396850817766917,757,0.7952520847320557,False,-0.1611328302512272,0.0,-0.06627156441466894,-0.13359938984299852,0.0,-0.13359938984299852,0.0,-0.02650862576586758,,16.853797549936964,15.638530352322668,18.049999237060547,15.638530352322668,18.049999237060547,17.571518562211114,,0.022835639812019,0.07374182645880747,0.9333333333333333,0.9333333333333333,0.010894459043285435,0.023603327529787263,1.0,1.0,1.0,0.9555555555555556,1.0,1.0
2026-03-12,CXSE3.SA,target_best_sale,equity_br,"baseline_qroll_a0.88_cal(+0.005,0.777)",False,0.88,0.02,0.98,-0.09276735618399355,0.22378933692738773,757,0.8778941631317139,False,0.0,0.1232957929252581,0.12183693531068036,0.018035542478774008,0.3722444690547514,0.018035542478774008,0.1232957929252581,0.05955609961153655,,20.249155826464122,18.375540765042388,24.769011619498816,18.375540765042388,20.27548820529423,19.124986789611082,,0.046543334273898264,0.08696390277094714,0.9222222222222223,0.8888888888888888,0.0650945710942958,0.11257184356049359,1.0,0.0,1.0,1.0,0.5666666666666667,0.1
2026-03-12,CYRE3.SA,target_best_entry,equity_br,"baseline_qroll_a0.12_cal(+0.011,0.765)",False,0.12,0.02,0.98,-0.10244076677817311,0.146882508713945,757,0.6526203155517578,False,-0.3,0.0,-0.20698444392513524,-0.264786923563859,-0.12410559123549038,-0.264786923563859,-0.12410559123549038,-0.15725713231134833,,22.62473435933646,20.975629575553857,24.98926808348042,20.975629575553857,24.98926808348042,24.043454593822837,,0.024103634471306448,0.061489710116419516,0.9333333333333333,0.9333333333333333,0.06033014887898596,0.1181088160767011,0.5666666666666667,0.5666666666666667,1.0,0.9777777777777777,0.9666666666666667,0.8111111111111111
2026-03-12,CYRE3.SA,target_best_sale,equity_br,"baseline_qroll_a0.82_cal(-0.015,0.854)",False,0.82,0.02,0.98,-0.22019530011864344,0.18594451926238248,757,0.7584755420684814,False,0.0,0.3,0.3,0.15560149859967293,0.4190675485932572,0.15560149859967293,0.3,0.21336089915980375,,37.08900089263916,32.96931154853725,40.48599813576198,32.96931154853725,37.08900089263916,34.61718728617801,,0.09353770160274127,0.15274812627728648,0.8444444444444444,0.8444444444444444,0.07718743451783887,0.20329197217185174,0.8,0.5777777777777777,1.0,1.0,0.9666666666666667,1.0
2026-03-12,DIRR3.SA,target_best_entry,equity_br,"baseline_qroll_a0.18_cal(+0.003,0.794)",False,0.18,0.02,0.98,-0.0913711650058875,0.12532596638677446,757,0.5020911693572998,False,-0.22,0.0,-0.16726748379324252,-0.2224974737613416,-0.0915132579842811,-0.22,-0.0915132579842811,-0.12181494830786567,,12.282804614049672,11.468162262020211,13.400179444731853,11.505,13.400179444731853,12.953229512458982,,0.021592004413318763,0.05263745891000566,0.9888888888888889,0.9888888888888889,0.04964298935443694,0.09480917972018567,0.4444444444444444,0.43333333333333335,1.0,1.0,0.9333333333333333,0.6
2026-03-12,DIRR3.SA,target_best_sale,equity_br,"baseline_ewmgauss_a0.88_cal(+0.006,0.700)",False,0.88,0.02,0.98,-0.2071486909998981,0.19906754859325718,757,0.6723170280456543,False,0.0,0.22,0.22,0.052336115799451965,0.3811230959477473,0.052336115799451965,0.22,0.11940166947967118,,17.995,15.521957708041917,20.37156566522927,15.521957708041917,17.995,16.51117462482515,,0.06486171565466521,0.142578405328281,0.8555555555555555,0.4666666666666667,0.09074025534562917,0.1961507357307658,0.6666666666666666,0.3888888888888889,0.9222222222222223,0.6333333333333333,0.6666666666666666,0.7666666666666667
2026-03-12,ECOR3.SA,target_best_entry,equity_br,"baseline_qroll_a0.08_cal(+0.004,0.745)",False,0.08,0.02,0.98,-0.1597755979190676,0.2720429807393984,757,0.66748046875,False,-0.3,0.0,-0.22702131315030458,-0.35099615946400364,-0.015934719407928094,-0.3,-0.015934719407928094,-0.10036935690487869,,7.552002124363086,6.340767819127065,9.614318241853878,6.83900032043457,9.614318241853878,8.789391794857561,,0.03785354194310457,0.10438798180842196,0.9444444444444444,0.9444444444444444,0.04272523377988815,0.07532850744843896,0.9888888888888889,0.9888888888888889,1.0,1.0,1.0,1.0
2026-03-12,ECOR3.SA,target_best_sale,equity_br,"baseline_ewmgauss_a0.90_cal(+0.009,0.700)",False,0.9,0.02,0.98,-0.2507875166052902,0.18481908804858274,757,0.7967708110809326,False,0.0,0.3,0.3,0.06771353996621346,0.4190675485932572,0.06771353996621346,0.3,0.16062812397972806,,12.701000595092774,10.431561774230376,13.864290599353694,10.431561774230376,12.701000595092774,11.339337302575334,,0.07870029387963859,0.15146331079222888,0.8111111111111111,0.7,0.10991642734148242,0.15582250798371738,0.26666666666666666,0.2222222222222222,1.0,0.8111111111111111,0.7444444444444445,0.3333333333333333
2026-03-12,EGIE3.SA,target_best_entry,equity_br,"baseline_qroll_a0.12_cal(+0.005,0.744)",False,0.12,0.02,0.98,-0.06222718758447883,0.06800059664374283,757,0.5361106395721436,False,-0.18459950449207155,0.0,-0.10814656704238947,-0.14474139879080494,-0.06815648409687117,-0.14474139879080494,-0.06815648409687117,-0.0841525172750785,,28.869294672235615,27.684720007626904,30.163773614468028,27.684720007626904,30.163773614468028,29.64598203757506,,0.011642244407797929,0.03285885140371561,0.9666666666666667,0.9666666666666667,0.012689890212730582,0.02841151490949069,0.9444444444444444,0.9444444444444444,1.0,1.0,1.0,1.0
2026-03-12,EGIE3.SA,target_best_sale,equity_br,"baseline_qroll_a0.88_cal(-0.000,0.727)",False,0.88,0.02,0.98,-0.08807145689281407,0.09117489219448835,757,0.7006354331970215,False,0.0,0.3,0.16355335545415267,0.09586523840068335,0.23362664585865733,0.09586523840068335,0.23362664585865733,0.12294048522207107,,37.66422087324185,35.473156596519765,39.932493208789325,35.473156596519765,39.932493208789325,36.3495823072086,,0.04644999211834203,0.13270867991133337,0.7111111111111111,0.7111111111111111,0.026102338512670985,0.08310982658308638,0.8777777777777778,0.8777777777777778,0.9444444444444444,0.8222222222222222,0.9777777777777777,0.9111111111111111
2026-03-12,ENGI11.SA,target_best_entry,equity_br,"baseline_qroll_a0.12_cal(+0.000,0.707)",False,0.12,0.02,0.98,-0.0694046890304203,0.08274967716345184,757,0.6098506450653076,False,-0.24230777967938608,0.0,-0.11068138152470904,-0.15675700491824915,-0.05574643384056773,-0.15675700491824915,-0.05574643384056773,-0.07772041291422425,,48.29000030471204,45.78809398959572,51.27296792204887,45.78809398959572,51.27296792204887,50.07978087511414,,0.0159606281681364,0.03155359186930584,0.9777777777777777,0.9777777777777777,0.01950985486427531,0.03617155100344424,0.9888888888888889,0.9888888888888889,1.0,1.0,1.0,1.0
2026-03-12,ENGI11.SA,target_best_sale,equity_br,"baseline_qroll_a0.88_cal(+0.000,0.706)",False,0.88,0.02,0.98,-0.10490490712099487,0.11374339939850249,757,1.1283555030822754,False,0.0,0.3,0.1566150200825119,0.02776019831529336,0.29632617239102366,0.02776019831529336,0.29632617239102366,0.07930212702218079,,62.80419470805316,55.807377984401626,70.39051017181421,55.807377984401626,70.39051017181421,58.60610467386224,,0.05395324220719817,0.10961215501350087,0.9444444444444444,0.9444444444444444,0.023852878303483784,0.07094230154906499,1.0,1.0,1.0,1.0,1.0,1.0
2026-03-12,EQTL3.SA,target_best_entry,equity_br,"baseline_qroll_a0.12_cal(+0.011,0.826)",False,0.12,0.02,0.98,-0.070318001157894,0.1309586610287589,757,0.9099392890930176,False,-0.2945197313681878,0.0,-0.12985926177955817,-0.2005806963055349,0.0,-0.2005806963055349,0.0,-0.051943704711823274,,36.023827890055685,33.09596039276791,41.400001525878906,33.09596039276791,41.400001525878906,39.249532071549616,,0.021386175889947803,0.05002368821535478,0.9666666666666667,0.9666666666666667,0.017583843376305995,0.034559117751092217,1.0,1.0,1.0,1.0,1.0,1.0
2026-03-12,EQTL3.SA,target_best_sale,equity_br,"baseline_qroll_a0.82_cal(+0.003,0.758)",False,0.82,0.02,0.98,-0.1194429075676561,0.10233446762374082,757,1.0891139507293701,False,0.0,0.3,0.1667987615356092,0.023016332955693136,0.2899864717312929,0.023016332955693136,0.2899864717312929,0.08052930438765957,,48.30547050796784,42.352877745364744,53.405441898038674,42.352877745364744,53.405441898038674,44.73391485040598,,0.07093548296349769,0.11801432572109953,0.8333333333333334,0.8333333333333334,0.04903211667863883,0.07881300125963112,1.0,1.0,1.0,1.0,1.0,1.0
2026-03-12,FLRY3.SA,target_best_entry,equity_br,"baseline_qroll_a0.18_cal(-0.004,0.812)",False,0.18,0.02,0.98,-0.0908747554372189,0.08378650873659794,757,0.7850532531738281,False,-0.21090254361614907,0.0,-0.138421290162875,-0.1944854042005583,-0.08673018675326857,-0.1944854042005583,-0.08673018675326857,-0.10740662811711114,,14.017886003449458,13.105722842392236,14.858900279586063,13.105722842392236,14.858900279586063,14.522494569131421,,0.01960869770712947,0.04414576180294596,1.0,1.0,0.038683261291957774,0.09944012696591369,0.7666666666666667,0.7666666666666667,1.0,1.0,0.9333333333333333,1.0
2026-03-12,FLRY3.SA,target_best_sale,equity_br,"baseline_qroll_a0.88_cal(-0.006,0.766)",False,0.88,0.02,0.98,-0.13160593063747028,0.1104698957219169,757,0.8815624713897705,False,0.0,0.3,0.16772898633952418,0.07655495767976749,0.24426038116196033,0.07655495767976749,0.24426038116196033,0.11302456914367018,,18.998951142287968,17.51554965425757,20.244116971082295,17.51554965425757,20.244116971082295,18.108910249469726,,0.03832343274819872,0.0843849824796146,1.0,1.0,0.06315289904905644,0.1647505964357191,0.6222222222222222,0.6222222222222222,1.0,1.0,0.9333333333333333,0.8888888888888888
2026-03-12,GC=F,target_best_entry,future,"baseline_qroll_a0.12_cal(+0.006,0.741)",False,0.12,0.02,0.98,-0.037692396401648474,0.0388433675920338,757,0.763195276260376,False,-0.16856024157329885,0.0,-0.07181988124969381,-0.1172845378620952,-0.024966920498069617,-0.1172845378620952,-0.024966920498069617,-0.0437081047987193,,4814.563184612302,4578.733459858207,5057.5941819025375,4578.733459858207,5057.5941819025375,4960.381782986443,,0.018011522299233362,0.03846963603372112,0.9222222222222223,0.9222222222222223,0.019198041045960165,0.05777261214174311,0.9,0.9,1.0,0.9777777777777777,0.9,0.9
2026-03-12,GC=F,target_best_sale,future,"baseline_ewmgauss_a0.82_cal(+0.003,0.700)",False,0.82,0.02,0.98,-0.08186679886421888,0.12262586063914616,757,1.0002100467681885,False,0.0,0.28,0.17676084581998078,0.04734617458702994,0.37060726047695824,0.04734617458702994,0.28,0.09911204308021028,,6103.9762982708735,5432.689444480282,7109.477054668396,5432.689444480282,6639.488125,5701.204185996519,,0.05054575148217463,0.08808422417039538,1.0,1.0,0.11517737646355333,0.24942704874000404,0.5444444444444444,0.5,1.0,1.0,0.8888888888888888,0.5444444444444444
2026-03-12,GGBR4.SA,target_best_entry,equity_br,"baseline_qroll_a0.15_cal(+0.012,0.844)",False,0.15,0.02,0.98,-0.09663709172227916,0.13525841557972748,757,0.8767960071563721,False,-0.2428278005118161,0.0,-0.19541764100531672,-0.2428278005118161,-0.05818499692106088,-0.2428278005118161,-0.05818499692106088,-0.11307805455476322,,15.005887312426381,14.1216627168143,17.565348838885562,14.1216627168143,17.565348838885562,16.54156422830189,,0.08275409479678682,0.1535916158916621,0.7666666666666667,0.7666666666666667,0.012790667540358533,0.028342859278333778,1.0,1.0,1.0,1.0,1.0,1.0
2026-03-12,GGBR4.SA,target_best_sale,equity_br,"baseline_qroll_a0.92_cal(-0.030,0.925)",False,0.92,0.02,0.98,-0.12344845836216946,0.08628132690486437,757,0.8079392910003662,False,0.0,0.3,0.3,0.18458587283388855,0.3806659246099624,0.18458587283388855,0.3,0.23075152370033314,,24.245688819885256,22.09315419474048,25.750151055624848,22.09315419474048,24.245688819885256,22.95416804479839,,0.046598362393663294,0.13383613133999847,0.8,0.8,0.047078612973404335,0.09765541003774562,0.5777777777777777,0.5333333333333333,0.9666666666666667,0.9222222222222223,1.0,0.9111111111111111
2026-03-12,GLD,target_best_entry,other,"baseline_qroll_a0.12_cal(+0.005,0.737)",False,0.12,0.02,0.98,-0.0360933076972399,0.03746056374687471,757,0.8093411922454834,False,-0.170391519038448,0.0,-0.07044296774439493,-0.11733162788291454,-0.02177811117712397,-0.11733162788291454,-0.02177811117712397,-0.04124405380403236,,442.69223196370393,420.3619769172325,465.8683827800583,420.3619769172325,465.8683827800583,456.59792245351656,,0.014584264279689016,0.032105431535526655,0.9444444444444444,0.9444444444444444,0.01894695115415658,0.058773222959269567,0.9,0.9,1.0,1.0,0.9111111111111111,0.9
2026-03-12,GLD,target_best_sale,other,"baseline_ewmgauss_a0.82_cal(+0.003,0.700)",False,0.82,0.02,0.98,-0.0803920486159819,0.13066738161178534,757,0.943152666091919,False,0.0,0.25,0.17371543246491558,0.05201150689804422,0.37153018603169113,0.05201150689804422,0.25,0.10069307712479277,,558.9702260950265,501.0099497715747,653.177522401883,501.0099497715747,595.2999877929688,524.1940603009555,,0.050696885030200284,0.09024539723957117,0.9777777777777777,0.9777777777777777,0.11264491852524319,0.23571338912639872,0.6444444444444445,0.4666666666666667,1.0,1.0,0.7666666666666667,0.4888888888888889
2026-03-12,GOAU4.SA,target_best_entry,equity_br,"baseline_qroll_a0.12_cal(+0.027,0.930)",False,0.12,0.02,0.98,-0.10055834478728808,0.13093574386328327,757,0.7608003616333008,False,-0.26640204633481757,0.0,-0.2621058960281864,-0.26640204633481757,-0.13234190985892105,-0.26640204633481757,-0.13234190985892105,-0.18424750432662718,,6.205689301809248,6.16955867838602,7.297004405692356,6.16955867838602,7.297004405692356,6.860478364139113,,0.07748714787362425,0.14173468166931436,0.6,0.6,0.012598334699240968,0.03241908935220858,1.0,1.0,1.0,1.0,1.0,1.0
2026-03-12,GOAU4.SA,target_best_sale,equity_br,"baseline_qroll_a0.92_cal(-0.030,0.908)",False,0.92,0.02,0.98,-0.1303882469041248,0.09364265571732776,757,0.7723894119262695,False,0.0,0.3,0.3,0.16881021940764748,0.3942183037914041,0.16881021940764748,0.3,0.2212861316445885,,10.932999801635743,9.82969376687203,11.725375722144877,9.82969376687203,10.932999801635743,10.271016180777513,,0.04147775077974203,0.13297247369341686,0.8888888888888888,0.8888888888888888,0.048732764269723165,0.09328714101194478,0.6222222222222222,0.5,0.9444444444444444,0.9444444444444444,1.0,0.8666666666666667
2026-03-12,GRND3.SA,target_best_entry,equity_br,"baseline_qroll_a0.12_cal(+0.026,0.983)",False,0.12,0.02,0.98,-0.05444741123413363,0.0914642852346677,757,0.5520455837249756,False,-0.1654188072747986,0.0,-0.1654188072747986,-0.1654188072747986,-0.1128956559406597,-0.1654188072747986,-0.1128956559406597,-0.13390491647431524,,3.755615367263406,3.755615367263406,3.991969548267031,3.755615367263406,3.991969548267031,3.8974278758655814,,0.01867661904781217,0.036198263628266975,0.9333333333333333,0.9333333333333333,0.04585786913856538,0.10594599147536318,0.5666666666666667,0.5666666666666667,1.0,1.0,0.9777777777777777,1.0
2026-03-12,GRND3.SA,target_best_sale,equity_br,"baseline_qroll_a0.88_cal(-0.023,0.897)",False,0.88,0.02,0.98,-0.10857145174499676,0.08344553010459613,757,0.5600714683532715,False,0.0,0.22,0.22,0.15674667137912562,0.2686150590492801,0.15674667137912562,0.22,0.18204800282747538,,5.49,5.205360021206065,5.708767765721761,5.205360021206065,5.49,5.319216012723639,,0.01543248012981225,0.038595096382204146,1.0,1.0,0.08539898470439135,0.21436229141206845,0.23333333333333334,0.15555555555555556,1.0,1.0,0.5555555555555556,0.35555555555555557
2026-03-12,HE=F,target_best_entry,future,"baseline_qroll_a0.18_cal(+0.005,0.776)",False,0.18,0.02,0.98,-0.1582541010401575,0.11630651022167895,757,0.579254150390625,False,-0.28,0.0,-0.189511998751676,-0.26951821100306816,-0.13071261673342977,-0.26951821100306816,-0.13071261673342977,-0.15423236954072828,,70.41114510844815,63.460605419108454,75.51934142128329,63.460605419108454,75.51934142128329,73.47606289614923,,0.0401473458324904,0.09015605897532386,0.9222222222222223,0.9222222222222223,0.08588859365821358,0.1619826797161194,0.4444444444444444,0.4444444444444444,1.0,1.0,1.0,1.0
2026-03-12,HE=F,target_best_sale,future,"baseline_ewmgauss_a0.92_cal(+0.022,0.700)",False,0.92,0.02,0.98,-0.23846399270044855,0.11095822974745334,757,1.0057358741760254,False,0.0,0.28,0.19504712730266968,0.0,0.2924435584076658,0.0,0.28,0.07801885092106788,,103.81971918441943,86.875,112.28103413666598,86.875,111.2,93.65288767376778,,0.07237253918047347,0.11947064694400654,0.7444444444444445,0.6777777777777778,0.10381373655594586,0.19681614172283415,0.9888888888888889,0.9888888888888889,1.0,1.0,0.9888888888888889,1.0
2026-03-12,HG=F,target_best_entry,future,"baseline_ewmgauss_a0.18_cal(-0.017,0.700)",False,0.18,0.02,0.98,-0.09096590103354708,0.10716393470141458,757,12.944151639938354,False,-0.18837255054196791,0.0,-0.09970812625774651,-0.18837255054196791,0.0,-0.18837255054196791,0.0,-0.039883250503098606,,5.22214293808644,4.707844952466829,5.80049991607666,4.707844952466829,5.80049991607666,5.569157124880572,,0.04893456561467251,0.1000587103722043,0.8888888888888888,0.8888888888888888,0.0934598365332619,0.10847754483626057,1.0,1.0,1.0,1.0,1.0,1.0
2026-03-12,HG=F,target_best_sale,future,"baseline_qroll_a0.92_cal(-0.021,0.843)",False,0.92,0.02,0.98,-0.16605259492799046,0.12098376298874015,757,0.9142618179321289,False,0.0,0.26,0.23320164290312762,0.15135860217260325,0.292831418916646,0.15135860217260325,0.26,0.184095818464813,,7.153186026165191,6.678455475276325,7.499068536927274,6.678455475276325,7.308629894256592,6.868347695631871,,0.06932059793397906,0.1747497962741704,0.9,0.5111111111111111,0.055980643472423125,0.11026306358921276,0.5777777777777777,0.4666666666666667,1.0,0.9555555555555556,0.9888888888888889,0.7111111111111111
2026-03-12,HGBS11.SA,target_best_entry,equity_br,"baseline_qroll_a0.12_cal(-0.001,0.802)",False,0.12,0.02,0.98,-0.03332154376185927,0.056159235201930655,757,0.9273579120635986,False,-0.12973200935327978,0.0,-0.10120899397796894,-0.11709906619146748,-0.07442829290387995,-0.11709906619146748,-0.07442829290387995,-0.08514057333351555,,18.389263160343013,18.06415229740263,18.93719627980041,18.06415229740263,18.93719627980041,18.718023032017452,,0.014713208355921551,0.03317175274915529,0.8888888888888888,0.8888888888888888,0.012041343619265543,0.021753833401376498,1.0,1.0,1.0,1.0,1.0,1.0
2026-03-12,HGBS11.SA,target_best_sale,equity_br,"baseline_ewmgauss_a0.82_cal(-0.000,0.700)",False,0.82,0.02,0.98,-0.10028391172539067,0.09177464746299287,757,0.7981259822845459,False,0.0,0.25437361233509737,0.07203237902142488,0.030874205808711752,0.10969820967989513,0.030874205808711752,0.10969820967989513,0.047337475093797,,21.933781493303396,21.091685307052717,22.7044243540916,21.091685307052717,22.7044243540916,21.42852378155299,,0.0341180114774861,0.06812999740980413,1.0,1.0,0.034079234091080095,0.050252867789099286,1.0,1.0,1.0,1.0,1.0,1.0
2026-03-12,HGLG11.SA,target_best_entry,equity_br,"baseline_qroll_a0.12_cal(+0.001,0.762)",False,0.12,0.02,0.98,-0.025404695402040676,0.0359506122680219,757,0.9684219360351562,False,-0.12029579631292683,0.0,-0.07285592702836126,-0.08392703596589371,-0.05718901433795011,-0.08392703596589371,-0.05718901433795011,-0.06345577941411457,,146.4887635295189,144.7395283173888,148.96413573460387,144.7395283173888,148.96413573460387,147.97398685256988,,0.009119989948069009,0.017395282427494857,0.9777777777777777,0.9777777777777777,0.006193047095132304,0.01342234936727298,1.0,1.0,1.0,1.0,1.0,1.0
2026-03-12,HGLG11.SA,target_best_sale,equity_br,"baseline_qroll_a0.88_cal(+0.001,0.718)",False,0.88,0.02,0.98,-0.04787549401906247,0.038365466170590494,757,1.199852466583252,False,0.0,0.2737010341415944,0.08896686435993573,0.063117276045487,0.10968166900731542,0.063117276045487,0.10968166900731542,0.0734571113712665,,172.05676456886985,167.97252961518694,175.32970370315584,167.97252961518694,175.32970370315584,169.6062235966601,,0.02635063181824643,0.052363169456964787,0.7111111111111111,0.7111111111111111,0.015107554413478962,0.03604206020850846,1.0,1.0,1.0,1.0,1.0,1.0
2026-03-12,HGRE11.SA,target_best_entry,equity_br,"baseline_qroll_a0.12_cal(+0.002,0.774)",False,0.12,0.02,0.98,-0.05084338253567778,0.07596039748817877,757,0.5798966884613037,False,-0.17016256973397892,0.0,-0.09700521584193315,-0.12502726049100318,-0.05514006950787097,-0.12502726049100318,-0.05514006950787097,-0.07188612804149584,,116.74818958120942,113.12521961666742,122.16093406966327,113.12521961666742,122.16093406966327,119.99583627428173,,0.013634124057047968,0.03863270291716404,0.9111111111111111,0.9111111111111111,0.020819436858827332,0.04150492092853538,0.8888888888888888,0.8888888888888888,1.0,0.9444444444444444,0.9444444444444444,0.9444444444444444
2026-03-12,HGRE11.SA,target_best_sale,equity_br,"baseline_ewmgauss_a0.82_cal(+0.004,0.700)",False,0.82,0.02,0.98,-0.10930856532411518,0.17850914664749462,757,0.8244583606719971,False,0.0,0.2701424722130547,0.10545321898515929,0.01980118573943998,0.24532946123552807,0.01980118573943998,0.24532946123552807,0.05406199903772771,,142.92403926072515,131.85008845744247,161.00863768216482,131.85008845744247,161.00863768216482,136.27966877875556,,0.03354195319477638,0.07776576261384158,1.0,1.0,0.015366145961701013,0.04278738340732822,1.0,1.0,1.0,1.0,1.0,1.0
2026-03-12,HO=F,target_best_entry,future,"baseline_qroll_a0.12_cal(+0.023,0.925)",False,0.12,0.02,0.98,-0.10635147624644975,0.12621427824804268,757,12.89212942123413,False,-0.22,0.0,-0.21129005405548246,-0.22343189525795867,0.0,-0.22,0.0,-0.08451602162219299,,2.901506232782264,2.8568388260789694,3.678800106048584,2.8694640827178954,3.678800106048584,3.3678825567420563,,0.06271977291826479,0.11053496708097899,1.0,1.0,0.034196915801176495,0.0684091834821608,0.9666666666666667,0.9555555555555556,1.0,1.0,1.0,1.0
2026-03-12,HO=F,target_best_sale,future,"baseline_qroll_a0.90_cal(-0.016,0.796)",False,0.9,0.02,0.98,-0.14833779139081887,0.19522570058105193,757,0.7844340801239014,False,0.0,0.22,0.22,0.04339478921925327,0.4190675485932572,0.04339478921925327,0.22,0.11403687353155197,,4.4881361293792725,3.8384408612303287,5.220465848254978,3.8384408612303287,4.4881361293792725,4.098318968489907,,0.0857425267783754,0.15467393429481865,0.9555555555555556,0.2222222222222222,0.07232359117066206,0.2447476729753061,0.8555555555555555,0.7666666666666667,0.9333333333333333,0.3888888888888889,0.8888888888888888,0.8777777777777778
2026-03-12,IGTI11.SA,target_best_entry,equity_br,"baseline_qroll_a0.18_cal(-0.013,0.735)",False,0.18,0.02,0.98,-0.11143977272886257,0.0833898810469267,757,0.6656463146209717,False,-0.10152319023410034,0.0,-0.04692075628888756,-0.1147901435620651,0.0,-0.10152319023410034,0.0,-0.018768302515555026,,26.20967920205559,24.34327105204321,27.5,24.708112268562243,27.5,26.983871680822237,,0.026915633112822187,0.04931739744950623,1.0,1.0,0.02653576185526698,0.054852975689220915,0.7666666666666667,0.7444444444444445,1.0,1.0,1.0,1.0
2026-03-12,IGTI11.SA,target_best_sale,equity_br,"baseline_ewmgauss_a0.85_cal(+0.026,0.700)",False,0.85,0.02,0.98,-0.14605139895131433,0.14037585895692112,757,1.091158390045166,False,0.0,0.3,0.17430872679247914,0.028499940011185193,0.3144514014594547,0.028499940011185193,0.3,0.08682345472370277,,32.293489986793176,28.283748350307594,36.147413540135,28.283748350307594,35.75,29.887645004901827,,0.08259954322262604,0.13584866262461032,1.0,0.9111111111111111,0.02798229288558158,0.05842651450413033,1.0,1.0,1.0,1.0,1.0,1.0
2026-03-12,ISAE4.SA,target_best_entry,equity_br,"baseline_qroll_a0.12_cal(+0.004,0.712)",False,0.12,0.02,0.98,-0.06429890402144778,0.07135964021654542,757,0.7849481105804443,False,-0.22116485905645336,0.0,-0.09718412854196253,-0.1615230135111642,-0.025780117024060523,-0.1615230135111642,-0.025780117024060523,-0.05434172163122132,,25.56774520417408,23.74566800148096,27.58990678857029,23.74566800148096,27.58990678857029,26.781042154811807,,0.026588263647970893,0.04835807498233022,0.9444444444444444,0.9444444444444444,0.015644923896468575,0.03739312027463902,1.0,1.0,1.0,0.9555555555555556,1.0,1.0
2026-03-12,ISAE4.SA,target_best_sale,equity_br,"baseline_qroll_a0.88_cal(-0.016,0.856)",False,0.88,0.02,0.98,-0.13995386801917384,0.1185911708153659,757,0.500023365020752,False,0.0,0.26,0.26,0.17079191520933512,0.33559127426240204,0.17079191520933512,0.26,0.20647514912560108,,35.683199615478514,33.156826681431035,37.82394447952112,33.156826681431035,35.683199615478514,34.167375855050025,,0.034550724380881435,0.05980907402146455,0.9666666666666667,0.9666666666666667,0.025800185972727038,0.051501785228220236,1.0,1.0,1.0,1.0,1.0,1.0
2026-03-12,ITSA4.SA,target_best_entry,equity_br,"baseline_qroll_a0.12_cal(+0.013,0.840)",False,0.12,0.02,0.98,-0.05512886387597852,0.0859998320317651,757,0.7325987815856934,False,-0.18629365632925102,0.0,-0.16098211448954222,-0.18629365632925102,-0.07450810546352521,-0.18629365632925102,-0.07450810546352521,-0.10909770907393201,,11.427423504634458,11.0826803076743,12.605199497672643,11.0826803076743,12.605199497672643,12.13408910045737,,0.019563504031023755,0.04786646059833687,0.9,0.9,0.01511946284197847,0.028747606925358056,0.9888888888888889,0.9888888888888889,1.0,1.0,0.9888888888888889,0.9888888888888889
2026-03-12,ITSA4.SA,target_best_sale,equity_br,"baseline_ewmgauss_a0.82_cal(-0.030,0.827)",False,0.82,0.02,0.98,-0.1093008767340049,0.15066106108945151,757,1.0264606475830078,False,0.0,0.22,0.16233426137480558,0.008345952907372278,0.3745927778872852,0.008345952907372278,0.22,0.06994127629434561,,15.830992506906252,13.733671763202375,18.721953477515164,13.733671763202375,16.616399860382078,14.572600060683927,,0.06472005281094516,0.11021435723780935,0.9222222222222223,0.8888888888888888,0.13696226976340078,0.2500980270767074,0.4666666666666667,0.43333333333333335,1.0,1.0,0.6,0.4444444444444444
2026-03-12,ITUB4.SA,target_best_entry,equity_br,"baseline_qroll_a0.12_cal(+0.022,1.012)",False,0.12,0.02,0.98,-0.05237585428874813,0.09299992925323569,757,0.7099230289459229,False,-0.14288464226217892,0.0,-0.14288464226217892,-0.14288464226217892,-0.04785679232829526,-0.14288464226217892,-0.04785679232829526,-0.08586793230184872,,36.99309870917894,36.99309870917894,41.094500697825254,36.99309870917894,41.094500697825254,39.45393990236673,,0.02119803394249593,0.046330549689447234,0.8666666666666667,0.8666666666666667,0.012765860336575246,0.02549024340215161,0.9777777777777777,0.9777777777777777,0.9666666666666667,0.9111111111111111,0.9888888888888889,0.9888888888888889
2026-03-12,ITUB4.SA,target_best_sale,equity_br,"baseline_ewmgauss_a0.88_cal(-0.030,0.753)",False,0.88,0.02,0.98,-0.12382433187898712,0.16311918049252133,757,1.0467298030853271,False,0.0,0.3,0.1635600694035661,0.0,0.35210404033664433,0.0,0.3,0.06542402776142645,,50.21925241791274,43.15999984741211,58.35681017461487,43.15999984741211,56.10799980163574,45.98370087561236,,0.06918911847064968,0.12372119080294458,1.0,1.0,0.10588611971936886,0.20603499450014498,0.5111111111111111,0.5111111111111111,1.0,1.0,0.9,0.7444444444444445
2026-03-12,JHSF3.SA,target_best_entry,equity_br,"baseline_qroll_a0.12_cal(+0.014,0.834)",False,0.12,0.02,0.98,-0.10836440302256373,0.1314350158089946,757,0.500023365020752,False,-0.26,0.0,-0.26,-0.3156045586988646,-0.18826270681108015,-0.26,-0.18826270681108015,-0.2169576240866481,,6.741399745941162,6.234842235284816,7.394926462263177,6.741399745941162,7.394926462263177,7.133515775734371,,0.021700383997205395,0.05298515870901889,0.9888888888888889,0.9888888888888889,0.024752129715413837,0.0487457616551703,0.9777777777777777,0.9777777777777777,1.0,1.0,1.0,0.9888888888888889
2026-03-12,JHSF3.SA,target_best_sale,equity_br,"baseline_qroll_a0.82_cal(-0.008,0.839)",False,0.82,0.02,0.98,-0.2109064524106003,0.16462304583505216,757,0.9235961437225342,False,0.0,0.26,0.26,0.04737438483117096,0.4190675485932572,0.04737438483117096,0.26,0.13242463089870257,,11.47859956741333,9.541580286224509,12.927704880486393,9.541580286224509,11.47859956741333,10.316387998700037,,0.11109990437734532,0.17902965629079742,0.9111111111111111,0.6777777777777778,0.12417602766631756,0.15906754859325717,0.4888888888888889,0.0,1.0,0.8,1.0,0.2111111111111111
2026-03-12,KC=F,target_best_entry,future,"baseline_qroll_a0.08_cal(+0.015,0.700)",False,0.08,0.02,0.98,-0.1071534413887212,0.08858319163614345,757,1.6028523445129395,False,-0.28,0.0,-0.14678085002483893,-0.29164307644309534,-0.024787875618840202,-0.28,-0.024787875618840202,-0.0735850653812397,,249.13999179274705,206.8402216786162,284.7619403192987,210.23999999999998,284.7619403192987,270.513160908678,,0.05056347440975387,0.12063673554061544,0.9444444444444444,0.8333333333333334,0.0665554587270627,0.14050233170754195,0.7333333333333333,0.7111111111111111,1.0,1.0,1.0,0.9444444444444444
2026-03-12,KC=F,target_best_sale,future,"baseline_qroll_a0.82_cal(-0.004,0.814)",False,0.82,0.02,0.98,-0.19928824317741678,0.1798298709244332,757,1.263685703277588,False,0.0,0.28,0.2311622106862667,0.014785392349546206,0.4190675485932572,0.014785392349546206,0.28,0.10133611968423441,,359.4993655203899,296.3173345660675,414.36772418923107,296.3173345660675,373.76,321.5901469477964,,0.06905948469705932,0.1456317262137805,1.0,1.0,0.08162974107844866,0.14931135259343747,1.0,1.0,1.0,1.0,1.0,1.0
2026-03-12,KFOF11.SA,target_best_entry,equity_br,"baseline_qroll_a0.10_cal(-0.000,0.769)",False,0.1,0.02,0.98,-0.10125217837045535,0.04804324194604574,757,0.7406129837036133,False,-0.07912469126110404,0.0,-0.07912469126110404,-0.14722464534926583,-0.046811879591989035,-0.07912469126110404,-0.046811879591989035,-0.05973700425963503,,76.61682287678774,70.95090690447724,79.30524870904722,76.61682287678774,79.30524870904722,78.22987837614342,,0.0135802842612265,0.02859116472206276,1.0,0.9777777777777777,0.013183069177280357,0.024962370774423176,0.9888888888888889,0.9888888888888889,1.0,1.0,1.0,1.0
2026-03-12,KFOF11.SA,target_best_sale,equity_br,"baseline_qroll_a0.82_cal(+0.002,0.731)",False,0.82,0.02,0.98,-0.10242424329620801,0.11804577831285226,757,0.771630048751831,False,0.0,0.18811048198326916,0.06371501557046955,0.0,0.14643505136931323,0.0,0.14643505136931323,0.02548600622818782,,88.50108604926245,83.19999694824219,95.38339277528473,83.19999694824219,95.38339277528473,85.3204325886503,,0.04563577523559741,0.08518888141570509,0.9333333333333333,0.9333333333333333,0.021488535370379737,0.04625846976010087,1.0,1.0,1.0,1.0,1.0,1.0
2026-03-12,KLBN11.SA,target_best_entry,equity_br,"baseline_ewmgauss_a0.18_cal(-0.001,0.700)",False,0.18,0.02,0.98,-0.1010921831907472,0.08911350722749006,757,1.4371709823608398,False,-0.1979524134009984,0.0,-0.08288911642195024,-0.1979524134009984,0.0,-0.1979524134009984,0.0,-0.033155646568780096,,18.112939950666483,15.840439835330281,19.75,15.840439835330281,19.75,19.095175980266593,,0.03997444778527795,0.08895384147084419,1.0,1.0,0.05857264062754688,0.08303656761149067,1.0,1.0,1.0,1.0,1.0,1.0
2026-03-12,KLBN11.SA,target_best_sale,equity_br,"baseline_qroll_a0.88_cal(-0.000,0.745)",False,0.88,0.02,0.98,-0.1305049426369456,0.08388309010160645,757,0.5524778366088867,False,0.0,0.3,0.15376167770215682,0.06499432855285206,0.2108175975494709,0.06499432855285206,0.2108175975494709,0.10050126821257396,,22.786793134617596,21.033637988918827,23.91364755160205,21.033637988918827,23.91364755160205,21.734900047198334,,0.03273081560587299,0.07062542522754425,0.9111111111111111,0.9111111111111111,0.05788699150620916,0.12269092999098764,0.3,0.3,1.0,0.9888888888888889,0.8666666666666667,0.5444444444444444
2026-03-12,LEVE3.SA,target_best_entry,equity_br,"baseline_qroll_a0.10_cal(+0.004,0.795)",False,0.1,0.02,0.98,-0.14381215385809323,0.1547490304834831,757,0.500023365020752,False,-0.19374800405327708,0.0,-0.1638624045113619,-0.19374800405327708,-0.09357319697345462,-0.19374800405327708,-0.09357319697345462,-0.12168887998861753,,29.615992101193896,28.55744422014143,32.105635703483195,28.55744422014143,32.105635703483195,31.109778262567474,,0.02620085895503158,0.0861917172054033,0.9,0.9,0.023274077817267147,0.04047153468034312,1.0,1.0,1.0,0.9777777777777777,1.0,1.0
2026-03-12,LEVE3.SA,target_best_sale,equity_br,"baseline_qroll_a0.88_cal(-0.004,0.755)",False,0.88,0.02,0.98,-0.13389107644001266,0.09764887681852533,757,0.7414424419403076,False,0.0,0.3,0.19161892553609988,0.1014411563953302,0.25738699690224265,0.1014411563953302,0.25738699690224265,0.13751226405163808,,42.20714016056924,39.0130437427236,44.53664512793308,39.0130437427236,44.53664512793308,40.29068230986185,,0.052422685834976494,0.13046873809204396,0.8666666666666667,0.8666666666666667,0.08911793079607097,0.16104436575173162,0.37777777777777777,0.37777777777777777,1.0,1.0,1.0,0.6555555555555556
2026-03-12,LREN3.SA,target_best_entry,equity_br,"baseline_qroll_a0.18_cal(+0.012,0.843)",False,0.18,0.02,0.98,-0.12938317159431603,0.18962084521833275,757,0.5849668979644775,False,-0.3,0.0,-0.1740617696310039,-0.24121810147449896,-0.07563907486313347,-0.24121810147449896,-0.07563907486313347,-0.11500815277028165,,12.03391976441993,11.055452029954692,13.467938397151578,11.055452029954692,13.467938397151578,12.894330944058918,,0.05762246547850749,0.12913747269272685,0.8111111111111111,0.8111111111111111,0.029156112631861623,0.06319149726890047,0.9555555555555556,0.9555555555555556,1.0,1.0,1.0,1.0
2026-03-12,LREN3.SA,target_best_sale,equity_br,"baseline_qroll_a0.88_cal(-0.011,0.812)",False,0.88,0.02,0.98,-0.2727655657999861,0.20856237843513478,757,0.9127547740936279,False,0.0,0.3,0.3,0.07908686468375375,0.4190675485932572,0.07908686468375375,0.3,0.16745211881025224,,18.940999603271486,15.722295289131115,20.67581374993871,15.722295289131115,18.940999603271486,17.00977701478726,,0.13194326954744906,0.2107670694328973,0.9666666666666667,0.36666666666666664,0.04071610683669549,0.08018685692561292,1.0,1.0,0.9666666666666667,0.8888888888888888,1.0,1.0
2026-03-12,LTC-USD,target_best_entry,crypto,"baseline_qroll_a0.12_cal(+0.004,0.799)",False,0.12,0.02,0.98,-0.21795422323898395,0.25636000065679226,757,13.014235019683838,False,-0.26,0.0,-0.26,-0.47562858072022923,0.0,-0.26,0.0,-0.10400000000000001,,39.753091659545895,28.169439316587706,53.720394134521484,39.753091659545895,53.720394134521484,48.13347314453125,,0.09577581522170035,0.26,1.0,0.8666666666666667,0.13482055188753062,0.21795422323898395,0.8777777777777778,0.12222222222222222,1.0,1.0,1.0,0.3111111111111111
2026-03-12,LTC-USD,target_best_sale,crypto,"baseline_qroll_a0.88_cal(+0.000,1.000)",False,0.88,0.02,0.98,-0.23618390336172668,0.15906754859325717,757,0.9872775077819824,False,0.0,0.26,0.26,0.01733660576211274,0.4190675485932572,0.01733660576211274,0.26,0.11440196345726765,,67.68769660949707,54.651723429017,76.232868013939,54.651723429017,67.68769660949707,59.86611270120903,,0.12800477464415497,0.15906754859325717,0.5888888888888889,0.15555555555555556,0.10682406069835601,0.2348253981357826,1.0,0.8111111111111111,0.9777777777777777,0.26666666666666666,1.0,1.0
2026-03-12,MBRF3.SA,target_best_entry,equity_br,"baseline_qroll_a0.12_cal(+0.015,0.809)",False,0.12,0.02,0.98,-0.09784259840971089,0.11685086573534523,757,0.9169137477874756,False,-0.3,0.0,-0.2632826773602401,-0.32136234924354296,-0.1939196386481043,-0.3,-0.1939196386481043,-0.2216648541329586,,12.133733798013205,11.177161641975355,13.276142997974262,11.528999519348144,13.276142997974262,12.819179317989839,,0.044847739049949945,0.0984381215242583,1.0,1.0,0.13589825510058,0.27072524363270095,0.5333333333333333,0.4777777777777778,1.0,1.0,0.5555555555555556,0.6333333333333333
2026-03-12,MBRF3.SA,target_best_sale,equity_br,"baseline_qroll_a0.82_cal(-0.005,0.841)",False,0.82,0.02,0.98,-0.25450889074777744,0.23007727067969666,757,0.7924482822418213,False,0.0,0.3,0.3,0.1694305488652386,0.4180354166134146,0.1694305488652386,0.3,0.22165832931914314,,21.41099910736084,19.260520336826247,23.355042337935288,19.260520336826247,21.41099910736084,20.120711845040084,,0.12638840303277585,0.25846794970251374,0.8777777777777778,0.5555555555555556,0.15033360232624488,0.23988351710904982,0.9555555555555556,0.4,0.9,0.7888888888888889,0.9666666666666667,0.5333333333333333
2026-03-12,MDIA3.SA,target_best_entry,equity_br,"baseline_qroll_a0.08_cal(+0.012,0.815)",False,0.08,0.02,0.98,-0.08402460066916022,0.1491176445303989,757,0.531425952911377,False,-0.2638641818531841,0.0,-0.21466883543699744,-0.2565160216055883,-0.14040303968206802,-0.2565160216055883,-0.14040303968206802,-0.17010935798403978,,17.96052439263201,17.003479209836783,19.658983203873582,17.003479209836783,19.658983203873582,18.979599679376953,,0.04857359294072133,0.08603011845102691,0.5444444444444444,0.5444444444444444,0.04501737445180773,0.09333693605973861,0.6444444444444445,0.6444444444444445,1.0,0.9444444444444444,1.0,0.9333333333333333
2026-03-12,MDIA3.SA,target_best_sale,equity_br,"baseline_qroll_a0.88_cal(-0.013,0.831)",False,0.88,0.02,0.98,-0.20407382253207926,0.11065387622002489,757,0.587700605392456,False,0.0,0.3,0.2570433875235131,0.1446448963254156,0.31798863066167576,0.1446448963254156,0.3,0.1896042928046546,,28.748583327615542,26.17802973958648,30.1424010893326,26.17802973958648,29.731001091003417,27.206251174798105,,0.061633063036827036,0.13270202946411835,0.6,0.6,0.06540869235842851,0.12835416978139688,0.9222222222222223,0.9222222222222223,0.9888888888888889,0.8666666666666667,0.9777777777777777,0.9666666666666667
2026-03-12,MGLU3.SA,target_best_entry,equity_br,"baseline_ewmgauss_a0.12_cal(+0.005,0.700)",False,0.12,0.02,0.98,-0.21795422323898395,0.26,757,0.8045163154602051,False,-0.26,0.0,-0.26,-0.41977913477917983,-0.06699126938570207,-0.26,-0.06699126938570207,-0.14419476163142125,,7.044800338745117,5.523702902506241,8.882243542545618,7.044800338745117,8.882243542545618,8.147266261025418,,0.04973864231446154,0.10209879198821013,1.0,0.6111111111111112,0.1335467760328957,0.26,0.8222222222222222,0.6777777777777778,1.0,1.0,0.8222222222222222,1.0
2026-03-12,MGLU3.SA,target_best_sale,equity_br,"baseline_qroll_a0.82_cal(-0.005,0.913)",False,0.82,0.02,0.98,-0.23040321442264997,0.2080920264244094,757,0.8969600200653076,False,0.0,0.26,0.26,0.06930892365756755,0.4190675485932572,0.06930892365756755,0.26,0.14558535419454055,,11.995200576782226,10.179821442710821,13.509523712205379,10.179821442710821,11.995200576782226,10.905973096339384,,0.0960282774032583,0.21304603559111213,0.9888888888888889,0.9888888888888889,0.10929732747116283,0.1656693737053368,0.9888888888888889,0.4222222222222222,0.9888888888888889,1.0,0.9888888888888889,0.6222222222222222
2026-03-12,MULT3.SA,target_best_entry,equity_br,"baseline_qroll_a0.12_cal(+0.005,0.813)",False,0.12,0.02,0.98,-0.06910979386444988,0.1284877053235886,757,0.6222574710845947,False,-0.22380009867502015,0.0,-0.16886470226134054,-0.21512475669580045,-0.08285882798415546,-0.21512475669580045,-0.08285882798415546,-0.11726117769502949,,26.95371795930709,25.45350437988011,29.742888488363114,25.45350437988011,29.742888488363114,28.6272202767407,,0.025429142101416443,0.053611995579180186,0.9888888888888889,0.9888888888888889,0.027115826233615376,0.04250777758095144,0.8222222222222222,0.8222222222222222,1.0,1.0,1.0,1.0
2026-03-12,MULT3.SA,target_best_sale,equity_br,"baseline_ewmgauss_a0.82_cal(+0.007,0.700)",False,0.82,0.02,0.98,-0.1290867583390739,0.1349763571396745,757,0.9598937034606934,False,0.0,0.3,0.13488327344204826,0.001592140324321173,0.27425583046290575,0.001592140324321173,0.27425583046290575,0.05490859357141201,,36.80426490406451,32.481633416379395,41.32411697078405,32.481633416379395,41.32411697078405,34.21068601145345,,0.0545011024649029,0.0878311037698094,1.0,1.0,0.051091267937601575,0.11115474908922238,0.9777777777777777,0.9777777777777777,1.0,1.0,1.0,1.0
2026-03-12,MXN=X,target_best_entry,fx,"baseline_qroll_a0.12_cal(-0.002,0.700)",False,0.12,0.02,0.98,-0.033523654563969954,0.03296921126911869,757,1.076204776763916,False,-0.11020648778704782,0.0,-0.050171720440615485,-0.10682397610999622,0.0,-0.10682397610999622,0.0,-0.020068688176246196,,16.810819931050208,15.808143037509435,17.69879913330078,15.808143037509435,17.69879913330078,17.34360745240055,,0.017993154959858867,0.04100999600703855,0.9111111111111111,0.9111111111111111,0.013146824936801107,0.03722133982031599,0.8,0.8,1.0,0.9666666666666667,1.0,0.8888888888888888
2026-03-12,MXN=X,target_best_sale,fx,"baseline_qroll_a0.88_cal(-0.002,0.729)",False,0.88,0.02,0.98,-0.055095353599927545,0.07375430141765141,757,0.5350942611694336,False,0.0,0.15,0.08004148507794065,0.03374839168948059,0.14201249606592456,0.03374839168948059,0.14201249606592456,0.05226562904486461,,19.115437300026347,18.296105138884855,20.212249775590248,18.296105138884855,20.212249775590248,18.62383800334145,,0.02031367466971114,0.03472693106402769,0.8333333333333334,0.8333333333333334,0.006635876286882883,0.012748292791642513,1.0,1.0,1.0,1.0,1.0,1.0
2026-03-12,MXRF11.SA,target_best_entry,equity_br,"baseline_qroll_a0.12_cal(-0.002,0.700)",False,0.12,0.02,0.98,-0.03313336058866383,0.03364163212526938,757,1.1109602451324463,False,-0.06552110500848458,0.0,-0.048076247738768264,-0.0897527875519432,-0.005760382528021295,-0.06552110500848458,-0.005760382528021295,-0.022686728612320087,,9.20510275699213,8.802090613819061,9.614297176808497,9.036410985863036,9.614297176808497,9.45061940888195,,0.0060346946665074145,0.019038693155883017,0.9444444444444444,0.9444444444444444,0.006596595053983265,0.01231539415203644,1.0,1.0,1.0,0.9666666666666667,1.0,1.0
2026-03-12,MXRF11.SA,target_best_sale,equity_br,"baseline_qroll_a0.88_cal(+0.002,0.700)",False,0.88,0.02,0.98,-0.04286974974525712,0.034316263837785924,757,1.2763612270355225,False,0.0,0.09676504498777631,0.06309027946405589,0.001138726074843728,0.11268109499010381,0.001138726074843728,0.09676504498777631,0.025919347430528594,,10.280083083524772,9.681011557524561,10.759626273445134,9.681011557524561,10.60571806870833,9.920640167924645,,0.017015684238559998,0.02976630429298226,0.8555555555555555,0.8555555555555555,0.019486928861732068,0.03430734715780615,1.0,1.0,1.0,1.0,1.0,1.0
2026-03-12,NEOE3.SA,target_best_entry,equity_br,"baseline_qroll_a0.12_cal(-0.009,0.700)",False,0.12,0.02,0.98,-0.10970880222383572,0.060195957794748574,757,0.6506459712982178,False,-0.07141974487312153,0.0,-0.07141974487312153,-0.10354146045542278,-0.05379492903070571,-0.07141974487312153,-0.05379492903070571,-0.060844855367672035,,30.64314841918699,29.58313180497105,31.224767341986713,30.64314841918699,31.224767341986713,30.992119772866822,,0.016964915478209417,0.03444135135890515,0.9666666666666667,0.9333333333333333,0.0331409397931416,0.05407387018700249,0.45555555555555555,0.2777777777777778,1.0,1.0,0.6555555555555556,0.8888888888888888
2026-03-12,NEOE3.SA,target_best_sale,equity_br,"baseline_qroll_a0.88_cal(+0.005,0.700)",False,0.88,0.02,0.98,-0.23393552513201246,0.12456494936029198,757,0.8608260154724121,False,0.0,0.3,0.12325156900093301,0.03263156531135654,0.17150450606233733,0.03263156531135654,0.17150450606233733,0.06887956678718712,,37.06730177703079,34.07684165527476,38.659648700057126,34.07684165527476,38.659648700057126,35.273025703977176,,0.05675051036079045,0.10724782629113638,1.0,0.8666666666666667,0.04093353483747859,0.0917333181371713,0.9888888888888889,0.9888888888888889,1.0,1.0,1.0,1.0
2026-03-12,NG=F,target_best_entry,future,"baseline_ewmgauss_a0.18_cal(+0.003,0.700)",False,0.18,0.02,0.98,-0.20858110339472619,0.25583680992637037,757,0.5251991748809814,False,-0.26,0.0,-0.22304613812584764,-0.4233695573721268,0.0,-0.26,0.0,-0.08921845525033906,,2.346400648040721,1.7414239257378243,3.0199999809265137,2.23479998588562,3.0199999809265137,2.7505602477721967,,0.06737900604961289,0.2010256544799221,0.8666666666666667,0.6444444444444445,0.14300500330656168,0.21480474888161002,0.4,0.2222222222222222,0.8888888888888888,0.9777777777777777,0.6444444444444445,0.6111111111111112
2026-03-12,NG=F,target_best_sale,future,"baseline_qroll_a0.82_cal(-0.010,0.883)",False,0.82,0.02,0.98,-0.22243696964718163,0.1689335280699167,757,0.8482439517974854,False,0.0,0.26,0.26,0.0,0.4190675485932572,0.0,0.26,0.10400000000000001,,3.8051999759674073,3.0199999809265137,4.285583969685071,3.0199999809265137,3.8051999759674073,3.3340799789428712,,0.1019976154458864,0.20001998728513404,0.8111111111111111,0.6444444444444445,0.1590675485932571,0.15906754859325717,0.36666666666666664,0.0,0.8444444444444444,0.8666666666666667,0.7666666666666667,0.0
2026-03-12,ODPV3.SA,target_best_entry,equity_br,"baseline_qroll_a0.15_cal(-0.003,0.726)",False,0.15,0.02,0.98,-0.07579557232051923,0.09801222663085246,757,0.7044205665588379,False,-0.24466956914638976,0.0,-0.13106737732539558,-0.21393601629520898,-0.023908877499663278,-0.21393601629520898,-0.023908877499663278,-0.0667722774299562,,12.147677667225182,10.989174132361443,13.64575344573565,10.989174132361443,13.64575344573565,13.046523134331464,,0.02390450060440575,0.05707768591467265,0.9444444444444444,0.9444444444444444,0.04639074781134593,0.0777155311013487,0.6888888888888889,0.6888888888888889,1.0,1.0,1.0,0.8888888888888888
2026-03-12,ODPV3.SA,target_best_sale,equity_br,"baseline_qroll_a0.90_cal(-0.011,0.795)",False,0.9,0.02,0.98,-0.13592335637821576,0.0967714824460663,757,0.6599102020263672,False,0.0,0.3,0.22595998412149274,0.08674266232389097,0.3250766258194619,0.08674266232389097,0.3,0.14242959104293168,,17.138920016818524,15.192661921816685,18.524570622384136,15.192661921816685,18.173999404907228,15.971165159817419,,0.05544739528068078,0.10385390314193495,0.5333333333333333,0.5333333333333333,0.07741678789997701,0.32811580297810605,0.5888888888888889,0.5888888888888889,0.9555555555555556,0.7222222222222222,0.7777777777777778,0.7888888888888889
2026-03-12,PETR4.SA,target_best_entry,equity_br,"baseline_qroll_a0.15_cal(+0.021,0.920)",False,0.15,0.02,0.98,-0.07534377060451536,0.12519112270892502,757,0.9721486568450928,False,-0.23193082504277873,0.0,-0.21506639514368514,-0.23193082504277873,-0.06142279870314571,-0.23193082504277873,-0.06142279870314571,-0.12288023727936148,,35.16502489870609,34.40949845209324,42.0482579020215,34.40949845209324,42.0482579020215,39.29496470069533,,0.0673346668354925,0.13347791076230728,1.0,1.0,0.020238124588695207,0.03919558752694477,1.0,1.0,1.0,1.0,1.0,1.0
2026-03-12,PETR4.SA,target_best_sale,equity_br,"baseline_qroll_a0.85_cal(-0.021,0.855)",False,0.85,0.02,0.98,-0.12576099967048587,0.11139015995000599,757,0.5019626617431641,False,0.0,0.26,0.26,0.18030599655621088,0.33058728710744595,0.18030599655621088,0.26,0.21218359793372654,,56.44799903869629,52.877707745216235,59.61030944725604,52.877707745216235,56.44799903869629,54.305824262608255,,0.031523445709683975,0.06569885280696186,0.9666666666666667,0.9666666666666667,0.07288561802555857,0.18770008662383286,0.37777777777777777,0.37777777777777777,1.0,1.0,0.6888888888888889,0.5888888888888889
2026-03-12,POMO4.SA,target_best_entry,equity_br,"baseline_qroll_a0.12_cal(+0.008,0.738)",False,0.12,0.02,0.98,-0.10191340403378639,0.14441877564099062,757,1.031857967376709,False,-0.22,0.0,-0.1940915206631902,-0.29700552537771563,-0.048254820396995524,-0.22,-0.048254820396995524,-0.10658950050347339,,5.02080984163981,4.379655590305387,5.929372487079817,4.85940001487732,5.929372487079817,5.565947428903814,,0.08094567018431287,0.17213877788699247,0.9666666666666667,0.9666666666666667,0.07801582174838727,0.16449271304358443,0.8222222222222222,0.5666666666666667,1.0,1.0,0.9777777777777777,0.8777777777777778
2026-03-12,POMO4.SA,target_best_sale,equity_br,"baseline_ewmgauss_a0.85_cal(-0.005,0.700)",False,0.85,0.02,0.98,-0.20617629044264787,0.19906754859325718,757,0.8950908184051514,False,0.0,0.22,0.20109020503033012,0.020485494918611707,0.3754678545124686,0.020485494918611707,0.22,0.09272737896329908,,7.482792000247934,6.357624652807167,8.569164759847647,6.357624652807167,7.600600023269653,6.807691591783473,,0.0962198436699094,0.2017030783579628,0.9888888888888889,0.12222222222222222,0.11576956639584156,0.2001918616466296,0.4777777777777778,0.3888888888888889,0.9888888888888889,0.4,0.4777777777777778,0.9333333333333333
2026-03-12,PRIO3.SA,target_best_entry,equity_br,"baseline_ewmgauss_a0.18_cal(-0.022,0.700)",False,0.18,0.02,0.98,-0.07500235257273792,0.1492475469041614,757,0.6086940765380859,False,-0.28371118686627916,0.0,-0.13784002416075775,-0.19772850370049638,-0.018667646861556322,-0.19772850370049638,-0.018667646861556322,-0.06633659778123689,,51.169193250507305,47.61481208120639,58.242073661372295,47.61481208120639,58.242073661372295,55.412921497026296,,0.08056115231887498,0.14541501556058067,0.8111111111111111,0.8111111111111111,0.08632420244179745,0.13536369681455465,0.2777777777777778,0.2777777777777778,1.0,1.0,0.6111111111111112,0.9666666666666667
2026-03-12,PRIO3.SA,target_best_sale,equity_br,"baseline_ewmgauss_a0.90_cal(+0.015,0.700)",False,0.9,0.02,0.98,-0.26016052953162333,0.13787513667057424,757,0.6716744899749756,False,0.0,0.3,0.23248757178160948,0.003258556943026958,0.35397018794413915,0.003258556943026958,0.3,0.09495016287845998,,73.14813550461173,59.54339382371759,80.35812858849012,59.54339382371759,77.15499801635742,64.98529049607524,,0.08496236890966367,0.16554198602436374,0.8222222222222222,0.7,0.14092096919919236,0.22276091347468638,0.2,0.2,1.0,0.9777777777777777,0.9333333333333333,0.4666666666666667
2026-03-12,PSSA3.SA,target_best_entry,equity_br,"baseline_qroll_a0.15_cal(+0.011,0.826)",False,0.15,0.02,0.98,-0.052524395175987046,0.0712134501722865,757,0.5462627410888672,False,-0.21117926110253635,0.0,-0.14007405528172426,-0.16819680233684828,-0.1019447662264647,-0.16819680233684828,-0.1019447662264647,-0.11719648184856853,,42.635129913703544,41.2408040632162,44.52558013488012,41.2408040632162,44.52558013488012,43.76940004640949,,0.018229816321312722,0.03810147926560877,0.9444444444444444,0.9444444444444444,0.031008533911019785,0.06382555741252553,0.6111111111111112,0.6111111111111112,1.0,0.9888888888888889,0.9444444444444444,1.0
2026-03-12,PSSA3.SA,target_best_sale,equity_br,"baseline_qroll_a0.88_cal(-0.006,0.763)",False,0.88,0.02,0.98,-0.19922716573022844,0.13471353453510793,757,0.9911093711853027,False,0.0,0.3,0.2308447538299178,0.03730720337546434,0.36171108117751566,0.03730720337546434,0.3,0.11472222355724572,,61.02528514863138,51.42969304272173,67.51363789814869,51.42969304272173,64.4540023803711,55.2679298850856,,0.10450161351719643,0.19935289419481905,1.0,0.4111111111111111,0.037833771150593776,0.10721681014864859,1.0,1.0,1.0,0.7555555555555555,1.0,1.0
2026-03-12,RADL3.SA,target_best_entry,equity_br,"baseline_ewmgauss_a0.10_cal(-0.030,0.700)",False,0.1,0.02,0.98,-0.1271105449867938,0.12621074507825555,757,13.083512306213379,False,-0.2566363957229072,0.0,-0.19710313774272084,-0.2566363957229072,0.0,-0.2566363957229072,0.0,-0.07884125509708834,,19.229380463623528,17.803558889577793,23.950000762939453,17.803558889577793,23.950000762939453,22.061752643213083,,0.10863589087219563,0.15523609371279742,0.4444444444444444,0.4444444444444444,0.16527984215566982,0.2013654867778773,1.0,1.0,1.0,0.8666666666666667,1.0,1.0
2026-03-12,RADL3.SA,target_best_sale,equity_br,"baseline_qroll_a0.90_cal(-0.030,0.924)",False,0.9,0.02,0.98,-0.20057307716060868,0.1134377324959219,757,1.164477825164795,False,0.0,0.3,0.3,0.11127446245962089,0.40673714212158035,0.11127446245962089,0.3,0.18676467747577252,,31.13500099182129,26.615024223743053,33.69135562706712,26.615024223743053,31.13500099182129,28.423014930974347,,0.1062834978186155,0.20929368772034776,1.0,0.8777777777777778,0.08189460908780977,0.12957430893104863,0.9666666666666667,0.36666666666666664,1.0,1.0,0.9666666666666667,0.7666666666666667
2026-03-12,RAIL3.SA,target_best_entry,equity_br,"baseline_qroll_a0.15_cal(+0.030,1.148)",False,0.15,0.02,0.98,-0.07120795497646878,0.10560573654010988,757,0.9085373878479004,False,-0.26039983909735337,0.0,-0.19973378414222404,-0.26039983909735337,-0.09976223072405505,-0.26039983909735337,-0.09976223072405505,-0.13975085209132265,,13.684552596445304,12.647163033570328,15.394066198032114,12.647163033570328,15.394066198032114,14.71026075739739,,0.04307011255932894,0.10169843529334427,0.9333333333333333,0.9333333333333333,0.03846116721563494,0.12690252193058585,0.9111111111111111,0.9111111111111111,1.0,1.0,1.0,1.0
2026-03-12,RAIL3.SA,target_best_sale,equity_br,"baseline_ewmgauss_a0.88_cal(-0.000,0.700)",False,0.88,0.02,0.98,-0.12754775149291436,0.10157379173077773,757,0.6870837211608887,False,0.0,0.3,0.11835064921534769,0.027038494158435178,0.19106789990521628,0.027038494158435178,0.19106789990521628,0.06356335618120018,,19.12379652819936,17.562358641893336,20.367261542735545,17.562358641893336,20.367261542735545,18.186933796415744,,0.05345039724470067,0.09390530504252269,0.8888888888888888,0.8888888888888888,0.029170730802471265,0.08621713443537304,0.9888888888888889,0.9888888888888889,1.0,0.9777777777777777,1.0,1.0
2026-03-12,RANI3.SA,target_best_entry,equity_br,"baseline_qroll_a0.10_cal(+0.024,0.940)",False,0.1,0.02,0.98,-0.07844147252782167,0.09189959625853997,757,0.7253439426422119,False,-0.19393743586744214,0.0,-0.19393743586744214,-0.19393743586744214,-0.13272903120582066,-0.19393743586744214,-0.13272903120582066,-0.15721239307046925,,7.746260964574262,7.746260964574262,8.334473712358205,7.746260964574262,8.334473712358205,8.099188613244628,,0.019757705258271818,0.062066185113554294,0.9444444444444444,0.9444444444444444,0.016891414986777542,0.03257799193452697,1.0,1.0,1.0,0.9777777777777777,1.0,1.0
2026-03-12,RANI3.SA,target_best_sale,equity_br,"baseline_qroll_a0.88_cal(-0.022,0.933)",False,0.88,0.02,0.98,-0.19470133442668264,0.19906754859325718,757,0.5512394905090332,False,0.0,0.22,0.22,0.12144861799107186,0.3207614153480931,0.12144861799107186,0.22,0.16086917079464313,,11.72419958114624,10.777120833875372,12.692516748047728,10.777120833875372,11.72419958114624,11.155952332783722,,0.059955924883984976,0.1393431359078023,0.7666666666666667,0.7333333333333333,0.0689637349701676,0.13513184340007164,0.7888888888888889,0.7888888888888889,0.9888888888888889,1.0,0.9444444444444444,1.0
2026-03-12,RBRF11.SA,target_best_entry,equity_br,"baseline_qroll_a0.12_cal(-0.000,0.772)",False,0.12,0.02,0.98,-0.07072026749452907,0.06831578211527486,757,0.6293954849243164,False,-0.0864678234951409,0.0,-0.07451006698262655,-0.09454002465678997,-0.05516112681703424,-0.0864678234951409,-0.05516112681703424,-0.06290070288327115,,6.154508142827131,6.021308922383739,6.283178596773579,6.07498906087853,6.283178596773579,6.231710415195001,,0.015375042481706869,0.034803775438822,0.9666666666666667,0.9555555555555556,0.011324150312312108,0.017168099986092176,1.0,1.0,1.0,0.9777777777777777,1.0,1.0
2026-03-12,RBRF11.SA,target_best_sale,equity_br,"baseline_qroll_a0.82_cal(+0.001,0.700)",False,0.82,0.02,0.98,-0.08204851778828662,0.0918728605294048,757,0.7131590843200684,False,0.0,0.15203733761268817,0.04592392432730129,0.019592783710230294,0.07540790861735834,0.019592783710230294,0.07540790861735834,0.030125239957058694,,6.955394196523632,6.780292108908977,7.151462694864323,6.780292108908977,7.151462694864323,6.850332943954839,,0.03430042889257308,0.06587471935873362,0.6777777777777778,0.6777777777777778,0.013029936639671034,0.03787448940196442,1.0,1.0,0.9888888888888889,1.0,1.0,1.0
2026-03-12,RBRP11.SA,target_best_entry,equity_br,"baseline_qroll_a0.12_cal(-0.000,0.806)",False,0.12,0.02,0.98,-0.16826265081701727,0.04256603759485146,757,0.7493281364440918,False,-0.052440277667099515,0.0,-0.052440277667099515,-0.15565141867359036,-0.026330565933938774,-0.052440277667099515,-0.026330565933938774,-0.03677445062720307,,49.74688542247728,44.32830051963651,51.11764528846821,49.74688542247728,51.11764528846821,50.56934134207184,,0.016845488343446804,0.035939164264219677,0.9666666666666667,0.9111111111111111,0.01318450516236126,0.025202752474454075,0.8777777777777778,0.8555555555555555,1.0,1.0,1.0,0.9888888888888889
2026-03-12,RBRP11.SA,target_best_sale,equity_br,"baseline_ewmgauss_a0.82_cal(+0.000,0.700)",False,0.82,0.02,0.98,-0.1384961281332711,0.2116723553889005,757,0.6031448841094971,False,0.0,0.2607046915314988,0.11603986591601485,0.04766033877713707,0.2205486039215821,0.04766033877713707,0.2205486039215821,0.0750121496326882,,58.59209296059078,55.00216778579969,64.07880170588305,55.00216778579969,64.07880170588305,56.43813785571613,,0.05744218619374837,0.08461707409911462,0.9333333333333333,0.9333333333333333,0.016697130047922674,0.04284322414780657,0.9888888888888889,0.9888888888888889,1.0,1.0,1.0,1.0
2026-03-12,RCRB11.SA,target_best_entry,equity_br,"baseline_qroll_a0.18_cal(-0.006,0.811)",False,0.18,0.02,0.98,-0.062129922922242786,0.07060043997962383,757,0.9167385101318359,False,-0.09451207913496805,0.0,-0.0542095614726027,-0.11531072510745391,0.0,-0.09451207913496805,0.0,-0.021683824589041084,,134.2927895618872,125.61703500173596,141.99000549316406,128.5702348576196,141.99000549316406,138.91111912065332,,0.023230817133172814,0.047243860178155905,1.0,0.9777777777777777,0.013448461875292021,0.03209003138454846,1.0,1.0,1.0,1.0,1.0,1.0
2026-03-12,RCRB11.SA,target_best_sale,equity_br,"baseline_qroll_a0.82_cal(+0.012,0.700)",False,0.82,0.02,0.98,-0.08804580032851372,0.09686205533146167,757,0.821526050567627,False,0.0,0.14058311273116814,0.05791285033196882,0.0,0.14327752912525465,0.0,0.14058311273116814,0.02316514013278753,,150.2130514299251,141.99000549316406,162.33398264070593,141.99000549316406,161.95140244210873,145.27922386786847,,0.03822440436807601,0.09501371020769146,0.7777777777777778,0.7333333333333333,0.03715030528895558,0.08028627783910429,0.7555555555555555,0.2777777777777778,0.8444444444444444,1.0,0.8666666666666667,0.4444444444444444
2026-03-12,RENT3.SA,target_best_entry,equity_br,"baseline_qroll_a0.08_cal(+0.015,0.780)",False,0.08,0.02,0.98,-0.10589833716678186,0.1478956277905809,757,1.0373954772949219,False,-0.3,0.0,-0.21586842919262061,-0.3212553941507112,-0.041798666199856116,-0.3,-0.041798666199856116,-0.11142657139696192,,37.04237672107941,32.06389631957069,45.26543261702792,33.068001174926756,45.26543261702792,41.976210258648514,,0.06382816737299671,0.09542219983444408,0.9444444444444444,0.9444444444444444,0.044046605107380274,0.08221164288727989,0.9666666666666667,0.9666666666666667,1.0,1.0,1.0,1.0
2026-03-12,RENT3.SA,target_best_sale,equity_br,"baseline_ewmgauss_a0.88_cal(-0.030,0.763)",False,0.88,0.02,0.98,-0.14968113875492944,0.269180558797179,757,1.5214602947235107,False,0.0,0.3,0.20086650341474654,0.0,0.4190675485932572,0.0,0.3,0.08034660136589862,,56.72893563692718,47.2400016784668,67.03675337740323,47.2400016784668,61.41200218200684,51.03557526185095,,0.1092122498574726,0.19434361479744658,1.0,0.8222222222222222,0.07468281224211393,0.16336416493774472,1.0,0.7888888888888889,1.0,0.9,1.0,0.9666666666666667
2026-03-12,SANB11.SA,target_best_entry,equity_br,"baseline_qroll_a0.12_cal(+0.005,0.780)",False,0.12,0.02,0.98,-0.0694080747642139,0.08674568625084844,757,0.872356653213501,False,-0.18627796950939993,0.0,-0.13917140864483224,-0.18627796950939993,-0.034848637156501605,-0.18627796950939993,-0.034848637156501605,-0.07657774575183386,,27.210792298144927,25.721753880464384,30.508435168564628,25.721753880464384,30.508435168564628,29.18937802039675,,0.026215785851402253,0.0633595780349992,0.8777777777777778,0.8777777777777778,0.02709583968010242,0.050242200061354714,1.0,1.0,1.0,1.0,1.0,1.0
2026-03-12,SANB11.SA,target_best_sale,equity_br,"baseline_qroll_a0.88_cal(+0.007,0.733)",False,0.88,0.02,0.98,-0.13158031666689998,0.08780766307168633,757,0.7929623126983643,False,0.0,0.3,0.20838569777339974,0.06454538269453719,0.30437484145773935,0.06454538269453719,0.3,0.12208150872608221,,38.19707264415727,33.65028019672126,41.23128953460637,33.65028019672126,41.09300079345703,35.46899717569566,,0.05955757971165987,0.11421663403379381,0.6555555555555556,0.6555555555555556,0.05036036084952865,0.08969016515504377,0.8111111111111111,0.8111111111111111,1.0,1.0,1.0,0.9888888888888889
2026-03-12,SB=F,target_best_entry,future,"baseline_qroll_a0.15_cal(+0.017,0.874)",False,0.15,0.02,0.98,-0.1055713762791421,0.16986665298502857,757,0.9673120975494385,False,-0.2467115406994677,0.0,-0.18002417942950386,-0.2467115406994677,-0.005830072789630464,-0.2467115406994677,-0.005830072789630464,-0.07550771544557983,,11.96344734724192,10.990478736137462,14.504939389697585,10.990478736137462,14.504939389697585,13.488342572715316,,0.025203264586505583,0.05935217424431947,0.9666666666666667,0.9666666666666667,0.028315721802762213,0.09419339455840835,1.0,1.0,1.0,1.0,1.0,1.0
2026-03-12,SB=F,target_best_sale,future,"baseline_qroll_a0.85_cal(-0.013,0.831)",False,0.85,0.02,0.98,-0.20585051964713505,0.11753327690177251,757,0.5465314388275146,False,0.0,0.28,0.20321909791315915,0.08395057902890322,0.27131715216979624,0.08395057902890322,0.27131715216979624,0.13165798658260558,,17.554966822149655,15.81483911342943,18.548517444144927,15.81483911342943,18.548517444144927,16.51089019691752,,0.02782500425082527,0.07912991173192098,1.0,1.0,0.025421479663051662,0.0458221818494147,0.9666666666666667,0.9666666666666667,1.0,1.0,1.0,1.0
2026-03-12,SBSP3.SA,target_best_entry,equity_br,"baseline_qroll_a0.12_cal(+0.007,0.739)",False,0.12,0.02,0.98,-0.06365881281389049,0.06882382075860409,757,0.8001937866210938,False,-0.249653602543145,0.0,-0.1561026159862602,-0.20843253742506268,-0.09952686513232487,-0.20843253742506268,-0.09952686513232487,-0.12215716547389902,,124.73647027077453,117.00158471066375,133.09893186637032,117.00158471066375,133.09893186637032,129.753947228132,,0.022954297187664792,0.04916629387157251,0.9777777777777777,0.9777777777777777,0.02396897192598718,0.05204128785644851,0.8888888888888888,0.8888888888888888,1.0,1.0,1.0,0.9666666666666667
2026-03-12,SBSP3.SA,target_best_sale,equity_br,"baseline_qroll_a0.88_cal(-0.008,0.769)",False,0.88,0.02,0.98,-0.17633448667896762,0.13811705999566243,757,0.8079860210418701,False,0.0,0.3,0.2306088470402974,0.08424376590467775,0.3452518478123613,0.08424376590467775,0.3,0.1427897983589256,,181.89629067661022,160.2620683912909,198.84167234083887,160.2620683912909,192.1529968261719,168.91575730541865,,0.06650621505832856,0.14302518748488102,0.9444444444444444,0.9444444444444444,0.037386349247874394,0.08054053029882893,0.9777777777777777,0.9777777777777777,1.0,1.0,1.0,1.0
2026-03-12,SEK=X,target_best_entry,fx,"baseline_qroll_a0.12_cal(+0.005,0.820)",False,0.12,0.02,0.98,-0.07125678224040714,0.0577682018130796,757,25.0,False,-0.08870503061780351,0.0,-0.06351953738346762,-0.08870503061780351,0.0,-0.08870503061780351,0.0,-0.02540781495338705,,8.56126706491526,8.331022289558897,9.141960144042969,8.331022289558897,9.141960144042969,8.909682912391885,,0.027190431504150785,0.05161063056620803,0.7777777777777778,0.7777777777777778,0.015639147468080653,0.035045072790555444,1.0,1.0,1.0,1.0,1.0,1.0
2026-03-12,SEK=X,target_best_sale,fx,"baseline_qroll_a0.88_cal(-0.006,0.833)",False,0.88,0.02,0.98,-0.05430591340813826,0.04735525730214673,757,0.500023365020752,False,0.0,0.15,0.08023442698474742,0.046693516251449636,0.1094824104591516,0.046693516251449636,0.1094824104591516,0.06010988054476875,,9.875460077717657,9.568830408598945,10.142843976934286,9.568830408598945,10.142843976934286,9.691482276246429,,0.008602987898487366,0.022385223306738655,1.0,1.0,0.007029701168182228,0.015383524063379304,0.9888888888888889,0.9888888888888889,1.0,1.0,1.0,1.0
2026-03-12,SI=F,target_best_entry,future,"baseline_qroll_a0.12_cal(+0.015,0.776)",False,0.12,0.02,0.98,-0.08564442576686783,0.11182614570062195,757,0.9501972198486328,False,-0.26130353492686936,0.0,-0.13089499884521058,-0.26130353492686936,0.0,-0.26130353492686936,0.0,-0.05235799953808423,,73.0326294412928,62.07413963974006,84.03199768066406,62.07413963974006,84.03199768066406,79.63225038491555,,0.07402229698440695,0.12038749491223853,0.9111111111111111,0.9111111111111111,0.022404143065259646,0.07253411059398342,0.9777777777777777,0.9777777777777777,1.0,1.0,0.9888888888888889,0.9888888888888889
2026-03-12,SI=F,target_best_sale,future,"baseline_qroll_a0.92_cal(-0.019,0.830)",False,0.92,0.02,0.98,-0.1619324338006494,0.13906754859325715,757,0.500023365020752,False,0.0,0.28,0.28,0.13932361578935437,0.4008128565598032,0.13932361578935437,0.28,0.19559416947361263,,107.56095703125,95.73963943953682,117.71310271347778,95.73963943953682,107.56095703125,100.46816647622211,,0.02860707960190735,0.15450699134235754,0.9,0.9,0.13906754859325712,0.13906754859325715,0.0,0.0,0.9444444444444444,0.9333333333333333,0.0,0.0
2026-03-12,SLCE3.SA,target_best_entry,equity_br,"baseline_qroll_a0.12_cal(+0.006,0.769)",False,0.12,0.02,0.98,-0.0713182060402385,0.06621851604333436,757,0.5992896556854248,False,-0.22,0.0,-0.1585228705260132,-0.20815764853674676,-0.11243728415895447,-0.20815764853674676,-0.11243728415895447,-0.13087151870577796,,14.162060024847587,13.326706714713774,14.937680439889135,13.326706714713774,14.937680439889135,14.627432273872516,,0.026324521797681674,0.050288603115782204,0.9333333333333333,0.9333333333333333,0.03434897195031476,0.06342967952264174,0.4666666666666667,0.4666666666666667,1.0,0.9888888888888889,0.7111111111111111,0.9888888888888889
2026-03-12,SLCE3.SA,target_best_sale,equity_br,"baseline_qroll_a0.88_cal(-0.013,0.864)",False,0.88,0.02,0.98,-0.17530666768093844,0.07520606671179116,757,0.5031075477600098,False,0.0,0.22,0.22,0.1175744842452348,0.263940257793629,0.1175744842452348,0.22,0.15854469054714088,,20.532599906921387,18.808778484583137,21.272114442235786,18.808778484583137,20.532599906921387,19.498307053518435,,0.049536966838960673,0.10179109595342671,0.9777777777777777,0.9777777777777777,0.0439483456966205,0.07825221215286537,0.24444444444444444,0.24444444444444444,1.0,1.0,0.9444444444444444,0.6222222222222222
2026-03-12,SMTO3.SA,target_best_entry,equity_br,"baseline_qroll_a0.12_cal(+0.002,0.781)",False,0.12,0.02,0.98,-0.1101370817202163,0.09982453171908504,757,0.500023365020752,False,-0.2602361467278141,0.0,-0.198169081196133,-0.2602361467278141,-0.13296221090557303,-0.2602361467278141,-0.13296221090557303,-0.159044959021797,,15.218750471848331,14.040717596469072,16.456376840113823,14.040717596469072,16.456376840113823,15.961326292807625,,0.025297788504980392,0.06119204600968957,0.9888888888888889,0.9888888888888889,0.09399699281241228,0.17238425964950999,0.12222222222222222,0.12222222222222222,1.0,1.0,0.4,0.5333333333333333
2026-03-12,SMTO3.SA,target_best_sale,equity_br,"baseline_qroll_a0.85_cal(-0.008,0.794)",False,0.85,0.02,0.98,-0.20861851723847452,0.1038251155822926,757,0.500023365020752,False,0.0,0.3,0.22080686129086524,0.08453413995159362,0.28862697252092473,0.08453413995159362,0.28862697252092473,0.13904322848730227,,23.170913668459594,20.584457479820916,24.458139348560536,20.584457479820916,24.458139348560536,21.619039955276385,,0.03888556630461691,0.0704953702914036,0.9444444444444444,0.9444444444444444,0.08234743902722474,0.20333611194665158,0.4111111111111111,0.4111111111111111,1.0,0.9666666666666667,0.8,0.5888888888888889
2026-03-12,SUZB3.SA,target_best_entry,equity_br,"baseline_qroll_a0.12_cal(-0.000,0.730)",False,0.12,0.02,0.98,-0.09185530462615547,0.1603040385863348,757,0.5860650539398193,False,-0.293673879100909,0.0,-0.1251727033148095,-0.2040748072675465,0.0,-0.2040748072675465,0.0,-0.0500690813259238,,48.02801992289747,43.69629429549716,54.900001525878906,43.69629429549716,54.900001525878906,52.15120888468633,,0.044163346326511484,0.09198606765684661,0.9444444444444444,0.9444444444444444,0.034387216075814714,0.062278341591339735,1.0,1.0,1.0,1.0,1.0,1.0
2026-03-12,SUZB3.SA,target_best_sale,equity_br,"baseline_qroll_a0.88_cal(-0.000,0.801)",False,0.88,0.02,0.98,-0.10697966093015954,0.175432494102425,757,0.500023365020752,False,0.0,0.11607062829395923,0.11607062829395923,0.03766810650899145,0.2446403939958339,0.03766810650899145,0.11607062829395923,0.06902911522297857,,61.27227919632699,56.96798063069951,68.33075952954181,56.96798063069951,61.27227919632699,58.6897000569505,,0.02616047541670023,0.05762290493871634,1.0,0.9555555555555556,0.06294785600154926,0.1602652548309795,0.6666666666666666,0.4111111111111111,1.0,1.0,0.6444444444444445,0.6
2026-03-12,SYNE3.SA,target_best_entry,equity_br,"baseline_qroll_a0.18_cal(+0.012,0.824)",False,0.18,0.02,0.98,-0.257954223238984,0.12120970213820684,757,0.7515945434570312,False,-0.22,0.0,-0.16135114765780434,-0.29274598202944385,-0.09961023666705712,-0.22,-0.09961023666705712,-0.124306601063356,,3.9919687291003405,3.3665292874174457,4.28585547954767,3.712800178527832,4.28585547954767,4.168300779368738,,0.04056140646634188,0.07953830501593345,0.7888888888888889,0.7888888888888889,0.02205572367317182,0.046469986523400265,1.0,1.0,1.0,1.0,1.0,1.0
2026-03-12,SYNE3.SA,target_best_sale,equity_br,"baseline_qroll_a0.88_cal(-0.023,0.875)",False,0.88,0.02,0.98,-0.12844859945016338,0.19906754859325718,757,1.8536174297332764,False,0.0,0.22,0.22,0.05863791066568838,0.4190675485932572,0.05863791066568838,0.22,0.12318274639941304,,5.80720027923584,5.039116697071666,6.754761856102689,5.039116697071666,5.80720027923584,5.346350129937336,,0.12577563137401804,0.19906754859325718,0.8111111111111111,0.14444444444444443,0.04326562094677501,0.0973179130458718,1.0,0.9555555555555556,0.5111111111111111,0.2222222222222222,1.0,1.0
2026-03-12,TAEE11.SA,target_best_entry,equity_br,"baseline_qroll_a0.12_cal(+0.007,0.862)",False,0.12,0.02,0.98,-0.032402223899126684,0.05136653295639346,757,0.8263275623321533,False,-0.1372456396753955,0.0,-0.1250468028068375,-0.1372456396753955,-0.07044841173704576,-0.1372456396753955,-0.07044841173704576,-0.09228776816496245,,37.465495636796696,36.94314144580783,39.80339872574307,36.94314144580783,39.80339872574307,38.86823749016452,,0.015631338829107923,0.02923402707959884,0.8444444444444444,0.8444444444444444,0.016867122921956447,0.08930374867420449,0.8666666666666667,0.8666666666666667,0.9888888888888889,0.9666666666666667,0.9222222222222223,0.9
2026-03-12,TAEE11.SA,target_best_sale,equity_br,"baseline_qroll_a0.88_cal(-0.003,0.782)",False,0.88,0.02,0.98,-0.07887874720531236,0.059518482766035684,757,1.0490546226501465,False,0.0,0.3,0.17419734762880953,0.06775720237735214,0.2545124664056521,0.06775720237735214,0.2545124664056521,0.1103332604779351,,50.279130067129024,45.721363079944574,53.718223428643206,45.721363079944574,53.718223428643206,47.544469874818354,,0.034114338440238264,0.07618699455122156,0.9555555555555556,0.9555555555555556,0.0666494743518342,0.1891981414569019,0.6555555555555556,0.6111111111111112,1.0,1.0,0.9222222222222223,0.9777777777777777
2026-03-12,TGMA3.SA,target_best_entry,equity_br,"baseline_qroll_a0.12_cal(+0.025,1.020)",False,0.12,0.02,0.98,-0.06458322880364403,0.1156827639831858,757,0.7657420635223389,False,-0.22527073061068312,0.0,-0.22527073061068312,-0.22527073061068312,-0.14106258228900792,-0.22527073061068312,-0.14106258228900792,-0.17474584161767798,,29.25377591178325,29.25377591178325,32.43347545106912,29.25377591178325,32.43347545106912,31.16159563535478,,0.023292458849469105,0.046696865116357206,0.9111111111111111,0.9111111111111111,0.04068634496621006,0.07284868241648215,0.7,0.7,1.0,0.9777777777777777,1.0,1.0
2026-03-12,TGMA3.SA,target_best_sale,equity_br,"baseline_qroll_a0.88_cal(-0.019,0.855)",False,0.88,0.02,0.98,-0.17074696517484914,0.10974225703640778,757,0.615142822265625,False,0.0,0.3,0.3,0.2001537149234156,0.3641730684336577,0.2001537149234156,0.3,0.24009222895404936,,49.08799781799316,45.31780226109001,51.51117277433571,45.31780226109001,49.08799781799316,46.82588048385127,,0.03786907193289715,0.08568031086282107,0.9111111111111111,0.9111111111111111,0.04294803649349305,0.10193849523354905,0.7222222222222222,0.7222222222222222,1.0,1.0,1.0,0.8666666666666667
2026-03-12,TIMS3.SA,target_best_entry,equity_br,"baseline_qroll_a0.12_cal(+0.022,0.913)",False,0.12,0.02,0.98,-0.06391295540186977,0.08539878527834105,757,0.6014859676361084,False,-0.22419366154393183,0.0,-0.19311794789581357,-0.22419366154393183,-0.129307023356964,-0.22419366154393183,-0.129307023356964,-0.15483139317250383,,21.60023290419036,20.768336035604904,23.308451383305687,20.768336035604904,23.308451383305687,22.62516399165956,,0.015535296660025235,0.03371307847441111,0.9444444444444444,0.9444444444444444,0.029605451322197683,0.058615379604535105,0.6555555555555556,0.6555555555555556,1.0,0.9666666666666667,0.8333333333333334,0.7555555555555555
2026-03-12,TIMS3.SA,target_best_sale,equity_br,"baseline_qroll_a0.90_cal(-0.005,0.756)",False,0.9,0.02,0.98,-0.10626755046073388,0.12673325892345869,757,0.6864879131317139,False,0.0,0.3,0.2675262778412705,0.17690057059460917,0.3756052838202079,0.17690057059460917,0.3,0.2131508534932737,,33.9316790380383,31.505628813560016,36.824954077569096,31.505628813560016,34.80100059509277,32.47604890335133,,0.053654256992868396,0.0843562158139616,0.8222222222222222,0.5,0.04859221678626333,0.12126868730066656,0.7,0.7,0.9666666666666667,0.8111111111111111,1.0,0.8888888888888888
2026-03-12,UGPA3.SA,target_best_entry,equity_br,"baseline_qroll_a0.12_cal(+0.004,0.808)",False,0.12,0.02,0.98,-0.08746040731426254,0.15182153636969414,757,0.6182153224945068,False,-0.25727357152053326,0.0,-0.18234196192067814,-0.22494827190549138,-0.10838214810806933,-0.22494827190549138,-0.10838214810806933,-0.13796607363311286,,22.150356376333544,20.996151432343748,24.153927743802488,20.996151432343748,24.153927743802488,23.35249919681491,,0.02763355210506013,0.05617292578073641,0.9111111111111111,0.9111111111111111,0.0183664233982358,0.0452967163868918,0.9666666666666667,0.9666666666666667,1.0,1.0,1.0,1.0
2026-03-12,UGPA3.SA,target_best_sale,equity_br,"baseline_qroll_a0.92_cal(-0.008,0.751)",False,0.92,0.02,0.98,-0.1570677275431941,0.14597447004371963,757,0.6032617092132568,False,0.0,0.3,0.25550450401206415,0.18083979394909627,0.3248958529090705,0.18083979394909627,0.3,0.2107056779742834,,34.01161720526161,31.98895019826287,35.89142885746978,31.98895019826287,35.21700019836426,32.79801700106236,,0.06306512356643146,0.1529370248351185,0.7555555555555555,0.7555555555555555,0.11108983166735456,0.16272853320271702,0.14444444444444443,0.14444444444444443,0.9666666666666667,0.8888888888888888,0.8333333333333334,0.7555555555555555
2026-03-12,UNIP6.SA,target_best_entry,equity_br,"baseline_qroll_a0.12_cal(+0.019,0.845)",False,0.12,0.02,0.98,-0.07550949738103073,0.10170806343585974,757,0.6219186782836914,False,-0.22,0.0,-0.20072801182477532,-0.2517769809888737,-0.1319672337218912,-0.22,-0.1319672337218912,-0.15947154496304486,,53.95085920182767,50.50505378325103,58.592211723772344,52.65,58.592211723772344,56.73567071499448,,0.02338579553841012,0.061709275433255835,0.8555555555555555,0.8555555555555555,0.072301301601977,0.15119247111199502,0.3,0.3,0.9888888888888889,0.9555555555555556,0.7666666666666667,0.7333333333333333
2026-03-12,UNIP6.SA,target_best_sale,equity_br,"baseline_ewmgauss_a0.88_cal(-0.030,0.700)",False,0.88,0.02,0.98,-0.13671755239352992,0.22903001450178134,757,1.3188738822937012,False,0.0,0.22,0.18413476548009244,0.0,0.4190675485932572,0.0,0.22,0.07365390619203697,,79.92909666990624,67.5,95.78705953004486,67.5,82.35,72.4716386679625,,0.03575390272211643,0.085843609809495,1.0,0.9444444444444444,0.11048793307224931,0.17497239489667074,0.7333333333333333,0.4666666666666667,1.0,0.9777777777777777,0.9888888888888889,0.8666666666666667
2026-03-12,USIM5.SA,target_best_entry,equity_br,"baseline_ewmgauss_a0.08_cal(-0.030,0.700)",False,0.08,0.02,0.98,-0.08695141269870794,0.2115832641626372,757,1.2234511375427246,False,-0.3,0.0,-0.22698120238802952,-0.34309724621699267,0.0,-0.3,0.0,-0.09079248095521181,,5.179225796558567,4.401248325051892,6.699999809265137,4.6899998664855955,6.699999809265137,6.091690204182509,,0.03499023540989976,0.07423386611086534,0.9666666666666667,0.7888888888888889,0.18568404321298437,0.22710465921149062,1.0,1.0,1.0,1.0,1.0,1.0
2026-03-12,USIM5.SA,target_best_sale,equity_br,"baseline_qroll_a0.82_cal(-0.021,0.900)",False,0.82,0.02,0.98,-0.2048477412580385,0.1626071862382668,757,0.9343674182891846,False,0.0,0.3,0.3,0.09108105464725808,0.4190675485932572,0.09108105464725808,0.3,0.17464863278835485,,8.709999752044679,7.310242858029433,9.507752304909168,7.310242858029433,8.709999752044679,7.870145615635532,,0.05093801702623738,0.1044484657796225,0.9888888888888889,0.9888888888888889,0.07526754777507429,0.11906754859325719,1.0,0.2222222222222222,1.0,1.0,1.0,0.4666666666666667
2026-03-12,USO,target_best_entry,other,"baseline_ewmgauss_a0.18_cal(-0.011,0.700)",False,0.18,0.02,0.98,-0.10685175539414356,0.1384184884153872,757,1.4443440437316895,False,-0.23819148951970573,0.0,-0.12396180270827553,-0.23819148951970573,0.0,-0.23819148951970573,0.0,-0.04958472108331022,,94.65592989082724,82.31341188225088,108.05000305175781,82.31341188225088,108.05000305175781,102.69237378738558,,0.0781669865091265,0.13514982415329665,1.0,1.0,0.04314753299523353,0.08578987947156111,1.0,1.0,1.0,1.0,1.0,1.0
2026-03-12,USO,target_best_sale,other,"baseline_ewmgauss_a0.92_cal(+0.010,0.700)",False,0.92,0.02,0.98,-0.19065072108746217,0.10741563301619719,757,1.214771032333374,False,0.0,0.25,0.1682935028705937,0.0,0.3612390981639635,0.0,0.25,0.06731740114823748,,126.23411655051646,108.05000305175781,147.08188871078832,108.05000305175781,135.06250381469727,115.32364845126126,,0.06074556882495015,0.1314892067218777,1.0,0.8333333333333334,0.09639216405514313,0.25528201247375404,0.8888888888888888,0.8888888888888888,1.0,1.0,0.9222222222222223,0.8888888888888888
2026-03-12,VALE3.SA,target_best_entry,equity_br,"baseline_qroll_a0.12_cal(+0.030,1.037)",False,0.12,0.02,0.98,-0.06761312319166979,0.11671421836805657,757,0.6917333602905273,False,-0.20314303846431864,0.0,-0.20314303846431864,-0.20314303846431864,-0.07900425351326064,-0.20314303846431864,-0.07900425351326064,-0.12865976749368385,,64.19479487586293,64.19479487586293,74.19541508844695,64.19479487586293,74.19541508844695,70.19516700341335,,0.03968053366026233,0.0720945715492417,0.9444444444444444,0.9444444444444444,0.013056473352066236,0.028689209426428938,0.9333333333333333,0.9333333333333333,1.0,1.0,0.9333333333333333,0.9333333333333333
2026-03-12,VALE3.SA,target_best_sale,equity_br,"baseline_qroll_a0.88_cal(-0.023,0.825)",False,0.88,0.02,0.98,-0.09251611340818315,0.10872062245014116,757,0.6152713298797607,False,0.0,0.3,0.2713542394821915,0.18382985571046173,0.3742088140279681,0.18382985571046173,0.3,0.21883960921915363,,102.42029442879316,95.3693302858252,110.70625870309112,95.3693302858252,104.72799682617188,98.18971594301237,,0.03498605786753869,0.059214444463386785,0.7777777777777778,0.7777777777777778,0.10995030650398736,0.14185630141474664,0.05555555555555555,0.0,1.0,1.0,0.12222222222222222,0.0
2026-03-12,VIVT3.SA,target_best_entry,equity_br,"baseline_qroll_a0.12_cal(+0.003,0.722)",False,0.12,0.02,0.98,-0.06609838100875266,0.06527014374720519,757,0.6405055522918701,False,-0.23057975973039255,0.0,-0.10699246586941585,-0.15874317119074943,-0.05589021610485022,-0.15874317119074943,-0.05589021610485022,-0.07633111601067648,,36.88121047828244,34.74390638799402,38.99173335457108,34.74390638799402,38.99173335457108,38.14752420405563,,0.017030613838609945,0.042759621882290384,1.0,1.0,0.018467965417772104,0.03810888096115959,0.9111111111111111,0.9111111111111111,1.0,1.0,1.0,1.0
2026-03-12,VIVT3.SA,target_best_sale,equity_br,"baseline_ewmgauss_a0.92_cal(+0.030,0.700)",False,0.92,0.02,0.98,-0.16951909946713328,0.11140132814590015,757,0.5218579769134521,False,0.0,0.3,0.20510342683007401,0.0969666264620123,0.27616670654496983,0.0969666264620123,0.27616670654496983,0.140221346609237,,49.77077060866111,45.304720835961994,52.70568400666932,45.304720835961994,52.70568400666932,47.091140745041635,,0.04106124287841007,0.114955950008434,0.8333333333333334,0.8333333333333334,0.08127052806227018,0.13012861073669071,0.36666666666666664,0.36666666666666664,1.0,0.9555555555555556,0.6444444444444445,0.8666666666666667
2026-03-12,VULC3.SA,target_best_entry,equity_br,"baseline_qroll_a0.12_cal(+0.027,0.935)",False,0.12,0.02,0.98,-0.0767607654008129,0.08976184168021231,757,0.7848780155181885,False,-0.26,0.0,-0.26,-0.27319764885543013,-0.190604399181134,-0.26,-0.190604399181134,-0.2183626395086804,,12.513399887084962,12.290227646953438,13.686879486343056,12.513399887084962,13.686879486343056,13.21748764663982,,0.03704828093840942,0.08275737259182332,0.8777777777777778,0.8777777777777778,0.0305153422612333,0.05480216639395282,0.9555555555555556,0.9555555555555556,1.0,1.0,1.0,1.0
2026-03-12,VULC3.SA,target_best_sale,equity_br,"baseline_ewmgauss_a0.92_cal(-0.011,0.700)",False,0.92,0.02,0.98,-0.21918022151782882,0.18347603988378225,757,0.8599381446838379,False,0.0,0.26,0.19974644228666494,0.014091465347380788,0.3551584576484797,0.014091465347380788,0.26,0.08835345612309445,,20.287712156000723,17.14828652428613,22.91572931205502,17.14828652428613,21.306599807739257,18.40405677697197,,0.1287377882372809,0.2015106675483288,0.7444444444444445,0.43333333333333335,0.09315582689530498,0.1751264815258313,0.9222222222222223,0.9222222222222223,1.0,0.5666666666666667,1.0,1.0
2026-03-12,WEGE3.SA,target_best_entry,equity_br,"baseline_ewmgauss_a0.08_cal(-0.003,0.700)",False,0.08,0.02,0.98,-0.09184233366365975,0.1318749886923574,757,2.090129852294922,False,-0.25861073126430617,0.0,-0.13602802987000787,-0.25861073126430617,0.0,-0.25861073126430617,0.0,-0.05441121194800315,,40.503006882515656,34.756329710218495,46.880001068115234,34.756329710218495,46.880001068115234,44.3292033938754,,0.03195744579770707,0.1241651759885852,0.9444444444444444,0.9444444444444444,0.12011287832051527,0.14253727579297906,1.0,1.0,1.0,1.0,1.0,1.0
2026-03-12,WEGE3.SA,target_best_sale,equity_br,"baseline_qroll_a0.90_cal(-0.015,0.831)",False,0.9,0.02,0.98,-0.170317919316479,0.15906754859325717,757,0.500023365020752,False,0.0,0.26,0.26,0.16757654783944897,0.3463184098696454,0.16757654783944897,0.26,0.2045459287036694,,59.06880134582519,54.735989809819664,63.115408492712184,54.735989809819664,59.06880134582519,56.469114424221885,,0.04847339149580481,0.0904322243781483,0.9222222222222223,0.9222222222222223,0.07448334677936547,0.1566731527531759,0.5666666666666667,0.16666666666666666,1.0,1.0,0.5777777777777777,0.4222222222222222
2026-03-12,WIZC3.SA,target_best_entry,equity_br,"baseline_qroll_a0.18_cal(-0.002,0.907)",False,0.18,0.02,0.98,-0.10964440856329315,0.13634948825157417,757,0.5222551822662354,False,-0.16396436089240743,0.0,-0.16396436089240743,-0.2207010525492482,-0.09340883531782314,-0.16396436089240743,-0.09340883531782314,-0.12163104554765686,,8.117906087626952,7.566992809474695,8.803000243647645,8.117906087626952,8.803000243647645,8.52896258123937,,0.034603556574580335,0.06640162509236379,0.9666666666666667,0.9666666666666667,0.016338386593069888,0.04174964923120401,1.0,1.0,1.0,1.0,1.0,1.0
2026-03-12,WIZC3.SA,target_best_sale,equity_br,"baseline_qroll_a0.92_cal(+0.005,0.700)",False,0.92,0.02,0.98,-0.22237507931830597,0.15918035696753743,757,0.9727795124053955,False,0.0,0.3,0.2392345243359409,0.024898440049027498,0.39266041410922203,0.024898440049027498,0.3,0.11063287376379285,,12.03296727857503,9.95176389197283,13.522732674126324,9.95176389197283,12.623000049591065,10.784245246613711,,0.11929537938451702,0.17627308092396815,0.9444444444444444,0.34444444444444444,0.07360593703531422,0.11846054044764084,0.9666666666666667,0.9111111111111111,1.0,0.6333333333333333,1.0,1.0
2026-03-12,XPML11.SA,target_best_entry,equity_br,"baseline_qroll_a0.12_cal(-0.001,0.789)",False,0.12,0.02,0.98,-0.10586715604133014,0.036752550269386626,757,0.6778311729431152,False,-0.043788118607517884,0.0,-0.043788118607517884,-0.14824414705831618,0.0,-0.043788118607517884,0.0,-0.017515247443007153,,104.85819841525209,93.40354995280813,109.66000366210938,104.85819841525209,109.66000366210938,107.73928156336646,,0.008550084069695978,0.019403974085562273,0.9444444444444444,0.9444444444444444,0.28531401575011756,0.4629980798947968,0.35555555555555557,0.35555555555555557,1.0,1.0,0.35555555555555557,0.35555555555555557
2026-03-12,XPML11.SA,target_best_sale,equity_br,"baseline_ewmgauss_a0.82_cal(+0.008,0.700)",False,0.82,0.02,0.98,-0.0727306580311688,0.06810414876594598,757,1.2174346446990967,False,0.0,0.10586774995143935,0.10586774995143935,0.0,0.2768120622415804,0.0,0.10586774995143935,0.042347099980575745,,121.26946150948349,109.66000366210938,140.01521542123712,109.66000366210938,121.26946150948349,114.30378680105902,,0.04272214356404759,0.07241077191987524,0.8888888888888888,0.8666666666666667,0.1922892825666586,0.3326290584046114,0.4111111111111111,0.4111111111111111,1.0,1.0,0.4111111111111111,0.4111111111111111
2026-03-12,ZC=F,target_best_entry,future,"baseline_qroll_a0.12_cal(+0.014,0.867)",False,0.12,0.02,0.98,-0.07135830361039805,0.1258166145598762,757,12.877537965774536,False,-0.17781869464307948,0.0,-0.16200689709799454,-0.17781869464307948,0.0,-0.17781869464307948,0.0,-0.06480275883919782,,365.5744911409999,358.67659446195654,436.25,358.67659446195654,436.25,407.9797964563999,,0.02335068126229856,0.06847256634573405,0.8222222222222222,0.8222222222222222,0.012745378349631787,0.02959344981487213,1.0,1.0,1.0,1.0,1.0,1.0
2026-03-12,ZC=F,target_best_sale,future,"baseline_qroll_a0.88_cal(-0.019,0.870)",False,0.88,0.02,0.98,-0.09657669288673006,0.08696456581449373,757,1.0093574523925781,False,0.0,0.28,0.24388072372898467,0.13391838056404784,0.3428986870019542,0.13391838056404784,0.28,0.17790331783002258,,542.6429657267695,494.67189352106584,585.8395522046025,494.67189352106584,558.4,513.8603224033474,,0.02440070587509807,0.06020081335315801,1.0,1.0,0.02298801005005656,0.06567404742250438,1.0,1.0,1.0,1.0,1.0,1.0
2026-03-12,ZS=F,target_best_entry,future,"baseline_qroll_a0.12_cal(+0.008,0.772)",False,0.12,0.02,0.98,-0.09035396400851768,0.12660495265146413,757,0.5374424457550049,False,-0.19797155686979026,0.0,-0.12521546642079526,-0.16768604608283677,-0.06570523035980616,-0.16768604608283677,-0.06570523035980616,-0.0895093247842018,,1050.1788325618352,999.1929016775545,1121.6208709530526,999.1929016775545,1121.6208709530526,1093.0440555965656,,0.02251070844514547,0.04591735018362855,0.9666666666666667,0.9666666666666667,0.021202107728459367,0.04731461701591089,0.9111111111111111,0.9111111111111111,1.0,1.0,1.0,0.9888888888888889
2026-03-12,ZS=F,target_best_sale,future,"baseline_qroll_a0.88_cal(-0.006,0.763)",False,0.88,0.02,0.98,-0.11356831740150657,0.07313720609238532,757,0.5565316677093506,False,0.0,0.28,0.1757799704876205,0.12050149108541044,0.211378926543471,0.12050149108541044,0.211378926543471,0.14261288284629448,,1411.5238545703883,1345.1620400480354,1454.260401315437,1345.1620400480354,1454.260401315437,1371.7067658569765,,0.017480995070572807,0.03849623816469861,0.9555555555555556,0.9555555555555556,0.04718551387833268,0.09213760556782412,0.5888888888888889,0.5888888888888889,1.0,1.0,1.0,1.0
2026-03-12,ZW=F,target_best_entry,future,"baseline_qroll_a0.18_cal(-0.001,0.700)",False,0.18,0.02,0.98,-0.12303001556566986,0.10176826304351284,757,0.6829948425292969,False,-0.2640319992452212,0.0,-0.11917001418124652,-0.22600198000682326,-0.03080049273068919,-0.22600198000682326,-0.03080049273068919,-0.06614830131091212,,518.3684466543365,455.4978347659845,570.3739100279894,455.4978347659845,570.3739100279894,549.5717246785282,,0.023263607828368435,0.05212488932349223,1.0,1.0,0.017009886376236245,0.03739909059311963,1.0,1.0,1.0,1.0,1.0,1.0
2026-03-12,ZW=F,target_best_sale,future,"baseline_qroll_a0.88_cal(-0.010,0.781)",False,0.88,0.02,0.98,-0.19034412920495755,0.13320119639681396,757,0.500023365020752,False,0.0,0.28,0.21570455788586332,0.09469978478758595,0.30038266492146376,0.09469978478758595,0.28,0.1431016940268969,,715.4421323158306,644.2308233474943,765.2751983062815,644.2308233474943,753.28,672.7153469348289,,0.028713769921990165,0.06752965878537336,0.9444444444444444,0.9444444444444444,0.03125465398562177,0.07012245373380313,0.9222222222222223,0.9222222222222223,1.0,1.0,1.0,0.9555555555555556
2026-03-12,^BSESN,target_best_entry,index,"baseline_qroll_a0.15_cal(+0.006,0.821)",False,0.15,0.02,0.98,-0.04018220642388754,0.04384931659087558,757,1.0156543254852295,False,-0.15497263483584064,0.0,-0.08853043249331462,-0.14806436614123053,-0.023563310556582437,-0.14806436614123053,-0.023563310556582437,-0.04955015933127531,,69303.0616220271,64776.433395163214,74242.79917936916,64776.433395163214,74242.79917936916,72266.90415643234,,0.02438846569269073,0.04839282418522461,0.9777777777777777,0.9777777777777777,0.017764238316206753,0.03962107322991522,0.8222222222222222,0.8222222222222222,1.0,1.0,1.0,0.9222222222222223
2026-03-12,^BSESN,target_best_sale,index,"baseline_qroll_a0.88_cal(-0.005,0.768)",False,0.88,0.02,0.98,-0.06244847081553645,0.058127208218957845,757,0.8600783348083496,False,0.0,0.15,0.13734555911862478,0.058994532286629306,0.21027491017167715,0.058994532286629306,0.15,0.09033494301942749,,86477.41205968327,80520.03703119987,92022.55310472104,80520.03703119987,87439.58515624999,82902.98704259325,,0.03429726128654382,0.06267839428114293,0.9888888888888889,0.9888888888888889,0.01757307003608199,0.03155008293289134,0.9666666666666667,0.9666666666666667,1.0,1.0,1.0,1.0
2026-03-12,^BVSP,target_best_entry,index,"baseline_qroll_a0.12_cal(+0.030,1.193)",False,0.12,0.02,0.98,-0.04124744314649524,0.06209066160528249,757,0.6132268905639648,False,-0.11918514341709993,0.0,-0.11918514341709993,-0.11918514341709993,-0.06996379243000936,-0.11918514341709993,-0.06996379243000936,-0.08965233282484558,,162042.62835069952,162042.62835069952,171097.83107044362,162042.62835069952,171097.83107044362,167475.749982546,,0.02245494159057657,0.04542938762128674,0.6888888888888889,0.6888888888888889,0.017659737143240213,0.03703086985752375,0.8,0.8,1.0,0.9111111111111111,0.8555555555555555,0.8555555555555555
2026-03-12,^BVSP,target_best_sale,index,"baseline_ewmgauss_a0.88_cal(-0.030,0.700)",False,0.88,0.02,0.98,-0.07112403420957134,0.09524335250403199,757,0.5625131130218506,False,0.0,0.15,0.0881241529603907,0.03640456163723947,0.1573826999831982,0.03640456163723947,0.15,0.05709239816649997,,200181.11229597012,190666.3107998413,212922.53793320898,190666.3107998413,211564.34999999998,194472.23139829282,,0.020959934179272423,0.05498893097225985,0.9333333333333333,0.9333333333333333,0.11493791607399678,0.1749164740008822,0.0,0.0,1.0,1.0,0.26666666666666666,0.07777777777777778
2026-03-12,^FVX,target_best_entry,index,"baseline_ewmgauss_a0.18_cal(+0.009,0.768)",False,0.18,0.02,0.98,-0.10049119063197418,0.13698345907927637,757,0.6133086681365967,False,-0.18,0.0,-0.10538794190862971,-0.16939706659486783,-0.018134608984462466,-0.16939706659486783,-0.018134608984462466,-0.053035942154129365,,3.3834228617170234,3.1413403480026885,3.7134149724945895,3.1413403480026885,3.7134149724945895,3.5814181281835635,,0.048176304602388566,0.09335797589539901,0.9555555555555556,0.9555555555555556,0.07594890931632521,0.10412802622640471,0.2222222222222222,0.2222222222222222,1.0,1.0,0.9666666666666667,1.0
2026-03-12,^FVX,target_best_sale,index,"baseline_qroll_a0.82_cal(-0.022,0.912)",False,0.82,0.02,0.98,-0.08468522273667636,0.1252582896477817,757,0.6012406349182129,False,0.0,0.15,0.15,0.09712008448694873,0.2282149182565161,0.09712008448694873,0.15,0.11827205069216923,,4.349300074577331,4.1493082306777165,4.645108900495702,4.1493082306777165,4.349300074577331,4.229304968237563,,0.029594203877008004,0.06804842938513528,0.9555555555555556,0.9555555555555556,0.018427270633391852,0.04501564451491252,0.9888888888888889,0.9888888888888889,0.9777777777777777,0.9555555555555556,1.0,1.0
2026-03-12,^GDAXI,target_best_entry,index,"baseline_ewmgauss_a0.18_cal(-0.015,0.700)",False,0.18,0.02,0.98,-0.1006227170461131,0.09350032149191806,757,25.0,False,-0.13964245592073007,0.0,-0.0826819528888434,-0.13964245592073007,0.0,-0.13964245592073007,0.0,-0.03307278115553736,,21685.425508259905,20338.877547821365,23640.029296875,20338.877547821365,23640.029296875,22858.187781428962,,0.07591717607423744,0.10253290818372642,0.8,0.8,0.049092198137449077,0.07907850171479615,1.0,1.0,1.0,0.8777777777777778,1.0,1.0
2026-03-12,^GDAXI,target_best_sale,index,"baseline_ewmgauss_a0.88_cal(+0.009,0.700)",False,0.88,0.02,0.98,-0.08926525454558487,0.08741912131360904,757,0.9124393463134766,False,0.0,0.15,0.09529407056073876,0.0,0.19807883486760058,0.0,0.15,0.038117628224295506,,25892.78391674934,23640.029296875,28322.618756235945,23640.029296875,27186.033691406246,24541.131144824732,,0.06024148396451211,0.09778178870249415,0.8777777777777778,0.6888888888888889,0.0402965160464099,0.0781942262862833,0.7666666666666667,0.7666666666666667,1.0,0.9222222222222223,1.0,1.0
2026-03-12,^HSI,target_best_entry,index,"baseline_ewmgauss_a0.18_cal(-0.014,0.700)",False,0.18,0.02,0.98,-0.08043237191196144,0.11693732413345732,757,1.4817163944244385,False,-0.18,0.0,-0.0971815560665495,-0.2275472660626257,0.0,-0.18,0.0,-0.038872622426619804,,23437.076875331437,20052.796029480192,25959.900390625,21287.1183203125,25959.900390625,24950.770984507573,,0.0872068526966597,0.11638542224400637,1.0,0.8555555555555555,0.05258762748915361,0.07144396873044816,1.0,1.0,1.0,1.0,1.0,1.0
2026-03-12,^HSI,target_best_sale,index,"baseline_qroll_a0.92_cal(-0.011,0.760)",False,0.92,0.02,0.98,-0.13255833509634293,0.19825861684132048,757,0.9153716564178467,False,0.0,0.15,0.13614449968655698,0.0034136380545662925,0.33466115290334253,0.0034136380545662925,0.15,0.05650598270736257,,29494.198041219497,26048.518094491184,34647.67058460749,26048.518094491184,29853.88544921875,27426.790073182514,,0.051611688817506295,0.1349696507026485,0.8888888888888888,0.6555555555555556,0.02701607261297998,0.05588860986090236,1.0,1.0,0.8888888888888888,0.9888888888888889,1.0,1.0
2026-03-12,^IRX,target_best_entry,index,"baseline_qroll_a0.08_cal(+0.030,1.300)",False,0.08,0.02,0.98,-0.07504290983781213,0.04594690504688322,757,0.5189023017883301,False,-0.0699599412683344,0.0,-0.0699599412683344,-0.0699599412683344,-0.05531772938915996,-0.0699599412683344,-0.05531772938915996,-0.06117461414082973,,3.3481441227384643,3.3481441227384643,3.4008560841071023,3.3481441227384643,3.4008560841071023,3.379771299559647,,0.016326218157753966,0.040681153622094166,0.8666666666666667,0.8666666666666667,0.01631176377246784,0.043315489946388355,0.28888888888888886,0.28888888888888886,0.9666666666666667,0.8888888888888888,0.8777777777777778,0.5777777777777777
2026-03-12,^IRX,target_best_sale,index,"baseline_qroll_a0.88_cal(-0.030,1.300)",False,0.88,0.02,0.98,-0.040337109968331404,0.024974255783463937,757,1.9814825057983398,False,0.0,0.15,0.15,0.1009137507427652,0.15246354590651348,0.1009137507427652,0.15,0.12054825044565912,,4.139999890327453,3.9632893976826375,4.148868655355961,3.9632893976826375,4.139999890327453,4.033973594740565,,0.015438847757569523,0.026794167097819552,0.8555555555555555,0.8555555555555555,0.006304800967878362,0.021807590317042824,1.0,1.0,0.9666666666666667,0.9111111111111111,1.0,1.0
2026-03-12,^IXIC,target_best_entry,index,"baseline_qroll_a0.12_cal(+0.006,0.783)",False,0.12,0.02,0.98,-0.08178656770537407,0.12832374155836448,757,13.106573581695557,False,-0.18,0.0,-0.12098204285636101,-0.19196483049905405,0.0,-0.18,0.0,-0.048392817142544405,,19967.886942215388,18355.432649360748,22716.130859375,18627.2273046875,22716.130859375,21616.833292511157,,0.07893282901010339,0.14309078344398757,1.0,0.9777777777777777,0.015945361330581873,0.04254471482293749,1.0,1.0,1.0,1.0,1.0,1.0
2026-03-12,^IXIC,target_best_sale,index,"baseline_ewmgauss_a0.90_cal(+0.013,0.700)",False,0.9,0.02,0.98,-0.11985873894157081,0.10916133327143446,757,1.0350823402404785,False,0.0,0.15,0.13130257598693748,0.0,0.25254281618607577,0.0,0.15,0.052521030394774994,,25698.817357667303,22716.130859375,28452.92651945298,22716.130859375,26123.55048828125,23909.20545869192,,0.05736434827311007,0.19273876393602707,0.9444444444444444,0.43333333333333335,0.09028455391192103,0.1247130293581658,0.23333333333333334,0.23333333333333334,0.8888888888888888,0.6666666666666666,0.5666666666666667,0.9888888888888889
2026-03-12,^JKSE,target_best_entry,index,"baseline_qroll_a0.15_cal(+0.008,0.898)",False,0.15,0.02,0.98,-0.03924856522036791,0.08507075750814472,757,1.2698657512664795,False,-0.14509589728293992,0.0,-0.09905330139365565,-0.14509589728293992,0.0,-0.14509589728293992,0.0,-0.03962132055746226,,6632.87517483115,6293.904188277534,7362.1171875,6293.904188277534,7362.1171875,7070.42038243246,,0.04851274339673481,0.08972889287314093,1.0,1.0,0.024663725420911338,0.06702784548535688,0.8333333333333334,0.8333333333333334,1.0,1.0,0.9888888888888889,0.8888888888888888
2026-03-12,^JKSE,target_best_sale,index,"baseline_qroll_a0.88_cal(-0.008,0.793)",False,0.88,0.02,0.98,-0.04464232933380503,0.0745672947830004,757,0.8229513168334961,False,0.0,0.15,0.1317228527395812,0.07257974828337892,0.230511185924245,0.07257974828337892,0.15,0.09623699006585984,,8331.876265640603,7896.457799801488,9059.167551303892,7896.457799801488,8466.434765625,8070.625186137133,,0.020558932207644945,0.06921936454245703,0.9888888888888889,0.8666666666666667,0.016506662494524666,0.041312230425995924,0.9444444444444444,0.9444444444444444,0.9888888888888889,0.9666666666666667,1.0,0.9666666666666667
2026-03-12,^KS11,target_best_entry,index,"baseline_qroll_a0.12_cal(+0.010,0.834)",False,0.12,0.02,0.98,-0.054958323623917615,0.09910892262378755,757,1.0525009632110596,False,-0.18,0.0,-0.10181664707309848,-0.1999585658208083,0.0,-0.18,0.0,-0.0407266588292394,,5038.7638761787075,4488.192599931649,5609.9501953125,4600.15916015625,5609.9501953125,5381.475667658982,,0.0577524399989998,0.10427876717603782,1.0,1.0,0.019571513712505356,0.04790873066625771,0.9888888888888889,0.9888888888888889,1.0,1.0,1.0,0.9888888888888889
2026-03-12,^KS11,target_best_sale,index,"baseline_qroll_a0.88_cal(-0.005,0.726)",False,0.88,0.02,0.98,-0.05053264578532695,0.1447637311685517,757,1.50386643409729,False,0.0,0.15,0.124371498031894,0.0,0.4190675485932572,0.0,0.15,0.0497485992127576,,6307.668104987832,5609.9501953125,7960.898271392373,5609.9501953125,6451.442724609375,5889.037359182633,,0.10529035157489142,0.1722606712422127,1.0,0.12222222222222222,0.16509697325778216,0.2690675485932572,1.0,0.0,0.35555555555555557,0.18888888888888888,0.022222222222222223,0.0
2026-03-12,^MXX,target_best_entry,index,"baseline_qroll_a0.12_cal(+0.010,0.905)",False,0.12,0.02,0.98,-0.041973310828753274,0.06380536015231893,757,0.8443653583526611,False,-0.12269428140372622,0.0,-0.11307706071717309,-0.12269428140372622,-0.043205530668221345,-0.12269428140372622,-0.043205530668221345,-0.07115414268780204,,59920.31976355482,59270.58243773832,64640.8250492648,59270.58243773832,64640.8250492648,62752.622934980805,,0.018887163546484866,0.0577237379666816,1.0,1.0,0.010964013853440936,0.022285680075077495,1.0,1.0,1.0,1.0,1.0,1.0
2026-03-12,^MXX,target_best_sale,index,"baseline_ewmgauss_a0.88_cal(-0.006,0.700)",False,0.88,0.02,0.98,-0.06955360955505921,0.10445173289542764,757,0.6446411609649658,False,0.0,0.15,0.08336456821816904,0.025214478767448152,0.17069113041971506,0.025214478767448152,0.15,0.048474514547736505,,73191.87324282019,69263.26591986157,79091.63668247117,69263.26591986157,77693.74843749999,70834.70884904503,,0.04315500718215472,0.07636332653510187,0.9555555555555556,0.9333333333333333,0.03763697001842277,0.07854641044076728,0.8777777777777778,0.8777777777777778,1.0,1.0,1.0,0.9555555555555556
2026-03-12,^N225,target_best_entry,index,"baseline_qroll_a0.15_cal(+0.004,0.734)",False,0.15,0.02,0.98,-0.10647705913153933,0.15253005778497222,757,1.2440941333770752,False,-0.18,0.0,-0.10338435997894471,-0.2666732829775059,0.0,-0.18,0.0,-0.04135374399157789,,47277.39390952147,38667.378213739925,52728.71875,43237.549375,52728.71875,50548.188813808585,,0.0764722563190358,0.15245729213824866,1.0,0.9111111111111111,0.01522714757391485,0.03736170188973982,1.0,1.0,1.0,1.0,1.0,1.0
2026-03-12,^N225,target_best_sale,index,"baseline_qroll_a0.90_cal(-0.006,0.718)",False,0.9,0.02,0.98,-0.10034902326612997,0.11354648865791153,757,0.6631813049316406,False,0.0,0.15,0.1368216248635597,0.0475860853056093,0.23779303296015786,0.0475860853056093,0.15,0.08328030112878947,,59943.147726348645,55237.87205849298,65267.240705665645,55237.87205849298,60638.026562499996,57119.98232563525,,0.046308268840200485,0.1551926638185262,0.8111111111111111,0.23333333333333334,0.040885724473914926,0.08562291435474309,0.8555555555555555,0.26666666666666666,0.8666666666666667,0.6555555555555556,0.8888888888888888,0.6222222222222222
2026-03-12,^NDX,target_best_entry,index,"baseline_qroll_a0.18_cal(+0.002,0.763)",False,0.18,0.02,0.98,-0.08553872111686231,0.12111108353851885,757,13.209835290908813,False,-0.18,0.0,-0.08947218044048222,-0.193095269980452,0.0,-0.18,0.0,-0.035788872176192886,,22731.3359071766,20144.38446486702,24965.009765625,20471.308007812502,24965.009765625,24071.54022224564,,0.07226239715122319,0.1321232141436397,1.0,0.9777777777777777,0.016061944074228236,0.041444203254860514,1.0,1.0,1.0,1.0,1.0,1.0
2026-03-12,^NDX,target_best_sale,index,"baseline_ewmgauss_a0.90_cal(+0.018,0.700)",False,0.9,0.02,0.98,-0.13029779932704852,0.10008089273227584,757,0.9988198280334473,False,0.0,0.15,0.1323162021522351,0.0,0.2411040805143691,0.0,0.15,0.05292648086089405,,28268.28504450596,24965.009765625,30984.175490198264,24965.009765625,28709.761230468746,26286.319877177382,,0.0539591512500574,0.1719585090211325,0.9444444444444444,0.5,0.09053219713893408,0.12460607503935882,0.28888888888888886,0.28888888888888886,0.9333333333333333,0.7666666666666667,0.6,0.9888888888888889
2026-03-12,^RUT,target_best_entry,index,"baseline_qroll_a0.12_cal(+0.010,0.854)",False,0.12,0.02,0.98,-0.07236736793932846,0.13792194932861224,757,13.192007780075073,False,-0.18,0.0,-0.13523579274357073,-0.18089657286025743,0.0,-0.18,0.0,-0.05409431709742829,,2208.322345584822,2091.7197847914913,2553.669921875,2094.0093359375,2553.669921875,2415.530891358929,,0.07851942832451125,0.1491625765085091,1.0,1.0,0.025529696963615543,0.05178900976641708,1.0,1.0,1.0,1.0,1.0,1.0
2026-03-12,^RUT,target_best_sale,index,"baseline_qroll_a0.92_cal(-0.003,0.700)",False,0.92,0.02,0.98,-0.08517355379393553,0.10257741379650753,757,0.545853853225708,False,0.0,0.15,0.11896078298350081,0.07882266978736326,0.167300480729263,0.07882266978736326,0.15,0.09487791506581827,,2857.4564952626656,2754.957002872875,2980.900127428547,2754.957002872875,2936.7204101562497,2795.956799828791,,0.03601071473788476,0.1105920923038555,0.8666666666666667,0.6,0.032572428093658616,0.06815264333358512,0.7333333333333333,0.7333333333333333,0.9333333333333333,0.7888888888888889,1.0,0.9333333333333333
2026-03-12,^TNX,target_best_entry,index,"baseline_qroll_a0.15_cal(+0.030,1.116)",False,0.15,0.02,0.98,-0.07557466339296337,0.14240283084586522,757,0.6762773990631104,False,-0.18,0.0,-0.18,-0.19000970860353106,-0.07070867682823452,-0.18,-0.07070867682823452,-0.11442520609694071,,3.4505601501464844,3.4084392945099933,3.9104580580651125,3.4505601501464844,3.9104580580651125,3.726498894897661,,0.037915254109159996,0.07108587352346739,0.9777777777777777,0.9777777777777777,0.022521416123927798,0.05224030678228537,0.9666666666666667,0.9666666666666667,1.0,1.0,1.0,0.9888888888888889
2026-03-12,^TNX,target_best_sale,index,"baseline_qroll_a0.88_cal(-0.026,0.893)",False,0.88,0.02,0.98,-0.10965312842370563,0.1101288094172918,757,0.6873874664306641,False,0.0,0.15,0.15,0.0644608711033348,0.2359102021018622,0.0644608711033348,0.15,0.09867652266200089,,4.839200210571288,4.47925154051144,5.200710356746553,4.47925154051144,4.839200210571288,4.62323100853538,,0.029089835272147615,0.05253112097190189,0.9777777777777777,0.9777777777777777,0.020082719039753175,0.06047282453403163,0.9111111111111111,0.9111111111111111,1.0,0.9888888888888889,0.9555555555555556,0.9444444444444444
2026-03-12,^TWII,target_best_entry,index,"baseline_ewmgauss_a0.18_cal(-0.019,0.700)",False,0.18,0.02,0.98,-0.1568019050000909,0.12922682141035566,757,13.15153956413269,False,-0.18,0.0,-0.10909872627555042,-0.23074159548576992,0.0,-0.18,0.0,-0.043639490510220175,,29918.121291222848,25833.12756343374,33581.859375,27537.124687500003,33581.859375,32116.36414148914,,0.10338392469125018,0.13877563532133427,1.0,0.7888888888888889,0.08673411219664083,0.11454127043597546,1.0,1.0,1.0,1.0,1.0,1.0
2026-03-12,^TWII,target_best_sale,index,"baseline_qroll_a0.92_cal(-0.008,0.739)",False,0.92,0.02,0.98,-0.08413086541983683,0.09428615416839559,757,0.500023365020752,False,0.0,0.15,0.12470067759118808,0.06685061916709113,0.18953371478872313,0.06685061916709113,0.15,0.08999064253672992,,37769.53999383449,35826.827467000934,39946.753931856256,35826.827467000934,38619.138281249994,36603.91247773435,,0.03399342208775673,0.11621072729380948,0.8444444444444444,0.5111111111111111,0.0635688490693654,0.13787088474755102,0.26666666666666666,0.23333333333333334,0.9111111111111111,0.8,0.4222222222222222,0.4444444444444444
2026-03-12,^TYX,target_best_entry,index,"baseline_qroll_a0.12_cal(+0.018,0.900)",False,0.12,0.02,0.98,-0.06963317360424577,0.12954342420326365,757,0.500023365020752,False,-0.18,0.0,-0.160818614305942,-0.19463645523125428,-0.0979049384547655,-0.18,-0.0979049384547655,-0.12307040879523609,,4.075903884675682,3.9116506355586003,4.381475600364959,3.982739896774292,4.381475600364959,4.259246914089248,,0.01432969047374056,0.02989391405768852,1.0,1.0,0.019593810111292315,0.04091291442946913,0.9111111111111111,0.9111111111111111,1.0,1.0,0.9111111111111111,0.9111111111111111
2026-03-12,^TYX,target_best_sale,index,"baseline_qroll_a0.88_cal(-0.009,0.766)",False,0.88,0.02,0.98,-0.1080272859334731,0.12885614328131292,757,0.7207176685333252,False,0.0,0.15,0.15,0.07437976485450608,0.2402006541280238,0.07437976485450608,0.15,0.10462785891270365,,5.585549855232238,5.218262382650029,6.02365442097714,5.218262382650029,5.585549855232238,5.365177371682913,,0.03191466962332088,0.06911200721277894,1.0,0.9666666666666667,0.016351899072862826,0.04191478952259386,1.0,1.0,1.0,1.0,1.0,1.0
2026-03-12,^VIX,target_best_entry,index,"baseline_qroll_a0.12_cal(-0.030,0.700)",False,0.12,0.02,0.98,-0.29795422323898396,0.16652577577135383,757,1.063295602798462,False,-0.18,0.0,-0.18,-0.47795422323898396,0.0,-0.18,0.0,-0.072,,19.86859962463379,12.649168931945827,24.229999542236328,19.86859962463379,24.229999542236328,22.485439575195315,,0.14306152112022488,0.29795422323898396,0.9888888888888889,0.16666666666666666,0.08812855559299013,0.24893726247689285,0.9888888888888889,0.28888888888888886,0.5777777777777777,0.37777777777777777,0.8222222222222222,0.6333333333333333
2026-03-12,^VIX,target_best_sale,index,"baseline_qroll_a0.88_cal(-0.030,1.093)",False,0.88,0.02,0.98,-0.11511342639195643,0.2690675485932572,757,1.1319186687469482,False,0.0,0.15,0.15,0.0,0.4190675485932572,0.0,0.15,0.06,,27.864499473571776,24.229999542236328,34.38400605281705,24.229999542236328,27.864499473571776,25.68379951477051,,0.1355546157908696,0.2690675485932572,0.8,0.3,0.2395569914930091,0.2690675485932572,0.4888888888888889,0.044444444444444446,0.5777777777777777,0.4444444444444444,0.1,0.08888888888888889
2026-03-12,^VVIX,target_best_entry,index,"baseline_qroll_a0.12_cal(-0.008,0.700)",False,0.12,0.02,0.98,-0.29795422323898396,0.12363072283567879,757,1.239210844039917,False,-0.18,0.0,-0.18,-0.47795422323898396,0.0,-0.18,0.0,-0.072,,100.44179824829102,63.94538608024676,122.48999786376953,100.44179824829102,122.48999786376953,113.67071801757812,,0.09437889697238945,0.24205632755601525,0.9222222222222223,0.5777777777777777,0.060826287524134576,0.17039502608130772,1.0,0.5222222222222223,0.8111111111111111,0.7555555555555555,0.9555555555555556,0.7666666666666667
2026-03-12,^VVIX,target_best_sale,index,"baseline_qroll_a0.88_cal(-0.008,0.891)",False,0.88,0.02,0.98,-0.062165760677671225,0.2690675485932572,757,1.2010674476623535,False,0.0,0.15,0.15,0.05410389473959189,0.4190675485932572,0.05410389473959189,0.15,0.09246233684375513,,140.86349754333494,129.11718381484377,173.82158099573272,129.11718381484377,140.86349754333494,133.81570930624025,,0.1509686771728586,0.2690675485932572,0.8,0.1,0.17395828603605004,0.2690675485932572,0.7444444444444445,0.05555555555555555,0.37777777777777777,0.23333333333333334,0.15555555555555556,0.08888888888888889
